date,region,category,revenue,orders,avg_order_value,return_rate,discount_pct,customer_satisfaction
2023-01-01,North,Electronics,6456.77,127,50.84,0.108,0.27,3.2
2023-01-01,South,Clothing,6448.13,120,53.73,0.05,0.18,4.1
2023-01-01,East,Books,6401.18,119,53.79,0.125,0.0,4.6
2023-01-01,West,Clothing,6044.21,102,59.26,0.048,0.23,3.2
2023-01-01,Central,Electronics,6293.85,121,52.02,0.115,0.16,4.9
2023-01-02,North,Sports,6695.08,127,52.72,0.135,0.11,3.4
2023-01-02,South,Clothing,6901.25,114,60.54,0.133,0.11,3.9
2023-01-02,East,Books,6688.15,108,61.93,0.047,0.08,4.9
2023-01-02,West,Clothing,6255.53,129,48.49,0.08,0.08,4.9
2023-01-02,Central,Books,6171.65,105,58.78,0.13,0.23,3.5
2023-01-03,North,Sports,6758.52,134,50.44,0.134,0.09,4.3
2023-01-03,South,Home,6554.95,123,53.29,0.039,0.04,4.5
2023-01-03,East,Books,6020.08,112,53.75,0.049,0.3,4.0
2023-01-03,West,Electronics,6382.03,136,46.93,0.04,0.05,4.4
2023-01-03,Central,Books,6259.54,109,57.43,0.146,0.26,3.0
2023-01-04,North,Sports,6335.57,106,59.77,0.118,0.23,3.7
2023-01-04,South,Books,6456.42,143,45.15,0.146,0.23,4.0
2023-01-04,East,Sports,6673.44,141,47.33,0.099,0.05,4.5
2023-01-04,West,Electronics,21885.57,160,136.78,0.035,0.11,5.0
2023-01-04,Central,Clothing,6376.35,104,61.31,0.134,0.28,3.2
2023-01-05,North,Clothing,6392.07,106,60.3,0.106,0.28,3.3
2023-01-05,South,Clothing,6515.24,117,55.69,0.141,0.23,4.4
2023-01-05,East,Sports,6435.41,110,58.5,0.079,0.07,3.1
2023-01-05,West,Sports,6210.69,136,45.67,0.049,0.02,4.3
2023-01-05,Central,Clothing,6591.21,105,62.77,0.056,0.15,4.1
2023-01-06,North,Sports,7152.4,120,59.6,0.081,0.24,4.6
2023-01-06,South,Home,6556.11,122,53.74,0.132,0.02,4.3
2023-01-06,East,Books,6632.65,114,58.18,0.124,0.03,3.4
2023-01-06,West,Electronics,6345.95,130,48.81,0.078,0.26,4.1
2023-01-06,Central,Electronics,6469.3,140,46.21,0.146,0.28,4.7
2023-01-07,North,Electronics,6681.51,135,49.49,0.041,0.0,3.8
2023-01-07,South,Books,6807.08,107,63.62,0.075,0.29,5.0
2023-01-07,East,Electronics,6059.29,125,48.47,0.095,0.16,4.5
2023-01-07,West,Sports,6343.92,137,46.31,0.14,0.16,3.1
2023-01-07,Central,Clothing,5922.84,127,46.64,0.072,0.28,4.1
2023-01-08,North,Electronics,6480.39,114,56.85,0.074,0.18,4.0
2023-01-08,South,Home,6695.16,112,59.78,0.037,0.19,3.9
2023-01-08,East,Electronics,6428.31,101,63.65,0.08,0.3,5.0
2023-01-08,West,Electronics,6695.29,133,50.34,0.134,0.11,3.3
2023-01-08,Central,Sports,6601.47,107,61.7,0.148,0.24,4.1
2023-01-09,North,Clothing,6322.22,99,63.86,0.054,0.27,4.5
2023-01-09,South,Clothing,6178.64,128,48.27,0.113,0.06,4.3
2023-01-09,East,Electronics,6480.02,102,63.53,0.102,0.25,3.1
2023-01-09,West,Books,6856.56,132,51.94,0.041,0.13,4.4
2023-01-09,Central,Clothing,6374.94,99,64.39,0.091,0.25,4.2
2023-01-10,North,Books,6457.25,134,48.19,0.067,0.28,4.9
2023-01-10,South,Books,6785.33,115,59.0,0.121,0.27,3.8
2023-01-10,East,Clothing,6581.85,114,57.74,0.132,0.29,4.6
2023-01-10,West,Home,6561.22,109,60.19,0.124,0.26,4.6
2023-01-10,Central,Electronics,6466.24,128,50.52,0.07,0.01,3.9
2023-01-11,North,Clothing,6722.41,129,52.11,0.049,0.2,3.8
2023-01-11,South,Books,7151.39,141,50.72,0.066,0.15,4.4
2023-01-11,East,Books,6662.49,146,45.63,0.043,0.29,3.5
2023-01-11,West,Books,6289.33,133,47.29,0.077,0.3,3.2
2023-01-11,Central,Sports,6670.37,145,46.0,0.14,0.16,4.4
2023-01-12,North,Books,6399.45,106,60.37,0.076,0.28,4.8
2023-01-12,South,Sports,6197.79,130,47.68,0.06,0.12,3.8
2023-01-12,East,Home,6205.05,121,51.28,0.106,0.11,4.5
2023-01-12,West,Books,6693.29,125,53.55,0.057,0.13,4.2
2023-01-12,Central,Home,6860.21,118,58.14,0.108,0.15,4.6
2023-01-13,North,Sports,6989.83,120,58.25,0.064,0.25,4.5
2023-01-13,South,Clothing,6393.5,109,58.66,0.039,0.01,5.0
2023-01-13,East,Sports,6122.97,113,54.19,0.045,0.21,4.0
2023-01-13,West,Electronics,6185.48,124,49.88,0.136,0.26,4.8
2023-01-13,Central,Home,6553.2,107,61.24,0.027,0.07,4.7
2023-01-14,North,Sports,6309.57,116,54.39,0.148,0.18,4.9
2023-01-14,South,Sports,6837.77,115,59.46,0.078,0.05,4.7
2023-01-14,East,Books,6256.56,115,54.4,0.12,0.16,4.3
2023-01-14,West,Books,6498.52,128,50.77,0.136,0.02,3.3
2023-01-14,Central,Clothing,6636.12,126,52.67,0.028,0.12,4.1
2023-01-15,North,Sports,6342.09,118,53.75,0.143,0.01,4.8
2023-01-15,South,Books,6621.48,117,56.59,0.059,0.12,4.8
2023-01-15,East,Clothing,6709.69,112,59.91,0.083,0.08,4.0
2023-01-15,West,Home,6198.25,117,52.98,0.114,0.25,4.8
2023-01-15,Central,Electronics,6886.46,109,63.18,0.031,0.13,4.7
2023-01-16,North,Books,6474.89,133,48.68,0.048,0.1,4.5
2023-01-16,South,Electronics,6156.38,99,62.19,0.081,0.22,3.1
2023-01-16,East,Electronics,6864.64,107,64.16,0.122,0.2,4.5
2023-01-16,West,Clothing,6709.8,147,45.64,0.082,0.03,4.9
2023-01-16,Central,Books,6457.41,118,54.72,0.042,0.18,4.5
2023-01-17,North,Electronics,6938.35,107,64.84,0.141,0.17,4.8
2023-01-17,South,Clothing,6886.77,131,52.57,0.03,0.21,4.3
2023-01-17,East,Electronics,6934.99,111,62.48,0.124,0.17,3.1
2023-01-17,West,Electronics,6829.4,122,55.98,0.086,0.1,4.7
2023-01-17,Central,Home,6583.2,102,64.54,0.112,0.13,4.5
2023-01-18,North,Sports,6395.01,99,64.6,0.121,0.14,4.7
2023-01-18,South,Books,6301.11,126,50.01,0.135,0.07,3.9
2023-01-18,East,Electronics,6377.06,111,57.45,0.084,0.1,4.0
2023-01-18,West,Books,6380.36,126,50.64,0.092,0.15,3.4
2023-01-18,Central,Sports,6705.75,134,50.04,0.119,0.21,4.3
2023-01-19,North,Clothing,5992.12,127,47.18,0.06,0.17,3.9
2023-01-19,South,Sports,6554.32,117,56.02,0.063,0.21,3.5
2023-01-19,East,Sports,6522.29,133,49.04,0.144,0.21,3.4
2023-01-19,West,Sports,6675.76,111,60.14,0.147,0.16,3.6
2023-01-19,Central,Electronics,6682.7,134,49.87,0.112,0.04,3.1
2023-01-20,North,Clothing,6641.32,144,46.12,0.103,0.23,3.2
2023-01-20,South,Electronics,6769.61,124,54.59,0.053,0.26,3.2
2023-01-20,East,Sports,6543.84,141,46.41,0.102,0.02,3.3
2023-01-20,West,Home,6289.26,96,65.51,0.099,0.24,3.5
2023-01-20,Central,Home,6426.73,115,55.88,0.059,0.18,3.9
2023-01-21,North,Clothing,6430.19,100,64.3,0.101,0.08,3.2
2023-01-21,South,Clothing,6482.06,130,49.86,0.02,0.14,4.2
2023-01-21,East,Home,6470.45,109,59.36,0.029,0.07,3.5
2023-01-21,West,Clothing,6736.68,110,61.24,0.075,0.16,4.3
2023-01-21,Central,Books,6997.42,150,46.65,0.097,0.25,4.8
2023-01-22,North,Books,6221.92,115,54.1,0.111,0.28,4.0
2023-01-22,South,Books,6404.8,139,46.08,0.098,0.01,3.5
2023-01-22,East,Sports,6532.36,111,58.85,0.144,0.3,4.3
2023-01-22,West,Home,6517.06,108,60.34,0.139,0.05,4.2
2023-01-22,Central,Electronics,6612.9,114,58.01,0.081,0.12,3.6
2023-01-23,North,Home,6669.53,125,53.36,0.126,0.17,3.9
2023-01-23,South,Home,6637.41,129,51.45,0.132,0.25,3.0
2023-01-23,East,Sports,6756.57,146,46.28,0.118,0.19,4.5
2023-01-23,West,Books,6284.48,128,49.1,0.077,0.21,3.2
2023-01-23,Central,Sports,6934.1,139,49.89,0.022,0.12,3.4
2023-01-24,North,Electronics,6461.17,104,62.13,0.104,0.05,4.9
2023-01-24,South,Home,6408.24,120,53.4,0.052,0.17,3.8
2023-01-24,East,Clothing,6983.1,110,63.48,0.132,0.08,4.6
2023-01-24,West,Books,5927.84,107,55.4,0.114,0.25,4.2
2023-01-24,Central,Home,6886.72,118,58.36,0.09,0.1,4.1
2023-01-25,North,Clothing,6213.03,120,51.78,0.094,0.07,4.6
2023-01-25,South,Home,6442.38,140,46.02,0.07,0.2,4.6
2023-01-25,East,Sports,6879.81,150,45.87,0.063,0.03,4.7
2023-01-25,West,Electronics,6489.32,138,47.02,0.114,0.12,4.3
2023-01-25,Central,Home,6722.5,104,64.64,0.104,0.26,4.7
2023-01-26,North,Books,6811.44,109,62.49,0.101,0.27,4.0
2023-01-26,South,Books,6130.66,123,49.84,0.15,0.22,3.9
2023-01-26,East,Electronics,6426.82,136,47.26,0.078,0.21,4.8
2023-01-26,West,Clothing,7045.67,138,51.06,0.052,0.12,4.4
2023-01-26,Central,Sports,6685.29,137,48.8,0.133,0.19,3.5
2023-01-27,North,Books,6676.48,123,54.28,0.107,0.27,3.9
2023-01-27,South,Electronics,6447.31,127,50.77,0.077,0.1,4.2
2023-01-27,East,Clothing,6331.56,126,50.25,0.15,0.26,3.2
2023-01-27,West,Books,6292.56,119,52.88,0.149,0.09,5.0
2023-01-27,Central,Electronics,6403.11,113,56.66,0.138,0.22,4.7
2023-01-28,North,Clothing,6333.98,100,63.34,0.099,0.11,4.3
2023-01-28,South,Clothing,6208.06,104,59.69,0.102,0.27,4.3
2023-01-28,East,Sports,6224.54,121,51.44,0.067,0.04,4.8
2023-01-28,West,Books,6391.31,130,49.16,0.089,0.27,4.7
2023-01-28,Central,Home,6810.92,135,50.45,0.146,0.09,4.7
2023-01-29,North,Clothing,6649.45,142,46.83,0.132,0.22,5.0
2023-01-29,South,Books,6218.93,96,64.78,0.032,0.12,3.5
2023-01-29,East,Home,6741.98,112,60.2,0.127,0.28,3.2
2023-01-29,West,Sports,6738.37,135,49.91,0.063,0.18,4.3
2023-01-29,Central,Electronics,6315.74,107,59.03,0.038,0.28,3.6
2023-01-30,North,Sports,6286.09,114,55.14,0.038,0.14,4.3
2023-01-30,South,Clothing,6506.84,121,53.78,0.135,0.2,4.7
2023-01-30,East,Books,5813.97,101,57.56,0.024,0.11,3.9
2023-01-30,West,Sports,7099.86,151,47.02,0.137,0.19,3.1
2023-01-30,Central,Home,6357.7,125,50.86,0.032,0.06,4.3
2023-01-31,North,Sports,6634.45,128,51.83,0.047,0.25,4.1
2023-01-31,South,Clothing,6521.92,114,57.21,0.063,0.04,4.8
2023-01-31,East,Books,7132.47,148,48.19,0.124,0.03,4.7
2023-01-31,West,Clothing,6549.95,137,47.81,0.097,0.0,3.5
2023-01-31,Central,Home,6758.67,142,47.6,0.121,0.15,3.2
2023-02-01,North,Electronics,6764.89,122,55.45,0.115,0.27,4.3
2023-02-01,South,Home,6403.39,140,45.74,0.075,0.03,4.4
2023-02-01,East,Books,6949.01,128,54.29,0.099,0.02,3.6
2023-02-01,West,Sports,6287.14,122,51.53,0.058,0.15,3.9
2023-02-01,Central,Sports,6260.01,102,61.37,0.114,0.06,3.9
2023-02-02,North,Electronics,6578.78,121,54.37,0.061,0.09,3.5
2023-02-02,South,Home,6812.47,106,64.27,0.029,0.25,3.2
2023-02-02,East,Sports,6945.84,113,61.47,0.144,0.17,4.3
2023-02-02,West,Home,6822.3,128,53.3,0.133,0.22,4.9
2023-02-02,Central,Home,6316.49,111,56.91,0.049,0.03,4.7
2023-02-03,North,Sports,6378.58,121,52.72,0.049,0.13,4.1
2023-02-03,South,Sports,6589.05,112,58.83,0.141,0.25,3.5
2023-02-03,East,Books,6127.52,126,48.63,0.14,0.11,3.4
2023-02-03,West,Electronics,6816.23,146,46.69,0.032,0.16,3.8
2023-02-03,Central,Books,6887.28,127,54.23,0.114,0.23,4.1
2023-02-04,North,Electronics,6629.54,137,48.39,0.055,0.2,4.0
2023-02-04,South,Sports,6594.82,122,54.06,0.035,0.13,3.6
2023-02-04,East,Home,6394.15,109,58.66,0.148,0.02,3.4
2023-02-04,West,Books,6232.59,97,64.25,0.058,0.04,4.0
2023-02-04,Central,Sports,6401.58,115,55.67,0.128,0.24,3.1
2023-02-05,North,Electronics,6612.54,106,62.38,0.08,0.02,3.6
2023-02-05,South,Home,6270.18,108,58.06,0.023,0.1,4.6
2023-02-05,East,Books,6677.23,116,57.56,0.031,0.25,3.5
2023-02-05,West,Books,6235.95,117,53.3,0.049,0.23,3.2
2023-02-05,Central,Clothing,6352.28,110,57.75,0.138,0.1,4.5
2023-02-06,North,Clothing,6778.63,136,49.84,0.043,0.05,4.5
2023-02-06,South,Home,6047.02,130,46.52,0.08,0.17,4.2
2023-02-06,East,Books,6287.16,108,58.21,0.132,0.19,3.3
2023-02-06,West,Books,5984.15,129,46.39,0.124,0.18,3.7
2023-02-06,Central,Books,6845.54,149,45.94,0.03,0.26,4.7
2023-02-07,North,Home,6698.65,116,57.75,0.095,0.29,4.5
2023-02-07,South,Sports,7183.79,127,56.57,0.082,0.05,3.1
2023-02-07,East,Books,6716.03,142,47.3,0.148,0.03,4.3
2023-02-07,West,Sports,7004.89,108,64.86,0.041,0.11,3.6
2023-02-07,Central,Sports,6663.12,125,53.3,0.027,0.19,3.7
2023-02-08,North,Sports,6365.87,120,53.05,0.134,0.1,4.2
2023-02-08,South,Home,6886.16,143,48.15,0.037,0.21,3.2
2023-02-08,East,Sports,6148.2,119,51.67,0.032,0.2,4.0
2023-02-08,West,Clothing,6393.99,140,45.67,0.064,0.23,3.4
2023-02-08,Central,Sports,6723.97,132,50.94,0.12,0.25,4.8
2023-02-09,North,Sports,6551.17,143,45.81,0.037,0.11,3.3
2023-02-09,South,Home,6803.19,111,61.29,0.026,0.11,4.4
2023-02-09,East,Home,6101.86,94,64.91,0.05,0.07,4.9
2023-02-09,West,Sports,6690.36,136,49.19,0.148,0.14,3.6
2023-02-09,Central,Clothing,5916.85,112,52.83,0.126,0.24,3.3
2023-02-10,North,Electronics,6552.5,104,63.0,0.112,0.15,3.2
2023-02-10,South,Home,6982.03,149,46.86,0.138,0.04,3.9
2023-02-10,East,Electronics,6753.16,125,54.03,0.074,0.12,3.7
2023-02-10,West,Clothing,6482.28,122,53.13,0.024,0.28,4.7
2023-02-10,Central,Home,6240.21,130,48.0,0.11,0.04,4.4
2023-02-11,North,Books,19343.0,169,114.46,0.048,0.04,4.9
2023-02-11,South,Electronics,6309.9,104,60.67,0.026,0.13,4.6
2023-02-11,East,Home,6354.91,117,54.32,0.098,0.0,4.0
2023-02-11,West,Clothing,6562.28,122,53.79,0.094,0.06,4.3
2023-02-11,Central,Sports,6720.64,121,55.54,0.091,0.24,4.0
2023-02-12,North,Books,7160.01,156,45.9,0.053,0.0,4.6
2023-02-12,South,Electronics,6632.84,127,52.23,0.12,0.22,3.7
2023-02-12,East,Home,6917.62,112,61.76,0.148,0.14,3.4
2023-02-12,West,Home,6658.81,139,47.91,0.025,0.06,4.6
2023-02-12,Central,Sports,6751.97,131,51.54,0.082,0.01,4.3
2023-02-13,North,Electronics,6384.65,125,51.08,0.133,0.1,3.2
2023-02-13,South,Home,6131.16,102,60.11,0.064,0.06,4.4
2023-02-13,East,Books,7020.78,134,52.39,0.124,0.22,3.2
2023-02-13,West,Electronics,6110.37,109,56.06,0.063,0.09,3.9
2023-02-13,Central,Home,6221.73,104,59.82,0.066,0.01,4.7
2023-02-14,North,Electronics,5918.42,117,50.58,0.03,0.19,3.7
2023-02-14,South,Electronics,7408.62,121,61.23,0.039,0.18,4.6
2023-02-14,East,Home,6667.03,110,60.61,0.143,0.01,3.3
2023-02-14,West,Home,6582.04,121,54.4,0.119,0.17,4.1
2023-02-14,Central,Clothing,6209.47,124,50.08,0.085,0.12,4.1
2023-02-15,North,Home,6818.76,135,50.51,0.048,0.18,4.4
2023-02-15,South,Clothing,6759.58,141,47.94,0.137,0.13,3.2
2023-02-15,East,Books,6557.35,111,59.08,0.107,0.21,4.1
2023-02-15,West,Clothing,6495.51,134,48.47,0.123,0.15,3.2
2023-02-15,Central,Home,6804.33,138,49.31,0.023,0.17,3.7
2023-02-16,North,Books,6686.09,116,57.64,0.072,0.22,4.0
2023-02-16,South,Sports,6201.79,116,53.46,0.03,0.29,4.3
2023-02-16,East,Sports,6129.63,118,51.95,0.103,0.05,4.9
2023-02-16,West,Electronics,6700.42,124,54.04,0.128,0.16,3.6
2023-02-16,Central,Sports,6928.61,139,49.85,0.136,0.25,3.5
2023-02-17,North,Clothing,7158.1,124,57.73,0.101,0.18,3.2
2023-02-17,South,Sports,6307.64,111,56.83,0.114,0.18,4.7
2023-02-17,East,Electronics,6250.68,111,56.31,0.031,0.28,4.5
2023-02-17,West,Electronics,6542.72,115,56.89,0.085,0.19,3.6
2023-02-17,Central,Home,6767.26,105,64.45,0.059,0.02,3.1
2023-02-18,North,Books,6242.34,127,49.15,0.132,0.1,5.0
2023-02-18,South,Books,6690.9,128,52.27,0.087,0.03,3.5
2023-02-18,East,Home,6798.41,142,47.88,0.132,0.13,4.9
2023-02-18,West,Sports,6791.19,107,63.47,0.114,0.06,3.3
2023-02-18,Central,Electronics,6899.36,110,62.72,0.143,0.15,4.9
2023-02-19,North,Electronics,6555.81,132,49.67,0.057,0.18,4.7
2023-02-19,South,Clothing,6449.19,142,45.42,0.135,0.22,4.5
2023-02-19,East,Sports,6346.8,121,52.45,0.093,0.11,3.6
2023-02-19,West,Sports,6316.3,112,56.4,0.108,0.04,5.0
2023-02-19,Central,Books,6779.29,128,52.96,0.093,0.11,3.3
2023-02-20,North,Books,6322.56,138,45.82,0.125,0.16,3.3
2023-02-20,South,Sports,6383.22,101,63.2,0.061,0.12,4.2
2023-02-20,East,Home,6786.92,123,55.18,0.112,0.09,4.6
2023-02-20,West,Home,6229.24,118,52.79,0.096,0.24,4.5
2023-02-20,Central,Sports,6539.18,120,54.49,0.095,0.22,4.2
2023-02-21,North,Sports,6502.44,134,48.53,0.121,0.11,4.6
2023-02-21,South,Home,6586.12,111,59.33,0.061,0.05,4.4
2023-02-21,East,Home,6957.63,130,53.52,0.133,0.22,3.1
2023-02-21,West,Sports,6699.2,130,51.53,0.069,0.29,3.9
2023-02-21,Central,Books,6722.95,120,56.02,0.099,0.06,3.5
2023-02-22,North,Books,6368.24,98,64.98,0.112,0.21,4.0
2023-02-22,South,Books,6491.84,118,55.02,0.057,0.17,4.1
2023-02-22,East,Clothing,6806.6,131,51.96,0.058,0.09,4.4
2023-02-22,West,Books,6385.21,122,52.34,0.117,0.06,4.7
2023-02-22,Central,Sports,6517.23,129,50.52,0.051,0.02,4.8
2023-02-23,North,Electronics,6951.68,140,49.65,0.074,0.22,3.2
2023-02-23,South,Home,6573.56,117,56.18,0.105,0.26,4.0
2023-02-23,East,Books,6539.26,112,58.39,0.062,0.19,4.8
2023-02-23,West,Electronics,6901.25,123,56.11,0.139,0.05,4.8
2023-02-23,Central,Home,6778.49,139,48.77,0.122,0.06,4.5
2023-02-24,North,Sports,6743.26,147,45.87,0.034,0.29,3.6
2023-02-24,South,Home,6392.55,98,65.23,0.136,0.04,4.0
2023-02-24,East,Books,6492.85,125,51.94,0.113,0.0,3.7
2023-02-24,West,Clothing,7111.0,139,51.16,0.043,0.26,4.8
2023-02-24,Central,Clothing,6738.81,144,46.8,0.148,0.14,4.9
2023-02-25,North,Home,6252.58,138,45.31,0.118,0.29,3.6
2023-02-25,South,Electronics,6564.49,113,58.09,0.107,0.14,3.3
2023-02-25,East,Books,6527.36,111,58.81,0.11,0.19,4.9
2023-02-25,West,Home,6429.52,100,64.3,0.117,0.18,3.8
2023-02-25,Central,Sports,6728.92,120,56.07,0.124,0.25,4.5
2023-02-26,North,Sports,6402.37,105,60.97,0.111,0.02,4.1
2023-02-26,South,Sports,6207.77,134,46.33,0.046,0.16,3.3
2023-02-26,East,Home,6771.25,115,58.88,0.032,0.15,4.6
2023-02-26,West,Home,6316.89,116,54.46,0.093,0.17,4.3
2023-02-26,Central,Electronics,22508.01,195,115.43,0.026,0.1,3.1
2023-02-27,North,Electronics,6633.62,102,65.04,0.148,0.14,3.6
2023-02-27,South,Home,6643.76,114,58.28,0.069,0.27,3.9
2023-02-27,East,Electronics,6721.26,106,63.41,0.109,0.2,4.1
2023-02-27,West,Sports,6416.83,132,48.61,0.037,0.29,4.7
2023-02-27,Central,Home,6346.88,105,60.45,0.108,0.16,4.1
2023-02-28,North,Electronics,6676.77,128,52.16,0.024,0.2,4.2
2023-02-28,South,Clothing,6373.51,100,63.74,0.047,0.03,3.1
2023-02-28,East,Home,6194.01,134,46.22,0.077,0.16,4.5
2023-02-28,West,Books,6306.56,104,60.64,0.05,0.27,4.2
2023-02-28,Central,Clothing,6119.84,99,61.82,0.148,0.16,3.8
2023-03-01,North,Sports,6335.95,125,50.69,0.134,0.27,4.3
2023-03-01,South,Home,6262.54,97,64.56,0.122,0.1,3.8
2023-03-01,East,Sports,6732.46,140,48.09,0.082,0.25,3.6
2023-03-01,West,Home,6434.39,101,63.71,0.092,0.04,3.5
2023-03-01,Central,Home,6053.52,123,49.22,0.13,0.03,4.4
2023-03-02,North,Electronics,6665.42,113,58.99,0.044,0.23,4.4
2023-03-02,South,Books,6799.58,121,56.19,0.059,0.27,3.4
2023-03-02,East,Clothing,6760.35,112,60.36,0.11,0.21,3.8
2023-03-02,West,Books,7037.6,141,49.91,0.069,0.16,3.7
2023-03-02,Central,Home,6552.65,119,55.06,0.119,0.1,3.4
2023-03-03,North,Clothing,6938.91,135,51.4,0.116,0.0,4.1
2023-03-03,South,Clothing,6166.58,121,50.96,0.069,0.25,4.0
2023-03-03,East,Books,6338.92,109,58.16,0.119,0.15,4.4
2023-03-03,West,Clothing,6558.29,109,60.17,0.114,0.15,4.8
2023-03-03,Central,Electronics,6247.34,111,56.28,0.088,0.25,3.1
2023-03-04,North,Clothing,6620.6,146,45.35,0.029,0.05,3.4
2023-03-04,South,Sports,6495.28,120,54.13,0.139,0.2,3.0
2023-03-04,East,Sports,6278.86,138,45.5,0.147,0.01,4.6
2023-03-04,West,Clothing,6519.31,111,58.73,0.034,0.03,3.3
2023-03-04,Central,Home,6712.28,109,61.58,0.03,0.29,3.9
2023-03-05,North,Books,6925.37,138,50.18,0.109,0.25,4.3
2023-03-05,South,Sports,6901.19,147,46.95,0.082,0.19,4.4
2023-03-05,East,Books,6188.83,132,46.89,0.094,0.26,3.2
2023-03-05,West,Sports,6495.62,131,49.58,0.082,0.01,3.1
2023-03-05,Central,Sports,6567.13,103,63.76,0.106,0.05,4.7
2023-03-06,North,Home,6787.44,141,48.14,0.141,0.09,4.1
2023-03-06,South,Sports,6604.1,117,56.45,0.063,0.23,3.3
2023-03-06,East,Electronics,7064.24,128,55.19,0.033,0.07,3.2
2023-03-06,West,Sports,6549.19,114,57.45,0.072,0.23,3.1
2023-03-06,Central,Home,6446.8,117,55.1,0.076,0.2,4.3
2023-03-07,North,Clothing,7514.82,160,46.97,0.113,0.02,3.3
2023-03-07,South,Electronics,6483.91,108,60.04,0.032,0.28,3.9
2023-03-07,East,Electronics,6172.31,102,60.51,0.044,0.13,4.1
2023-03-07,West,Sports,6527.35,125,52.22,0.122,0.26,3.0
2023-03-07,Central,Sports,6623.13,124,53.41,0.138,0.29,4.1
2023-03-08,North,Home,6728.81,140,48.06,0.039,0.05,3.6
2023-03-08,South,Books,6843.64,134,51.07,0.053,0.07,4.3
2023-03-08,East,Home,6422.13,136,47.22,0.063,0.19,4.6
2023-03-08,West,Sports,6476.63,125,51.81,0.038,0.1,4.9
2023-03-08,Central,Books,6665.83,103,64.72,0.116,0.19,4.9
2023-03-09,North,Books,6836.18,112,61.04,0.126,0.12,3.2
2023-03-09,South,Sports,6218.03,111,56.02,0.023,0.22,4.9
2023-03-09,East,Electronics,6431.04,130,49.47,0.126,0.24,3.8
2023-03-09,West,Home,6163.0,123,50.11,0.123,0.02,5.0
2023-03-09,Central,Sports,6589.82,120,54.92,0.14,0.26,3.8
2023-03-10,North,Sports,7356.98,124,59.33,0.103,0.03,4.5
2023-03-10,South,Sports,6769.84,116,58.36,0.026,0.3,4.4
2023-03-10,East,Electronics,6184.28,96,64.42,0.033,0.07,4.5
2023-03-10,West,Clothing,6885.0,122,56.43,0.078,0.12,4.5
2023-03-10,Central,Electronics,6289.17,121,51.98,0.058,0.28,3.2
2023-03-11,North,Books,6403.84,103,62.17,0.061,0.14,3.4
2023-03-11,South,Books,6251.39,116,53.89,0.029,0.01,4.4
2023-03-11,East,Electronics,6627.11,145,45.7,0.108,0.05,5.0
2023-03-11,West,Home,6597.69,136,48.51,0.05,0.12,3.4
2023-03-11,Central,Electronics,6776.21,117,57.92,0.116,0.26,3.9
2023-03-12,North,Electronics,6566.29,133,49.37,0.095,0.24,4.1
2023-03-12,South,Electronics,6604.03,126,52.41,0.054,0.26,4.1
2023-03-12,East,Books,6332.35,110,57.57,0.066,0.14,3.3
2023-03-12,West,Sports,6281.71,107,58.71,0.097,0.2,3.6
2023-03-12,Central,Home,6602.63,125,52.82,0.074,0.04,3.8
2023-03-13,North,Clothing,6742.45,138,48.86,0.092,0.15,3.3
2023-03-13,South,Electronics,6463.52,140,46.17,0.083,0.06,3.8
2023-03-13,East,Home,6895.07,122,56.52,0.109,0.12,4.7
2023-03-13,West,Books,6468.89,141,45.88,0.024,0.07,3.6
2023-03-13,Central,Home,6602.05,108,61.13,0.091,0.03,3.2
2023-03-14,North,Electronics,6682.29,127,52.62,0.119,0.13,3.4
2023-03-14,South,Clothing,6042.91,112,53.95,0.059,0.3,3.9
2023-03-14,East,Clothing,6273.69,116,54.08,0.047,0.22,4.4
2023-03-14,West,Home,7044.51,113,62.34,0.042,0.04,3.4
2023-03-14,Central,Sports,6622.57,127,52.15,0.042,0.29,3.6
2023-03-15,North,Sports,6696.97,118,56.75,0.148,0.2,3.2
2023-03-15,South,Clothing,7108.05,112,63.46,0.111,0.04,3.3
2023-03-15,East,Home,6473.79,125,51.79,0.084,0.17,3.5
2023-03-15,West,Electronics,6313.44,109,57.92,0.072,0.22,4.4
2023-03-15,Central,Home,6764.7,108,62.64,0.063,0.0,4.5
2023-03-16,North,Books,6544.48,120,54.54,0.131,0.24,3.8
2023-03-16,South,Home,6113.9,94,65.04,0.055,0.25,3.7
2023-03-16,East,Electronics,6255.01,114,54.87,0.026,0.19,4.7
2023-03-16,West,Clothing,6414.8,141,45.5,0.077,0.0,4.9
2023-03-16,Central,Clothing,6732.39,141,47.75,0.134,0.26,3.2
2023-03-17,North,Clothing,7036.3,134,52.51,0.027,0.19,4.5
2023-03-17,South,Clothing,6608.9,141,46.87,0.082,0.04,3.5
2023-03-17,East,Electronics,27580.75,160,172.38,0.148,0.13,3.3
2023-03-17,West,Books,6864.6,115,59.69,0.068,0.09,3.8
2023-03-17,Central,Clothing,6725.39,109,61.7,0.029,0.17,4.2
2023-03-18,North,Home,6743.15,136,49.58,0.1,0.13,3.4
2023-03-18,South,Electronics,6839.17,108,63.33,0.097,0.12,4.9
2023-03-18,East,Sports,6534.85,129,50.66,0.098,0.22,3.6
2023-03-18,West,Books,6751.09,105,64.3,0.047,0.18,3.4
2023-03-18,Central,Clothing,6263.55,103,60.81,0.084,0.03,4.0
2023-03-19,North,Electronics,6873.05,120,57.28,0.148,0.28,3.3
2023-03-19,South,Home,6850.5,130,52.7,0.144,0.23,3.0
2023-03-19,East,Electronics,6302.71,135,46.69,0.14,0.28,3.8
2023-03-19,West,Home,6493.42,107,60.69,0.031,0.16,4.2
2023-03-19,Central,Sports,7062.46,139,50.81,0.14,0.29,3.3
2023-03-20,North,Electronics,6417.51,106,60.54,0.06,0.13,4.9
2023-03-20,South,Home,6955.59,139,50.04,0.035,0.18,3.1
2023-03-20,East,Electronics,20894.9,196,106.61,0.041,0.29,4.0
2023-03-20,West,Clothing,6222.59,102,61.01,0.068,0.22,4.7
2023-03-20,Central,Home,6586.31,104,63.33,0.055,0.02,4.4
2023-03-21,North,Home,6454.2,114,56.62,0.086,0.02,4.7
2023-03-21,South,Electronics,6691.27,110,60.83,0.05,0.15,3.1
2023-03-21,East,Home,6755.84,108,62.55,0.067,0.28,3.4
2023-03-21,West,Home,6681.73,109,61.3,0.049,0.07,4.8
2023-03-21,Central,Sports,6583.86,128,51.44,0.068,0.15,4.8
2023-03-22,North,Electronics,6837.77,105,65.12,0.134,0.26,4.5
2023-03-22,South,Home,7094.39,138,51.41,0.021,0.06,4.1
2023-03-22,East,Home,6465.84,119,54.33,0.15,0.23,4.5
2023-03-22,West,Clothing,7000.1,125,56.0,0.021,0.12,3.5
2023-03-22,Central,Electronics,6278.2,100,62.78,0.119,0.11,4.5
2023-03-23,North,Clothing,7078.11,138,51.29,0.075,0.29,4.9
2023-03-23,South,Sports,6758.47,147,45.98,0.074,0.27,3.9
2023-03-23,East,Sports,6795.92,113,60.14,0.037,0.25,3.1
2023-03-23,West,Books,6314.44,98,64.43,0.131,0.28,3.8
2023-03-23,Central,Home,6473.83,105,61.66,0.055,0.02,3.4
2023-03-24,North,Home,6682.02,138,48.42,0.061,0.04,3.7
2023-03-24,South,Home,6216.95,102,60.95,0.054,0.04,3.3
2023-03-24,East,Books,6388.11,108,59.15,0.039,0.21,4.9
2023-03-24,West,Books,6090.96,115,52.96,0.054,0.3,3.1
2023-03-24,Central,Home,6336.13,105,60.34,0.033,0.24,3.2
2023-03-25,North,Clothing,6795.0,146,46.54,0.037,0.25,3.7
2023-03-25,South,Electronics,6314.12,111,56.88,0.023,0.02,4.8
2023-03-25,East,Books,6293.81,116,54.26,0.036,0.28,3.1
2023-03-25,West,Home,6892.98,115,59.94,0.109,0.05,3.4
2023-03-25,Central,Clothing,6462.29,132,48.96,0.025,0.19,3.5
2023-03-26,North,Books,6523.82,116,56.24,0.07,0.13,4.3
2023-03-26,South,Sports,6907.11,113,61.12,0.123,0.3,4.6
2023-03-26,East,Sports,6372.07,116,54.93,0.062,0.08,3.1
2023-03-26,West,Books,6901.5,121,57.04,0.028,0.3,4.1
2023-03-26,Central,Clothing,6735.74,104,64.77,0.055,0.24,4.8
2023-03-27,North,Clothing,5430.4,117,46.41,0.095,0.29,3.8
2023-03-27,South,Books,7462.69,153,48.78,0.125,0.21,4.8
2023-03-27,East,Sports,6244.59,137,45.58,0.093,0.17,3.4
2023-03-27,West,Home,7229.59,131,55.19,0.025,0.02,4.2
2023-03-27,Central,Books,6564.93,144,45.59,0.139,0.06,3.3
2023-03-28,North,Electronics,6474.25,104,62.25,0.039,0.21,3.3
2023-03-28,South,Books,5955.11,126,47.26,0.145,0.11,4.9
2023-03-28,East,Clothing,6503.18,127,51.21,0.115,0.13,4.3
2023-03-28,West,Sports,6697.35,122,54.9,0.11,0.28,4.6
2023-03-28,Central,Books,6679.85,137,48.76,0.037,0.22,4.9
2023-03-29,North,Sports,7008.6,109,64.3,0.024,0.18,4.8
2023-03-29,South,Clothing,6821.78,121,56.38,0.063,0.02,3.7
2023-03-29,East,Electronics,6571.27,127,51.74,0.127,0.2,4.5
2023-03-29,West,Books,6590.91,133,49.56,0.053,0.03,3.0
2023-03-29,Central,Clothing,6653.2,126,52.8,0.135,0.15,3.8
2023-03-30,North,Clothing,6482.54,118,54.94,0.041,0.02,4.7
2023-03-30,South,Electronics,6575.96,129,50.98,0.03,0.05,3.8
2023-03-30,East,Sports,6572.88,104,63.2,0.148,0.27,4.4
2023-03-30,West,Sports,6240.38,116,53.8,0.136,0.05,3.2
2023-03-30,Central,Sports,6669.21,113,59.02,0.054,0.08,3.5
2023-03-31,North,Home,6804.04,147,46.29,0.04,0.11,3.9
2023-03-31,South,Electronics,6494.76,113,57.48,0.047,0.19,5.0
2023-03-31,East,Home,7041.52,129,54.59,0.081,0.27,3.5
2023-03-31,West,Clothing,6430.18,122,52.71,0.078,0.08,3.9
2023-03-31,Central,Electronics,6385.74,128,49.89,0.04,0.21,3.2
2023-04-01,North,Clothing,6349.95,119,53.36,0.092,0.25,4.6
2023-04-01,South,Home,6143.51,115,53.42,0.094,0.07,3.6
2023-04-01,East,Sports,6153.63,134,45.92,0.124,0.2,4.2
2023-04-01,West,Clothing,6979.39,147,47.48,0.143,0.05,3.4
2023-04-01,Central,Clothing,6649.35,142,46.83,0.15,0.19,4.7
2023-04-02,North,Electronics,6702.39,133,50.39,0.031,0.17,4.1
2023-04-02,South,Sports,30123.9,162,185.95,0.088,0.13,3.8
2023-04-02,East,Electronics,6334.68,132,47.99,0.14,0.17,3.2
2023-04-02,West,Home,6535.92,125,52.29,0.105,0.17,3.9
2023-04-02,Central,Sports,6981.53,144,48.48,0.099,0.21,3.1
2023-04-03,North,Books,6827.77,137,49.84,0.137,0.01,4.6
2023-04-03,South,Home,6448.6,126,51.18,0.132,0.21,4.9
2023-04-03,East,Books,6655.79,111,59.96,0.055,0.13,4.3
2023-04-03,West,Home,6871.97,140,49.09,0.116,0.23,4.7
2023-04-03,Central,Sports,6776.58,140,48.4,0.072,0.23,4.0
2023-04-04,North,Clothing,6296.4,111,56.72,0.129,0.07,3.9
2023-04-04,South,Sports,7029.84,139,50.57,0.072,0.28,4.4
2023-04-04,East,Home,6391.31,128,49.93,0.043,0.26,4.2
2023-04-04,West,Electronics,6516.94,103,63.27,0.057,0.12,3.3
2023-04-04,Central,Clothing,6767.28,119,56.87,0.104,0.2,3.5
2023-04-05,North,Electronics,6572.52,108,60.86,0.082,0.04,3.3
2023-04-05,South,Sports,6655.91,109,61.06,0.125,0.09,4.9
2023-04-05,East,Books,6426.81,122,52.68,0.048,0.09,4.0
2023-04-05,West,Electronics,6377.26,110,57.98,0.086,0.2,4.7
2023-04-05,Central,Electronics,6318.61,110,57.44,0.083,0.1,3.6
2023-04-06,North,Books,6932.47,134,51.73,0.044,0.16,3.5
2023-04-06,South,Books,7179.46,117,61.36,0.108,0.22,4.3
2023-04-06,East,Home,6831.45,105,65.06,0.073,0.22,4.2
2023-04-06,West,Sports,7176.43,138,52.0,0.103,0.14,4.9
2023-04-06,Central,Clothing,6606.52,126,52.43,0.129,0.26,3.4
2023-04-07,North,Clothing,6754.4,134,50.41,0.143,0.27,4.3
2023-04-07,South,Books,6716.37,135,49.75,0.075,0.27,3.7
2023-04-07,East,Sports,6338.36,133,47.66,0.095,0.19,3.9
2023-04-07,West,Home,6454.51,132,48.9,0.089,0.12,4.7
2023-04-07,Central,Home,7172.8,138,51.98,0.039,0.26,3.4
2023-04-08,North,Clothing,7387.7,158,46.76,0.061,0.02,3.9
2023-04-08,South,Electronics,6757.87,119,56.79,0.037,0.13,3.9
2023-04-08,East,Electronics,7127.64,133,53.59,0.025,0.06,3.7
2023-04-08,West,Electronics,6890.89,111,62.08,0.101,0.07,4.4
2023-04-08,Central,Home,6650.71,128,51.96,0.085,0.09,3.1
2023-04-09,North,Sports,7329.32,135,54.29,0.064,0.27,5.0
2023-04-09,South,Books,6835.65,131,52.18,0.118,0.05,4.8
2023-04-09,East,Clothing,6651.05,134,49.63,0.115,0.18,3.3
2023-04-09,West,Electronics,6574.12,125,52.59,0.069,0.19,4.5
2023-04-09,Central,Electronics,6340.54,137,46.28,0.026,0.03,3.9
2023-04-10,North,Clothing,6348.53,133,47.73,0.047,0.21,3.0
2023-04-10,South,Clothing,6508.3,117,55.63,0.074,0.27,4.0
2023-04-10,East,Electronics,6695.99,116,57.72,0.085,0.18,4.6
2023-04-10,West,Clothing,7025.29,134,52.43,0.025,0.15,3.4
2023-04-10,Central,Electronics,5926.64,93,63.73,0.022,0.03,3.2
2023-04-11,North,Electronics,6318.39,98,64.47,0.114,0.03,3.5
2023-04-11,South,Books,6473.94,130,49.8,0.054,0.02,4.6
2023-04-11,East,Home,7043.88,134,52.57,0.116,0.03,4.5
2023-04-11,West,Clothing,6214.19,135,46.03,0.063,0.27,4.9
2023-04-11,Central,Electronics,6575.31,125,52.6,0.072,0.29,3.5
2023-04-12,North,Home,7116.95,135,52.72,0.104,0.24,3.2
2023-04-12,South,Home,6597.98,103,64.06,0.138,0.14,4.1
2023-04-12,East,Books,6534.2,121,54.0,0.099,0.26,4.8
2023-04-12,West,Home,6542.58,119,54.98,0.077,0.02,4.3
2023-04-12,Central,Sports,6006.4,132,45.5,0.12,0.17,4.1
2023-04-13,North,Sports,7076.23,136,52.03,0.032,0.2,3.5
2023-04-13,South,Home,6572.07,126,52.16,0.039,0.25,4.8
2023-04-13,East,Home,6599.07,103,64.07,0.131,0.26,3.1
2023-04-13,West,Books,6603.99,120,55.03,0.027,0.07,4.3
2023-04-13,Central,Home,6453.64,119,54.23,0.031,0.15,3.6
2023-04-14,North,Electronics,6760.6,104,65.01,0.033,0.12,4.1
2023-04-14,South,Books,6766.19,118,57.34,0.136,0.17,4.3
2023-04-14,East,Electronics,6635.36,122,54.39,0.126,0.25,3.7
2023-04-14,West,Home,6679.57,112,59.64,0.035,0.23,3.4
2023-04-14,Central,Books,6231.55,120,51.93,0.091,0.11,3.2
2023-04-15,North,Home,6915.09,112,61.74,0.034,0.18,3.4
2023-04-15,South,Home,6425.67,101,63.62,0.127,0.06,3.7
2023-04-15,East,Electronics,6640.69,115,57.75,0.12,0.14,4.3
2023-04-15,West,Home,6544.04,102,64.16,0.021,0.22,4.1
2023-04-15,Central,Clothing,6273.52,98,64.02,0.11,0.05,4.6
2023-04-16,North,Sports,6800.89,144,47.23,0.135,0.15,3.8
2023-04-16,South,Books,7299.89,121,60.33,0.146,0.14,3.3
2023-04-16,East,Sports,6552.1,123,53.27,0.059,0.21,4.7
2023-04-16,West,Sports,6471.18,112,57.78,0.113,0.21,4.8
2023-04-16,Central,Clothing,5955.46,124,48.03,0.086,0.21,3.6
2023-04-17,North,Home,6848.4,125,54.79,0.108,0.27,4.1
2023-04-17,South,Electronics,6824.57,109,62.61,0.088,0.01,3.3
2023-04-17,East,Books,6542.91,109,60.03,0.109,0.04,3.1
2023-04-17,West,Sports,6463.43,106,60.98,0.024,0.24,3.2
2023-04-17,Central,Sports,6971.54,111,62.81,0.071,0.15,4.6
2023-04-18,North,Electronics,6277.64,106,59.22,0.14,0.12,4.9
2023-04-18,South,Sports,24158.89,184,131.3,0.133,0.26,3.9
2023-04-18,East,Books,6601.16,133,49.63,0.118,0.16,4.2
2023-04-18,West,Electronics,6767.13,132,51.27,0.044,0.05,4.0
2023-04-18,Central,Sports,5876.42,111,52.94,0.054,0.05,4.7
2023-04-19,North,Books,6977.78,109,64.02,0.098,0.23,4.3
2023-04-19,South,Sports,6653.7,107,62.18,0.092,0.02,4.4
2023-04-19,East,Clothing,5898.79,106,55.65,0.074,0.16,3.2
2023-04-19,West,Books,6522.21,131,49.79,0.063,0.09,4.9
2023-04-19,Central,Electronics,6391.07,113,56.56,0.035,0.1,3.5
2023-04-20,North,Clothing,6412.71,110,58.3,0.145,0.2,3.6
2023-04-20,South,Books,7267.14,137,53.04,0.023,0.16,4.5
2023-04-20,East,Home,6278.95,113,55.57,0.026,0.27,3.4
2023-04-20,West,Sports,5915.87,122,48.49,0.089,0.19,3.4
2023-04-20,Central,Home,6579.44,114,57.71,0.129,0.06,4.7
2023-04-21,North,Electronics,7001.16,130,53.86,0.117,0.05,3.9
2023-04-21,South,Electronics,6303.59,122,51.67,0.043,0.08,3.1
2023-04-21,East,Home,6931.42,130,53.32,0.076,0.01,4.3
2023-04-21,West,Sports,6050.24,108,56.02,0.028,0.22,3.1
2023-04-21,Central,Books,6807.81,123,55.35,0.099,0.08,4.9
2023-04-22,North,Electronics,6415.53,121,53.02,0.082,0.16,3.3
2023-04-22,South,Clothing,6230.49,111,56.13,0.059,0.27,4.9
2023-04-22,East,Electronics,6984.89,112,62.37,0.092,0.17,3.2
2023-04-22,West,Books,7049.79,126,55.95,0.047,0.22,4.5
2023-04-22,Central,Sports,6658.49,135,49.32,0.039,0.06,4.2
2023-04-23,North,Electronics,6644.48,113,58.8,0.131,0.28,5.0
2023-04-23,South,Books,6795.04,125,54.36,0.107,0.08,3.4
2023-04-23,East,Clothing,6001.52,115,52.19,0.033,0.19,4.8
2023-04-23,West,Sports,6289.01,122,51.55,0.106,0.21,3.3
2023-04-23,Central,Books,6149.64,95,64.73,0.052,0.07,4.5
2023-04-24,North,Clothing,6426.16,119,54.0,0.108,0.1,4.0
2023-04-24,South,Sports,6160.59,112,55.01,0.031,0.08,4.7
2023-04-24,East,Electronics,6822.71,108,63.17,0.115,0.27,4.7
2023-04-24,West,Clothing,6276.61,110,57.06,0.138,0.17,4.1
2023-04-24,Central,Clothing,6244.29,96,65.04,0.068,0.07,4.5
2023-04-25,North,Home,6623.49,121,54.74,0.067,0.0,3.5
2023-04-25,South,Clothing,6402.24,99,64.67,0.118,0.04,3.3
2023-04-25,East,Home,6295.34,100,62.95,0.142,0.01,4.5
2023-04-25,West,Clothing,6492.73,130,49.94,0.026,0.06,4.8
2023-04-25,Central,Books,6432.24,118,54.51,0.033,0.29,4.3
2023-04-26,North,Sports,6909.62,136,50.81,0.091,0.05,4.3
2023-04-26,South,Home,6361.58,103,61.76,0.146,0.07,3.8
2023-04-26,East,Home,6977.99,113,61.75,0.135,0.0,4.8
2023-04-26,West,Clothing,6449.36,116,55.6,0.044,0.11,4.4
2023-04-26,Central,Books,6730.94,142,47.4,0.114,0.14,4.0
2023-04-27,North,Electronics,6695.76,108,62.0,0.037,0.18,3.3
2023-04-27,South,Clothing,6824.79,123,55.49,0.027,0.08,3.4
2023-04-27,East,Books,31269.68,187,167.22,0.143,0.06,4.2
2023-04-27,West,Clothing,6547.03,120,54.56,0.128,0.18,4.6
2023-04-27,Central,Books,6733.71,115,58.55,0.14,0.18,3.1
2023-04-28,North,Electronics,6481.83,123,52.7,0.046,0.26,4.0
2023-04-28,South,Sports,6504.06,138,47.13,0.098,0.26,4.1
2023-04-28,East,Clothing,6736.05,112,60.14,0.137,0.16,3.0
2023-04-28,West,Electronics,7071.43,131,53.98,0.111,0.13,4.9
2023-04-28,Central,Books,6481.25,118,54.93,0.097,0.22,4.5
2023-04-29,North,Clothing,6610.2,138,47.9,0.138,0.03,4.2
2023-04-29,South,Electronics,6526.42,116,56.26,0.112,0.24,4.2
2023-04-29,East,Books,6681.52,115,58.1,0.073,0.03,3.9
2023-04-29,West,Sports,6679.23,117,57.09,0.075,0.11,3.6
2023-04-29,Central,Home,6442.42,120,53.69,0.043,0.17,4.0
2023-04-30,North,Home,6200.16,95,65.26,0.116,0.26,4.3
2023-04-30,South,Clothing,6651.74,112,59.39,0.086,0.24,4.6
2023-04-30,East,Electronics,6329.91,110,57.54,0.041,0.29,3.0
2023-04-30,West,Electronics,6797.56,107,63.53,0.054,0.11,4.2
2023-04-30,Central,Home,6747.28,113,59.71,0.1,0.16,4.4
2023-05-01,North,Home,6064.98,98,61.89,0.021,0.26,4.9
2023-05-01,South,Sports,6241.23,112,55.73,0.086,0.21,4.2
2023-05-01,East,Electronics,6527.37,112,58.28,0.15,0.23,3.7
2023-05-01,West,Sports,6405.91,121,52.94,0.022,0.21,4.8
2023-05-01,Central,Books,6197.96,110,56.35,0.145,0.08,4.2
2023-05-02,North,Sports,6510.82,133,48.95,0.021,0.05,4.0
2023-05-02,South,Sports,6327.81,122,51.87,0.144,0.26,4.6
2023-05-02,East,Home,6531.07,115,56.79,0.093,0.23,4.5
2023-05-02,West,Electronics,6981.5,128,54.54,0.083,0.08,3.8
2023-05-02,Central,Clothing,6578.68,108,60.91,0.124,0.12,3.7
2023-05-03,North,Home,6205.75,123,50.45,0.108,0.25,3.2
2023-05-03,South,Books,6556.63,103,63.66,0.048,0.17,3.4
2023-05-03,East,Clothing,6643.44,136,48.85,0.116,0.26,3.4
2023-05-03,West,Sports,5968.03,121,49.32,0.066,0.23,3.2
2023-05-03,Central,Electronics,34508.32,199,173.41,0.13,0.11,3.6
2023-05-04,North,Sports,7016.16,111,63.21,0.133,0.15,5.0
2023-05-04,South,Electronics,6871.67,138,49.79,0.088,0.13,4.9
2023-05-04,East,Clothing,6538.95,143,45.73,0.079,0.04,4.0
2023-05-04,West,Electronics,6645.83,113,58.81,0.062,0.18,3.5
2023-05-04,Central,Home,6697.21,119,56.28,0.145,0.1,3.4
2023-05-05,North,Home,6385.13,106,60.24,0.056,0.05,3.3
2023-05-05,South,Electronics,6806.59,120,56.72,0.114,0.24,4.1
2023-05-05,East,Home,6785.55,111,61.13,0.125,0.05,4.0
2023-05-05,West,Sports,6507.18,100,65.07,0.089,0.09,4.0
2023-05-05,Central,Clothing,6659.15,144,46.24,0.028,0.24,4.0
2023-05-06,North,Books,7257.37,126,57.6,0.054,0.11,4.1
2023-05-06,South,Sports,6765.56,127,53.27,0.046,0.17,4.3
2023-05-06,East,Books,6407.91,132,48.54,0.062,0.15,4.5
2023-05-06,West,Clothing,6549.54,114,57.45,0.133,0.19,4.9
2023-05-06,Central,Home,6703.78,125,53.63,0.13,0.02,3.3
2023-05-07,North,Home,6701.14,131,51.15,0.055,0.13,4.7
2023-05-07,South,Home,6924.87,132,52.46,0.074,0.06,3.0
2023-05-07,East,Electronics,6603.9,103,64.12,0.047,0.12,3.2
2023-05-07,West,Electronics,6227.83,97,64.2,0.023,0.12,4.5
2023-05-07,Central,Home,6868.2,142,48.37,0.06,0.07,3.6
2023-05-08,North,Clothing,6783.66,117,57.98,0.024,0.2,4.7
2023-05-08,South,Books,6511.46,100,65.11,0.091,0.04,4.9
2023-05-08,East,Home,6970.49,124,56.21,0.102,0.19,4.1
2023-05-08,West,Sports,6242.81,121,51.59,0.05,0.03,3.6
2023-05-08,Central,Electronics,6603.78,124,53.26,0.02,0.24,4.7
2023-05-09,North,Home,6480.21,143,45.32,0.059,0.23,4.6
2023-05-09,South,Sports,6948.62,122,56.96,0.069,0.12,4.1
2023-05-09,East,Home,6526.67,109,59.88,0.049,0.02,4.3
2023-05-09,West,Sports,6778.04,122,55.56,0.125,0.21,3.6
2023-05-09,Central,Clothing,6643.79,124,53.58,0.038,0.03,3.9
2023-05-10,North,Home,6124.17,113,54.2,0.044,0.01,3.1
2023-05-10,South,Home,6481.55,137,47.31,0.115,0.07,3.3
2023-05-10,East,Books,6627.41,120,55.23,0.122,0.15,3.7
2023-05-10,West,Clothing,6644.41,142,46.79,0.027,0.23,3.1
2023-05-10,Central,Books,6597.35,121,54.52,0.126,0.25,3.2
2023-05-11,North,Electronics,6696.49,110,60.88,0.046,0.22,3.2
2023-05-11,South,Home,6445.13,110,58.59,0.109,0.09,3.6
2023-05-11,East,Books,6610.03,103,64.18,0.083,0.09,3.7
2023-05-11,West,Electronics,6606.77,143,46.2,0.051,0.13,3.0
2023-05-11,Central,Electronics,6780.16,128,52.97,0.096,0.21,4.4
2023-05-12,North,Clothing,6289.63,130,48.38,0.041,0.03,4.2
2023-05-12,South,Clothing,7598.82,132,57.57,0.111,0.24,3.3
2023-05-12,East,Books,6241.86,125,49.93,0.125,0.13,3.4
2023-05-12,West,Home,6566.74,137,47.93,0.112,0.17,4.1
2023-05-12,Central,Sports,6409.79,116,55.26,0.065,0.22,3.6
2023-05-13,North,Clothing,6998.72,124,56.44,0.078,0.25,4.1
2023-05-13,South,Sports,6093.03,112,54.4,0.069,0.06,3.0
2023-05-13,East,Sports,6996.05,140,49.97,0.126,0.06,4.4
2023-05-13,West,Books,6266.92,103,60.84,0.062,0.19,3.2
2023-05-13,Central,Electronics,6563.02,106,61.92,0.046,0.15,3.2
2023-05-14,North,Home,6658.41,118,56.43,0.088,0.21,3.5
2023-05-14,South,Clothing,6401.24,137,46.72,0.105,0.28,4.7
2023-05-14,East,Books,6979.4,128,54.53,0.093,0.28,3.8
2023-05-14,West,Electronics,6354.19,103,61.69,0.115,0.25,3.2
2023-05-14,Central,Electronics,7019.83,142,49.44,0.114,0.16,3.4
2023-05-15,North,Sports,6452.07,112,57.61,0.074,0.03,4.3
2023-05-15,South,Home,6638.74,127,52.27,0.135,0.05,3.4
2023-05-15,East,Home,6454.11,134,48.16,0.141,0.27,4.1
2023-05-15,West,Home,6833.77,105,65.08,0.119,0.13,4.5
2023-05-15,Central,Books,6375.99,129,49.43,0.067,0.14,4.9
2023-05-16,North,Books,6434.1,142,45.31,0.097,0.16,5.0
2023-05-16,South,Electronics,6596.09,133,49.59,0.12,0.28,4.6
2023-05-16,East,Sports,6917.44,109,63.46,0.14,0.05,3.1
2023-05-16,West,Clothing,6576.33,125,52.61,0.053,0.09,4.1
2023-05-16,Central,Electronics,6806.2,120,56.72,0.114,0.24,3.3
2023-05-17,North,Sports,6888.68,121,56.93,0.103,0.01,4.6
2023-05-17,South,Books,6270.59,119,52.69,0.065,0.25,3.8
2023-05-17,East,Sports,7087.15,143,49.56,0.141,0.19,4.3
2023-05-17,West,Books,6231.35,135,46.16,0.09,0.04,4.0
2023-05-17,Central,Home,6696.16,112,59.79,0.118,0.17,3.2
2023-05-18,North,Clothing,6774.83,126,53.77,0.037,0.02,4.1
2023-05-18,South,Clothing,6968.26,149,46.77,0.119,0.14,3.4
2023-05-18,East,Sports,6772.18,128,52.91,0.1,0.22,3.5
2023-05-18,West,Electronics,7147.63,138,51.79,0.035,0.12,3.7
2023-05-18,Central,Electronics,6905.9,141,48.98,0.12,0.05,3.7
2023-05-19,North,Clothing,6916.19,120,57.63,0.046,0.11,4.5
2023-05-19,South,Electronics,6194.34,99,62.57,0.052,0.19,3.3
2023-05-19,East,Books,6803.52,131,51.94,0.079,0.01,3.4
2023-05-19,West,Sports,6466.48,115,56.23,0.118,0.16,4.2
2023-05-19,Central,Sports,7142.99,122,58.55,0.026,0.05,3.6
2023-05-20,North,Electronics,6660.12,109,61.1,0.08,0.28,3.1
2023-05-20,South,Electronics,6446.27,101,63.82,0.022,0.26,4.3
2023-05-20,East,Electronics,6308.34,127,49.67,0.138,0.15,4.2
2023-05-20,West,Electronics,6852.48,106,64.65,0.025,0.28,3.6
2023-05-20,Central,Electronics,6787.42,123,55.18,0.065,0.11,4.3
2023-05-21,North,Books,6755.65,122,55.37,0.134,0.27,4.6
2023-05-21,South,Books,7510.74,164,45.8,0.049,0.1,3.8
2023-05-21,East,Clothing,6999.58,126,55.55,0.074,0.17,3.9
2023-05-21,West,Home,7052.41,137,51.48,0.09,0.06,3.3
2023-05-21,Central,Sports,6163.54,99,62.26,0.138,0.13,4.8
2023-05-22,North,Sports,6546.8,108,60.62,0.139,0.1,4.1
2023-05-22,South,Electronics,6827.92,132,51.73,0.12,0.26,3.8
2023-05-22,East,Books,6637.31,124,53.53,0.04,0.06,3.3
2023-05-22,West,Sports,7549.5,131,57.63,0.05,0.07,4.4
2023-05-22,Central,Home,6828.69,130,52.53,0.037,0.25,3.9
2023-05-23,North,Clothing,6573.55,124,53.01,0.045,0.01,4.5
2023-05-23,South,Home,6531.95,144,45.36,0.049,0.2,3.4
2023-05-23,East,Sports,6739.16,105,64.18,0.084,0.1,3.9
2023-05-23,West,Electronics,6866.13,137,50.12,0.099,0.25,4.4
2023-05-23,Central,Electronics,6127.87,108,56.74,0.088,0.14,4.7
2023-05-24,North,Sports,7125.77,155,45.97,0.09,0.3,3.1
2023-05-24,South,Home,6299.62,98,64.28,0.072,0.09,4.7
2023-05-24,East,Sports,7019.64,129,54.42,0.139,0.21,4.8
2023-05-24,West,Clothing,6266.6,133,47.12,0.121,0.28,4.4
2023-05-24,Central,Home,6785.82,142,47.79,0.023,0.14,4.8
2023-05-25,North,Clothing,7181.54,153,46.94,0.113,0.04,3.2
2023-05-25,South,Sports,6310.94,116,54.4,0.112,0.22,5.0
2023-05-25,East,Clothing,6554.07,117,56.02,0.139,0.17,4.3
2023-05-25,West,Clothing,6574.39,136,48.34,0.12,0.02,3.6
2023-05-25,Central,Clothing,6594.05,129,51.12,0.145,0.0,4.5
2023-05-26,North,Home,5932.21,131,45.28,0.091,0.0,4.8
2023-05-26,South,Electronics,6720.79,123,54.64,0.098,0.0,4.8
2023-05-26,East,Clothing,7089.18,140,50.64,0.026,0.04,4.3
2023-05-26,West,Books,7263.1,124,58.57,0.063,0.03,3.2
2023-05-26,Central,Books,6824.9,105,65.0,0.099,0.21,4.2
2023-05-27,North,Electronics,6735.22,124,54.32,0.032,0.09,3.7
2023-05-27,South,Home,6509.3,123,52.92,0.13,0.02,3.9
2023-05-27,East,Clothing,7119.65,138,51.59,0.11,0.18,3.2
2023-05-27,West,Electronics,7103.94,119,59.7,0.083,0.21,4.9
2023-05-27,Central,Sports,6937.6,121,57.34,0.095,0.19,4.9
2023-05-28,North,Home,6671.72,116,57.51,0.084,0.05,4.2
2023-05-28,South,Electronics,6478.09,143,45.3,0.116,0.06,4.2
2023-05-28,East,Books,5885.87,110,53.51,0.093,0.19,3.0
2023-05-28,West,Sports,6766.65,111,60.96,0.091,0.23,3.2
2023-05-28,Central,Sports,6925.6,134,51.68,0.1,0.01,3.4
2023-05-29,North,Electronics,6562.27,112,58.59,0.104,0.14,4.3
2023-05-29,South,Books,6932.62,110,63.02,0.08,0.24,4.9
2023-05-29,East,Sports,7036.0,124,56.74,0.09,0.06,4.4
2023-05-29,West,Books,6819.8,111,61.44,0.029,0.04,4.7
2023-05-29,Central,Sports,6539.69,117,55.89,0.071,0.18,4.7
2023-05-30,North,Books,6942.12,115,60.37,0.112,0.08,3.2
2023-05-30,South,Sports,6902.69,112,61.63,0.059,0.03,4.6
2023-05-30,East,Home,6493.78,107,60.69,0.086,0.24,4.8
2023-05-30,West,Books,6850.67,125,54.81,0.121,0.04,4.7
2023-05-30,Central,Clothing,6920.95,112,61.79,0.047,0.01,3.8
2023-05-31,North,Sports,6795.23,132,51.48,0.133,0.1,4.8
2023-05-31,South,Books,6585.14,139,47.38,0.023,0.23,4.3
2023-05-31,East,Home,6747.02,132,51.11,0.107,0.08,3.3
2023-05-31,West,Sports,6891.29,145,47.53,0.087,0.06,3.7
2023-05-31,Central,Clothing,6627.77,112,59.18,0.042,0.09,4.8
2023-06-01,North,Electronics,6848.87,122,56.14,0.081,0.2,3.2
2023-06-01,South,Sports,6996.67,144,48.59,0.102,0.21,3.9
2023-06-01,East,Clothing,6803.14,130,52.33,0.113,0.2,4.1
2023-06-01,West,Home,7195.06,132,54.51,0.033,0.09,4.3
2023-06-01,Central,Clothing,6615.32,109,60.69,0.039,0.27,3.5
2023-06-02,North,Books,6574.67,103,63.83,0.079,0.01,4.0
2023-06-02,South,Clothing,6843.99,131,52.24,0.057,0.1,4.1
2023-06-02,East,Sports,6393.88,107,59.76,0.104,0.24,4.1
2023-06-02,West,Sports,6684.26,126,53.05,0.052,0.05,4.0
2023-06-02,Central,Home,6887.15,116,59.37,0.094,0.1,4.4
2023-06-03,North,Sports,6783.53,139,48.8,0.129,0.03,4.2
2023-06-03,South,Home,6638.83,123,53.97,0.029,0.03,4.6
2023-06-03,East,Home,6821.89,112,60.91,0.104,0.02,3.4
2023-06-03,West,Clothing,6955.07,115,60.48,0.106,0.14,3.6
2023-06-03,Central,Clothing,7003.93,122,57.41,0.109,0.09,4.1
2023-06-04,North,Books,6920.77,108,64.08,0.149,0.17,4.2
2023-06-04,South,Books,6569.54,118,55.67,0.028,0.27,4.9
2023-06-04,East,Books,7086.6,109,65.01,0.133,0.07,4.4
2023-06-04,West,Home,6704.21,126,53.21,0.073,0.13,3.4
2023-06-04,Central,Books,6778.16,120,56.48,0.129,0.05,5.0
2023-06-05,North,Electronics,6849.01,117,58.54,0.104,0.04,4.8
2023-06-05,South,Home,6257.99,131,47.77,0.132,0.27,4.4
2023-06-05,East,Home,6021.31,94,64.06,0.086,0.17,3.9
2023-06-05,West,Clothing,6585.3,115,57.26,0.113,0.08,4.9
2023-06-05,Central,Electronics,6855.24,121,56.65,0.094,0.21,3.2
2023-06-06,North,Books,6248.43,130,48.06,0.08,0.02,4.8
2023-06-06,South,Electronics,6757.99,144,46.93,0.109,0.16,4.2
2023-06-06,East,Home,24280.12,166,146.27,0.095,0.1,3.7
2023-06-06,West,Clothing,6281.72,97,64.76,0.025,0.28,4.5
2023-06-06,Central,Clothing,6649.08,143,46.5,0.094,0.2,3.6
2023-06-07,North,Home,6323.75,105,60.23,0.031,0.15,4.7
2023-06-07,South,Electronics,6678.26,131,50.98,0.116,0.18,4.8
2023-06-07,East,Books,6863.64,114,60.21,0.125,0.08,4.4
2023-06-07,West,Electronics,6170.81,99,62.33,0.146,0.18,4.6
2023-06-07,Central,Home,6756.98,109,61.99,0.12,0.07,3.9
2023-06-08,North,Books,6573.41,110,59.76,0.118,0.03,3.3
2023-06-08,South,Sports,6550.36,123,53.25,0.05,0.21,3.8
2023-06-08,East,Home,6678.19,124,53.86,0.07,0.09,4.1
2023-06-08,West,Sports,7075.14,110,64.32,0.103,0.29,3.9
2023-06-08,Central,Electronics,7223.63,139,51.97,0.053,0.18,3.9
2023-06-09,North,Sports,6416.62,109,58.87,0.12,0.16,4.4
2023-06-09,South,Home,21852.82,231,94.6,0.033,0.03,3.9
2023-06-09,East,Clothing,6697.65,135,49.61,0.024,0.19,3.1
2023-06-09,West,Electronics,6181.16,125,49.45,0.112,0.04,4.7
2023-06-09,Central,Sports,6354.35,133,47.78,0.124,0.06,3.2
2023-06-10,North,Home,6810.64,117,58.21,0.14,0.08,3.9
2023-06-10,South,Books,6939.59,110,63.09,0.053,0.23,3.6
2023-06-10,East,Books,6985.06,107,65.28,0.043,0.02,5.0
2023-06-10,West,Home,6823.73,139,49.09,0.034,0.16,3.9
2023-06-10,Central,Electronics,6602.78,122,54.12,0.029,0.17,3.5
2023-06-11,North,Clothing,6618.02,122,54.25,0.105,0.0,3.1
2023-06-11,South,Electronics,6578.47,127,51.8,0.087,0.28,4.0
2023-06-11,East,Electronics,6820.61,126,54.13,0.09,0.0,4.9
2023-06-11,West,Books,6853.91,121,56.64,0.063,0.09,3.1
2023-06-11,Central,Books,6398.15,98,65.29,0.09,0.29,3.2
2023-06-12,North,Electronics,6217.34,107,58.11,0.146,0.2,3.6
2023-06-12,South,Books,6841.05,129,53.03,0.083,0.27,3.9
2023-06-12,East,Clothing,6742.7,148,45.56,0.084,0.02,4.1
2023-06-12,West,Home,6787.78,132,51.42,0.146,0.0,3.7
2023-06-12,Central,Sports,6461.65,121,53.4,0.08,0.2,4.7
2023-06-13,North,Electronics,7122.36,148,48.12,0.025,0.04,4.3
2023-06-13,South,Clothing,6053.93,131,46.21,0.022,0.19,4.8
2023-06-13,East,Sports,6834.66,111,61.57,0.042,0.18,4.6
2023-06-13,West,Clothing,6990.12,114,61.32,0.075,0.24,5.0
2023-06-13,Central,Sports,6931.9,118,58.74,0.091,0.1,4.9
2023-06-14,North,Books,6736.28,138,48.81,0.038,0.12,4.4
2023-06-14,South,Sports,6804.51,121,56.24,0.025,0.03,4.7
2023-06-14,East,Electronics,6319.59,139,45.46,0.021,0.28,4.4
2023-06-14,West,Home,6377.58,112,56.94,0.11,0.06,4.3
2023-06-14,Central,Electronics,6409.36,100,64.09,0.098,0.22,4.2
2023-06-15,North,Books,6671.92,142,46.99,0.065,0.0,3.5
2023-06-15,South,Sports,6989.34,148,47.23,0.086,0.14,4.3
2023-06-15,East,Electronics,6964.8,141,49.4,0.124,0.21,4.9
2023-06-15,West,Books,6532.16,111,58.85,0.057,0.13,3.7
2023-06-15,Central,Electronics,6746.52,110,61.33,0.034,0.02,4.1
2023-06-16,North,Clothing,6757.72,122,55.39,0.114,0.18,3.7
2023-06-16,South,Books,6778.96,138,49.12,0.05,0.03,3.5
2023-06-16,East,Electronics,6742.94,137,49.22,0.081,0.15,4.8
2023-06-16,West,Home,7026.37,146,48.13,0.043,0.11,3.9
2023-06-16,Central,Electronics,6815.1,135,50.48,0.11,0.02,3.3
2023-06-17,North,Clothing,6984.74,112,62.36,0.119,0.07,3.6
2023-06-17,South,Sports,7014.26,109,64.35,0.146,0.26,3.2
2023-06-17,East,Clothing,7164.02,115,62.3,0.097,0.25,3.6
2023-06-17,West,Sports,6657.91,133,50.06,0.049,0.28,4.9
2023-06-17,Central,Home,6233.35,98,63.61,0.147,0.01,3.9
2023-06-18,North,Electronics,6729.7,120,56.08,0.079,0.07,4.1
2023-06-18,South,Clothing,6642.62,146,45.5,0.037,0.09,4.3
2023-06-18,East,Sports,7009.29,137,51.16,0.117,0.01,3.9
2023-06-18,West,Home,6905.65,114,60.58,0.044,0.26,4.3
2023-06-18,Central,Books,6716.07,116,57.9,0.089,0.09,4.5
2023-06-19,North,Sports,6706.84,113,59.35,0.123,0.24,3.2
2023-06-19,South,Books,7080.43,153,46.28,0.135,0.03,3.7
2023-06-19,East,Clothing,6388.71,111,57.56,0.104,0.21,4.1
2023-06-19,West,Home,6746.03,130,51.89,0.116,0.23,4.7
2023-06-19,Central,Clothing,6559.9,111,59.1,0.062,0.27,4.0
2023-06-20,North,Sports,6634.32,126,52.65,0.088,0.04,4.4
2023-06-20,South,Books,6769.91,115,58.87,0.079,0.11,4.3
2023-06-20,East,Home,6433.57,102,63.07,0.031,0.12,3.4
2023-06-20,West,Clothing,5946.11,92,64.63,0.056,0.21,4.0
2023-06-20,Central,Sports,6980.43,121,57.69,0.141,0.14,3.8
2023-06-21,North,Clothing,6467.21,108,59.88,0.028,0.26,3.5
2023-06-21,South,Books,7132.74,133,53.63,0.083,0.2,4.1
2023-06-21,East,Sports,6584.56,117,56.28,0.037,0.24,3.3
2023-06-21,West,Electronics,6702.79,104,64.45,0.039,0.09,4.9
2023-06-21,Central,Sports,7069.03,123,57.47,0.057,0.29,4.7
2023-06-22,North,Electronics,6569.62,136,48.31,0.149,0.17,3.9
2023-06-22,South,Electronics,6309.64,120,52.58,0.107,0.29,3.3
2023-06-22,East,Electronics,5951.38,106,56.15,0.073,0.15,3.3
2023-06-22,West,Electronics,6985.9,128,54.58,0.146,0.16,4.0
2023-06-22,Central,Sports,6574.7,104,63.22,0.107,0.24,4.5
2023-06-23,North,Electronics,6526.54,102,63.99,0.115,0.27,3.3
2023-06-23,South,Home,6482.73,122,53.14,0.066,0.1,4.2
2023-06-23,East,Books,6646.07,135,49.23,0.045,0.03,4.7
2023-06-23,West,Home,6393.4,99,64.58,0.061,0.18,4.9
2023-06-23,Central,Clothing,6050.62,95,63.69,0.113,0.13,3.8
2023-06-24,North,Sports,7003.55,136,51.5,0.031,0.22,3.9
2023-06-24,South,Books,6749.54,104,64.9,0.041,0.22,4.8
2023-06-24,East,Clothing,6686.84,108,61.92,0.047,0.14,4.7
2023-06-24,West,Sports,6420.97,99,64.86,0.118,0.03,3.8
2023-06-24,Central,Clothing,6995.02,124,56.41,0.046,0.25,3.6
2023-06-25,North,Books,6570.74,119,55.22,0.128,0.09,4.1
2023-06-25,South,Home,6661.59,147,45.32,0.036,0.2,3.6
2023-06-25,East,Clothing,6745.67,138,48.88,0.024,0.23,4.0
2023-06-25,West,Home,7128.36,136,52.41,0.133,0.19,4.0
2023-06-25,Central,Sports,6655.32,113,58.9,0.115,0.01,3.5
2023-06-26,North,Books,6584.13,121,54.41,0.041,0.08,3.8
2023-06-26,South,Books,6648.28,105,63.32,0.058,0.19,3.2
2023-06-26,East,Clothing,6876.92,114,60.32,0.091,0.26,4.7
2023-06-26,West,Books,7126.94,121,58.9,0.032,0.17,4.6
2023-06-26,Central,Books,7092.39,135,52.54,0.14,0.05,3.4
2023-06-27,North,Sports,6761.71,122,55.42,0.1,0.25,4.1
2023-06-27,South,Home,6360.35,105,60.57,0.139,0.03,3.3
2023-06-27,East,Books,6656.31,146,45.59,0.038,0.13,5.0
2023-06-27,West,Electronics,5945.85,122,48.74,0.049,0.26,3.3
2023-06-27,Central,Clothing,6617.29,133,49.75,0.148,0.13,4.5
2023-06-28,North,Clothing,6778.31,123,55.11,0.034,0.24,4.0
2023-06-28,South,Books,6771.42,146,46.38,0.026,0.09,3.0
2023-06-28,East,Clothing,6860.41,120,57.17,0.044,0.11,3.2
2023-06-28,West,Sports,6821.57,110,62.01,0.065,0.05,4.0
2023-06-28,Central,Sports,6703.69,118,56.81,0.119,0.16,4.4
2023-06-29,North,Sports,6513.78,101,64.49,0.021,0.22,4.8
2023-06-29,South,Clothing,7249.09,133,54.5,0.077,0.29,3.4
2023-06-29,East,Clothing,6454.37,123,52.47,0.087,0.12,4.5
2023-06-29,West,Books,6602.95,119,55.49,0.112,0.17,3.1
2023-06-29,Central,Books,7043.95,136,51.79,0.079,0.22,4.4
2023-06-30,North,Home,6852.57,128,53.54,0.045,0.02,4.7
2023-06-30,South,Clothing,6555.84,120,54.63,0.022,0.2,4.3
2023-06-30,East,Home,6446.1,110,58.6,0.072,0.18,3.2
2023-06-30,West,Electronics,6957.43,109,63.83,0.067,0.06,3.4
2023-06-30,Central,Home,6906.39,139,49.69,0.056,0.21,4.2
2023-07-01,North,Home,6492.35,128,50.72,0.066,0.2,4.9
2023-07-01,South,Electronics,7103.9,148,48.0,0.053,0.15,4.3
2023-07-01,East,Electronics,6717.83,140,47.98,0.128,0.15,3.1
2023-07-01,West,Sports,6922.05,134,51.66,0.033,0.02,4.5
2023-07-01,Central,Clothing,7114.72,117,60.81,0.058,0.15,4.0
2023-07-02,North,Home,28202.67,166,169.9,0.134,0.04,3.9
2023-07-02,South,Electronics,6611.65,106,62.37,0.024,0.17,4.7
2023-07-02,East,Home,6602.01,120,55.02,0.083,0.03,4.4
2023-07-02,West,Sports,7199.22,123,58.53,0.081,0.17,3.3
2023-07-02,Central,Books,6975.93,122,57.18,0.12,0.09,3.1
2023-07-03,North,Books,6845.72,120,57.05,0.065,0.22,3.1
2023-07-03,South,Books,6977.91,148,47.15,0.074,0.02,3.5
2023-07-03,East,Electronics,6592.3,132,49.94,0.138,0.02,3.6
2023-07-03,West,Home,6733.93,130,51.8,0.094,0.27,3.5
2023-07-03,Central,Books,6816.26,115,59.27,0.069,0.12,4.1
2023-07-04,North,Sports,6824.25,116,58.83,0.125,0.2,3.3
2023-07-04,South,Clothing,6646.28,130,51.13,0.085,0.25,4.6
2023-07-04,East,Sports,6974.8,137,50.91,0.072,0.07,4.5
2023-07-04,West,Electronics,6461.54,137,47.16,0.097,0.08,4.1
2023-07-04,Central,Books,6464.24,124,52.13,0.086,0.09,4.3
2023-07-05,North,Books,6723.12,131,51.32,0.101,0.14,4.5
2023-07-05,South,Sports,6809.09,115,59.21,0.085,0.2,4.6
2023-07-05,East,Sports,6837.23,107,63.9,0.125,0.26,4.8
2023-07-05,West,Home,7227.51,156,46.33,0.039,0.05,4.4
2023-07-05,Central,Books,6591.63,129,51.1,0.132,0.27,4.3
2023-07-06,North,Sports,6928.25,136,50.94,0.051,0.07,3.3
2023-07-06,South,Books,6599.45,144,45.83,0.08,0.17,3.9
2023-07-06,East,Books,6744.47,139,48.52,0.123,0.08,4.1
2023-07-06,West,Home,6728.48,116,58.0,0.122,0.02,4.8
2023-07-06,Central,Books,6695.55,144,46.5,0.107,0.27,3.8
2023-07-07,North,Clothing,7036.11,113,62.27,0.035,0.22,4.9
2023-07-07,South,Books,6245.38,97,64.39,0.085,0.03,4.2
2023-07-07,East,Sports,6726.29,111,60.6,0.116,0.24,4.5
2023-07-07,West,Books,6997.17,148,47.28,0.077,0.08,4.2
2023-07-07,Central,Electronics,6720.88,122,55.09,0.061,0.13,4.4
2023-07-08,North,Books,7414.24,116,63.92,0.127,0.01,4.9
2023-07-08,South,Electronics,6672.49,116,57.52,0.11,0.24,3.5
2023-07-08,East,Electronics,6569.43,102,64.41,0.09,0.07,3.9
2023-07-08,West,Books,6729.53,149,45.16,0.059,0.28,4.5
2023-07-08,Central,Books,6639.01,137,48.46,0.134,0.23,3.8
2023-07-09,North,Home,7391.2,161,45.91,0.081,0.12,4.7
2023-07-09,South,Books,6698.2,109,61.45,0.086,0.11,4.2
2023-07-09,East,Home,6222.08,101,61.6,0.11,0.23,4.3
2023-07-09,West,Books,23646.17,180,131.37,0.061,0.02,3.3
2023-07-09,Central,Clothing,7120.13,128,55.63,0.13,0.21,4.6
2023-07-10,North,Sports,6688.21,112,59.72,0.127,0.24,3.4
2023-07-10,South,Home,7143.0,134,53.31,0.143,0.27,3.4
2023-07-10,East,Electronics,7476.5,129,57.96,0.147,0.06,4.4
2023-07-10,West,Home,6615.11,136,48.64,0.098,0.04,4.9
2023-07-10,Central,Home,7019.56,155,45.29,0.128,0.15,3.4
2023-07-11,North,Books,7182.81,146,49.2,0.057,0.15,3.3
2023-07-11,South,Clothing,7094.04,109,65.08,0.074,0.12,3.3
2023-07-11,East,Sports,6523.58,128,50.97,0.079,0.07,4.2
2023-07-11,West,Home,6765.97,124,54.56,0.109,0.21,4.4
2023-07-11,Central,Electronics,6740.96,112,60.19,0.092,0.02,4.9
2023-07-12,North,Sports,6576.12,115,57.18,0.112,0.24,3.0
2023-07-12,South,Home,6903.02,125,55.22,0.107,0.04,4.8
2023-07-12,East,Books,7034.43,145,48.51,0.134,0.04,3.6
2023-07-12,West,Electronics,6900.26,124,55.65,0.061,0.29,4.0
2023-07-12,Central,Books,7092.33,135,52.54,0.1,0.23,3.5
2023-07-13,North,Books,6821.12,133,51.29,0.116,0.15,4.9
2023-07-13,South,Clothing,6223.74,107,58.17,0.039,0.07,3.1
2023-07-13,East,Home,6628.96,132,50.22,0.035,0.27,4.0
2023-07-13,West,Electronics,6022.38,107,56.28,0.13,0.26,3.2
2023-07-13,Central,Clothing,7184.77,153,46.96,0.129,0.22,4.6
2023-07-14,North,Electronics,6463.28,131,49.34,0.088,0.17,3.8
2023-07-14,South,Electronics,6700.07,143,46.85,0.135,0.01,4.4
2023-07-14,East,Books,6744.56,118,57.16,0.04,0.02,4.7
2023-07-14,West,Books,6599.07,113,58.4,0.097,0.0,4.9
2023-07-14,Central,Sports,6461.85,125,51.69,0.037,0.26,4.6
2023-07-15,North,Electronics,6268.78,123,50.97,0.091,0.18,3.2
2023-07-15,South,Electronics,6873.78,113,60.83,0.131,0.05,4.6
2023-07-15,East,Clothing,7103.18,140,50.74,0.036,0.15,3.9
2023-07-15,West,Electronics,6970.62,118,59.07,0.128,0.15,4.0
2023-07-15,Central,Sports,6638.54,105,63.22,0.098,0.03,3.8
2023-07-16,North,Sports,6760.31,117,57.78,0.064,0.14,3.4
2023-07-16,South,Home,7032.54,119,59.1,0.089,0.19,3.2
2023-07-16,East,Clothing,6771.2,110,61.56,0.109,0.09,3.5
2023-07-16,West,Sports,6914.81,129,53.6,0.03,0.01,3.2
2023-07-16,Central,Books,6771.58,116,58.38,0.066,0.18,4.5
2023-07-17,North,Home,6961.03,153,45.5,0.043,0.05,3.8
2023-07-17,South,Home,7432.0,145,51.26,0.118,0.13,4.6
2023-07-17,East,Clothing,7207.08,139,51.85,0.047,0.02,5.0
2023-07-17,West,Electronics,26051.65,192,135.69,0.042,0.14,4.4
2023-07-17,Central,Sports,7348.32,117,62.81,0.114,0.09,4.6
2023-07-18,North,Books,6568.56,102,64.4,0.031,0.04,3.4
2023-07-18,South,Clothing,6602.26,107,61.7,0.132,0.06,4.3
2023-07-18,East,Clothing,6720.85,116,57.94,0.031,0.23,3.3
2023-07-18,West,Clothing,6650.57,124,53.63,0.116,0.13,4.0
2023-07-18,Central,Home,7235.24,145,49.9,0.027,0.0,4.3
2023-07-19,North,Home,6959.9,117,59.49,0.116,0.18,4.1
2023-07-19,South,Sports,6831.68,124,55.09,0.142,0.27,4.7
2023-07-19,East,Electronics,7255.13,146,49.69,0.075,0.09,3.1
2023-07-19,West,Books,7163.31,131,54.68,0.078,0.13,3.3
2023-07-19,Central,Home,6725.26,112,60.05,0.05,0.07,4.8
2023-07-20,North,Clothing,6712.82,108,62.16,0.135,0.22,3.8
2023-07-20,South,Books,7274.26,136,53.49,0.123,0.24,4.7
2023-07-20,East,Clothing,6752.99,112,60.29,0.043,0.05,4.0
2023-07-20,West,Home,6759.85,111,60.9,0.059,0.06,3.1
2023-07-20,Central,Sports,7544.09,144,52.39,0.024,0.02,3.9
2023-07-21,North,Clothing,7009.22,122,57.45,0.083,0.3,4.6
2023-07-21,South,Sports,7001.33,124,56.46,0.099,0.03,3.1
2023-07-21,East,Electronics,6428.27,100,64.28,0.147,0.23,4.2
2023-07-21,West,Clothing,7026.42,124,56.66,0.102,0.26,4.8
2023-07-21,Central,Home,6830.83,141,48.45,0.119,0.15,4.7
2023-07-22,North,Clothing,7109.91,115,61.83,0.077,0.12,4.5
2023-07-22,South,Books,7183.76,143,50.24,0.057,0.05,3.5
2023-07-22,East,Sports,6881.13,119,57.82,0.075,0.07,4.6
2023-07-22,West,Home,6645.25,124,53.59,0.144,0.15,4.4
2023-07-22,Central,Sports,7252.8,120,60.44,0.143,0.03,3.6
2023-07-23,North,Electronics,6845.88,105,65.2,0.071,0.01,4.8
2023-07-23,South,Sports,7186.8,111,64.75,0.146,0.13,4.8
2023-07-23,East,Books,7276.84,123,59.16,0.138,0.0,3.6
2023-07-23,West,Clothing,6293.41,106,59.37,0.135,0.19,4.2
2023-07-23,Central,Home,6840.89,127,53.87,0.121,0.26,3.2
2023-07-24,North,Sports,6677.74,112,59.62,0.149,0.09,3.2
2023-07-24,South,Clothing,6898.3,123,56.08,0.023,0.27,4.1
2023-07-24,East,Sports,6936.87,135,51.38,0.034,0.02,3.7
2023-07-24,West,Electronics,7533.82,130,57.95,0.118,0.28,3.9
2023-07-24,Central,Sports,6940.26,134,51.79,0.094,0.27,4.3
2023-07-25,North,Books,6963.97,125,55.71,0.059,0.2,4.6
2023-07-25,South,Electronics,6829.63,129,52.94,0.063,0.17,4.6
2023-07-25,East,Home,6904.73,132,52.31,0.128,0.02,3.1
2023-07-25,West,Sports,7238.3,134,54.02,0.072,0.17,4.6
2023-07-25,Central,Home,6757.52,108,62.57,0.15,0.21,4.9
2023-07-26,North,Home,6951.38,144,48.27,0.112,0.04,4.4
2023-07-26,South,Clothing,6677.55,107,62.41,0.079,0.01,3.3
2023-07-26,East,Electronics,6356.02,134,47.43,0.036,0.17,3.1
2023-07-26,West,Books,6741.69,140,48.15,0.059,0.15,4.6
2023-07-26,Central,Books,7238.16,157,46.1,0.048,0.25,4.0
2023-07-27,North,Electronics,7308.67,154,47.46,0.074,0.17,4.1
2023-07-27,South,Sports,7420.51,136,54.56,0.037,0.04,4.3
2023-07-27,East,Clothing,6690.03,111,60.27,0.133,0.1,4.6
2023-07-27,West,Sports,6839.14,137,49.92,0.026,0.2,3.9
2023-07-27,Central,Clothing,6732.13,133,50.62,0.112,0.17,4.6
2023-07-28,North,Clothing,6904.57,145,47.62,0.144,0.16,4.5
2023-07-28,South,Home,6635.13,103,64.42,0.085,0.01,4.3
2023-07-28,East,Sports,6253.35,123,50.84,0.078,0.24,4.2
2023-07-28,West,Electronics,6853.6,129,53.13,0.064,0.05,3.0
2023-07-28,Central,Sports,6716.57,143,46.97,0.042,0.04,3.5
2023-07-29,North,Home,6964.7,148,47.06,0.108,0.02,4.9
2023-07-29,South,Clothing,7214.01,141,51.16,0.074,0.1,3.8
2023-07-29,East,Clothing,7446.95,120,62.06,0.051,0.18,3.5
2023-07-29,West,Books,6661.08,104,64.05,0.08,0.12,4.0
2023-07-29,Central,Electronics,6996.79,131,53.41,0.055,0.29,4.4
2023-07-30,North,Home,7034.52,115,61.17,0.078,0.25,4.0
2023-07-30,South,Sports,7407.19,122,60.71,0.148,0.23,4.1
2023-07-30,East,Sports,25302.45,178,142.15,0.058,0.29,3.0
2023-07-30,West,Sports,7330.21,115,63.74,0.053,0.2,5.0
2023-07-30,Central,Clothing,7139.54,115,62.08,0.116,0.17,3.6
2023-07-31,North,Clothing,6861.85,129,53.19,0.114,0.3,4.8
2023-07-31,South,Books,7121.94,116,61.4,0.103,0.29,4.4
2023-07-31,East,Books,7380.31,146,50.55,0.064,0.14,4.2
2023-07-31,West,Electronics,29621.67,193,153.48,0.107,0.12,4.8
2023-07-31,Central,Sports,7081.17,119,59.51,0.031,0.26,4.3
2023-08-01,North,Electronics,6429.88,104,61.83,0.066,0.24,4.7
2023-08-01,South,Electronics,6892.6,132,52.22,0.036,0.11,3.4
2023-08-01,East,Books,7538.76,125,60.31,0.045,0.24,4.3
2023-08-01,West,Home,7074.06,115,61.51,0.146,0.01,4.0
2023-08-01,Central,Home,6928.39,153,45.28,0.034,0.08,4.0
2023-08-02,North,Sports,6662.1,137,48.63,0.107,0.18,3.4
2023-08-02,South,Clothing,6632.25,139,47.71,0.135,0.22,3.5
2023-08-02,East,Sports,6793.36,109,62.32,0.1,0.2,4.8
2023-08-02,West,Books,7371.26,126,58.5,0.076,0.3,3.5
2023-08-02,Central,Books,7058.51,120,58.82,0.087,0.01,4.4
2023-08-03,North,Home,7706.84,138,55.85,0.045,0.02,4.1
2023-08-03,South,Home,7259.59,159,45.66,0.145,0.28,3.4
2023-08-03,East,Home,7012.66,121,57.96,0.125,0.18,4.3
2023-08-03,West,Electronics,7159.24,138,51.88,0.082,0.29,4.7
2023-08-03,Central,Sports,7222.32,145,49.81,0.101,0.23,4.3
2023-08-04,North,Electronics,6746.79,119,56.7,0.139,0.11,4.8
2023-08-04,South,Electronics,6891.31,149,46.25,0.059,0.19,3.1
2023-08-04,East,Books,6582.62,112,58.77,0.13,0.12,4.2
2023-08-04,West,Home,6565.17,108,60.79,0.07,0.24,4.8
2023-08-04,Central,Electronics,7391.83,128,57.75,0.079,0.1,3.4
2023-08-05,North,Clothing,7405.91,159,46.58,0.138,0.04,4.0
2023-08-05,South,Sports,7326.19,140,52.33,0.078,0.07,4.6
2023-08-05,East,Books,7324.34,136,53.86,0.06,0.27,4.6
2023-08-05,West,Books,7179.75,149,48.19,0.058,0.29,4.0
2023-08-05,Central,Sports,6991.66,140,49.94,0.132,0.13,3.4
2023-08-06,North,Electronics,6952.96,141,49.31,0.064,0.2,4.4
2023-08-06,South,Books,7496.58,145,51.7,0.1,0.13,3.3
2023-08-06,East,Electronics,7047.2,130,54.21,0.084,0.28,4.3
2023-08-06,West,Books,6975.76,141,49.47,0.125,0.11,3.8
2023-08-06,Central,Books,20468.31,165,124.05,0.024,0.03,3.6
2023-08-07,North,Electronics,7239.16,120,60.33,0.046,0.09,3.4
2023-08-07,South,Sports,7477.05,148,50.52,0.052,0.06,3.4
2023-08-07,East,Electronics,7092.6,115,61.67,0.064,0.06,3.9
2023-08-07,West,Clothing,7241.05,138,52.47,0.142,0.29,5.0
2023-08-07,Central,Clothing,7556.16,163,46.36,0.123,0.06,3.8
2023-08-08,North,Clothing,6695.65,127,52.72,0.14,0.23,4.2
2023-08-08,South,Books,7265.28,151,48.11,0.133,0.26,4.9
2023-08-08,East,Electronics,6914.08,110,62.86,0.122,0.24,4.2
2023-08-08,West,Books,7259.93,115,63.13,0.085,0.14,3.6
2023-08-08,Central,Home,7370.73,140,52.65,0.082,0.17,4.3
2023-08-09,North,Home,7231.86,147,49.2,0.132,0.12,3.6
2023-08-09,South,Books,6701.68,106,63.22,0.053,0.03,4.5
2023-08-09,East,Sports,7020.8,141,49.79,0.101,0.13,3.9
2023-08-09,West,Books,7470.57,140,53.36,0.055,0.01,3.9
2023-08-09,Central,Sports,7110.46,112,63.49,0.087,0.19,4.6
2023-08-10,North,Electronics,7250.41,114,63.6,0.067,0.16,3.7
2023-08-10,South,Books,7028.61,117,60.07,0.045,0.18,3.3
2023-08-10,East,Sports,6928.96,111,62.42,0.139,0.0,3.6
2023-08-10,West,Sports,7361.98,138,53.35,0.119,0.0,4.3
2023-08-10,Central,Home,6660.48,102,65.3,0.05,0.22,3.4
2023-08-11,North,Home,7182.17,128,56.11,0.064,0.03,4.7
2023-08-11,South,Home,7538.32,140,53.85,0.047,0.13,4.1
2023-08-11,East,Electronics,6863.5,144,47.66,0.085,0.2,3.7
2023-08-11,West,Home,7420.43,149,49.8,0.119,0.21,3.6
2023-08-11,Central,Books,6809.53,149,45.7,0.094,0.24,4.8
2023-08-12,North,Home,6949.25,123,56.5,0.047,0.12,4.1
2023-08-12,South,Books,7205.44,127,56.74,0.032,0.03,4.1
2023-08-12,East,Home,7284.3,159,45.81,0.023,0.06,4.8
2023-08-12,West,Home,6997.53,137,51.08,0.027,0.16,3.3
2023-08-12,Central,Clothing,7284.94,117,62.26,0.149,0.04,3.8
2023-08-13,North,Clothing,7147.9,113,63.26,0.06,0.25,4.3
2023-08-13,South,Books,6863.22,142,48.33,0.096,0.15,4.4
2023-08-13,East,Home,7154.89,149,48.02,0.099,0.07,3.7
2023-08-13,West,Home,7196.93,127,56.67,0.095,0.22,3.6
2023-08-13,Central,Books,7403.57,125,59.23,0.071,0.25,4.7
2023-08-14,North,Sports,6945.17,130,53.42,0.115,0.14,4.8
2023-08-14,South,Clothing,7328.36,138,53.1,0.135,0.05,4.8
2023-08-14,East,Electronics,7525.87,134,56.16,0.111,0.22,3.4
2023-08-14,West,Electronics,6234.1,111,56.16,0.118,0.15,4.6
2023-08-14,Central,Clothing,7208.71,135,53.4,0.086,0.14,3.1
2023-08-15,North,Clothing,7009.36,133,52.7,0.072,0.0,3.2
2023-08-15,South,Home,6710.75,105,63.91,0.083,0.02,4.1
2023-08-15,East,Clothing,7215.57,150,48.1,0.042,0.01,3.2
2023-08-15,West,Home,7913.53,155,51.06,0.042,0.2,3.0
2023-08-15,Central,Sports,7132.94,146,48.86,0.048,0.21,4.7
2023-08-16,North,Electronics,7509.61,122,61.55,0.071,0.09,3.1
2023-08-16,South,Books,7705.62,127,60.67,0.138,0.06,3.0
2023-08-16,East,Electronics,33437.85,237,141.09,0.049,0.26,4.6
2023-08-16,West,Electronics,7277.74,150,48.52,0.126,0.1,4.3
2023-08-16,Central,Home,7030.53,122,57.63,0.142,0.04,3.4
2023-08-17,North,Home,7084.31,133,53.27,0.048,0.07,4.3
2023-08-17,South,Electronics,7344.58,145,50.65,0.029,0.07,3.6
2023-08-17,East,Sports,6502.4,138,47.12,0.042,0.29,4.2
2023-08-17,West,Clothing,6700.5,103,65.05,0.063,0.19,4.8
2023-08-17,Central,Sports,6956.62,127,54.78,0.139,0.13,4.0
2023-08-18,North,Electronics,7742.3,129,60.02,0.05,0.18,4.8
2023-08-18,South,Electronics,7031.54,116,60.62,0.038,0.15,3.4
2023-08-18,East,Clothing,7666.73,145,52.87,0.14,0.18,4.9
2023-08-18,West,Electronics,7190.89,142,50.64,0.088,0.29,4.3
2023-08-18,Central,Books,6941.74,136,51.04,0.065,0.06,3.1
2023-08-19,North,Clothing,7996.93,131,61.05,0.099,0.11,3.6
2023-08-19,South,Electronics,32115.56,187,171.74,0.144,0.02,5.0
2023-08-19,East,Clothing,7362.47,151,48.76,0.051,0.02,4.4
2023-08-19,West,Clothing,7159.84,139,51.51,0.075,0.18,3.6
2023-08-19,Central,Home,6521.36,133,49.03,0.03,0.29,3.8
2023-08-20,North,Sports,6865.11,141,48.69,0.099,0.13,3.3
2023-08-20,South,Electronics,7557.93,125,60.46,0.119,0.28,4.2
2023-08-20,East,Books,7129.68,148,48.17,0.069,0.09,3.6
2023-08-20,West,Clothing,6910.6,133,51.96,0.04,0.06,3.0
2023-08-20,Central,Home,7097.51,129,55.02,0.073,0.12,3.8
2023-08-21,North,Electronics,7223.42,141,51.23,0.073,0.01,4.8
2023-08-21,South,Clothing,6942.92,131,53.0,0.119,0.29,4.5
2023-08-21,East,Books,7240.65,122,59.35,0.111,0.2,4.9
2023-08-21,West,Electronics,6960.16,116,60.0,0.14,0.11,4.4
2023-08-21,Central,Clothing,7675.01,160,47.97,0.053,0.18,4.9
2023-08-22,North,Home,33274.17,177,187.99,0.072,0.18,4.8
2023-08-22,South,Books,7054.78,131,53.85,0.11,0.15,4.1
2023-08-22,East,Home,7224.99,115,62.83,0.118,0.28,4.7
2023-08-22,West,Books,7550.08,123,61.38,0.117,0.28,3.8
2023-08-22,Central,Home,7495.51,146,51.34,0.02,0.02,4.4
2023-08-23,North,Books,6825.17,114,59.87,0.044,0.04,4.0
2023-08-23,South,Sports,7188.87,130,55.3,0.126,0.06,3.1
2023-08-23,East,Home,7464.84,148,50.44,0.077,0.27,3.2
2023-08-23,West,Electronics,7718.86,133,58.04,0.069,0.08,3.7
2023-08-23,Central,Electronics,6963.51,119,58.52,0.055,0.29,4.3
2023-08-24,North,Clothing,7091.54,116,61.13,0.088,0.0,4.2
2023-08-24,South,Books,7772.96,122,63.71,0.099,0.1,4.4
2023-08-24,East,Clothing,7225.07,139,51.98,0.142,0.2,3.8
2023-08-24,West,Home,7530.29,145,51.93,0.133,0.12,4.7
2023-08-24,Central,Electronics,7365.9,115,64.05,0.133,0.08,4.4
2023-08-25,North,Home,7390.79,128,57.74,0.087,0.2,3.0
2023-08-25,South,Books,7012.57,121,57.96,0.022,0.11,3.1
2023-08-25,East,Home,7370.69,136,54.2,0.116,0.24,3.7
2023-08-25,West,Home,7027.46,110,63.89,0.148,0.26,4.8
2023-08-25,Central,Sports,7251.8,148,49.0,0.134,0.24,4.4
2023-08-26,North,Electronics,7037.09,154,45.7,0.059,0.2,4.1
2023-08-26,South,Sports,7414.64,137,54.12,0.051,0.06,4.5
2023-08-26,East,Home,7157.28,122,58.67,0.149,0.01,4.9
2023-08-26,West,Home,7149.7,141,50.71,0.144,0.2,4.3
2023-08-26,Central,Home,7547.76,118,63.96,0.032,0.21,4.7
2023-08-27,North,Home,7761.06,136,57.07,0.138,0.22,4.5
2023-08-27,South,Home,7083.15,121,58.54,0.125,0.07,3.2
2023-08-27,East,Electronics,7406.23,123,60.21,0.094,0.04,3.6
2023-08-27,West,Books,7363.64,139,52.98,0.028,0.16,4.7
2023-08-27,Central,Clothing,7556.96,144,52.48,0.088,0.18,3.4
2023-08-28,North,Home,7272.18,137,53.08,0.061,0.24,3.6
2023-08-28,South,Electronics,7393.34,154,48.01,0.098,0.09,5.0
2023-08-28,East,Sports,7749.67,163,47.54,0.082,0.25,4.0
2023-08-28,West,Clothing,7222.53,111,65.07,0.13,0.28,3.5
2023-08-28,Central,Clothing,7025.74,117,60.05,0.131,0.22,3.6
2023-08-29,North,Home,7578.03,157,48.27,0.064,0.2,5.0
2023-08-29,South,Sports,6707.53,111,60.43,0.114,0.08,4.8
2023-08-29,East,Sports,7200.75,153,47.06,0.133,0.02,4.9
2023-08-29,West,Sports,6954.7,136,51.14,0.038,0.21,3.6
2023-08-29,Central,Electronics,7444.25,124,60.03,0.067,0.26,3.2
2023-08-30,North,Home,7490.87,123,60.9,0.144,0.13,4.7
2023-08-30,South,Electronics,7445.22,115,64.74,0.035,0.15,3.7
2023-08-30,East,Home,7264.25,135,53.81,0.052,0.04,3.8
2023-08-30,West,Electronics,7193.4,148,48.6,0.121,0.26,4.3
2023-08-30,Central,Books,7706.77,152,50.7,0.022,0.03,3.2
2023-08-31,North,Sports,6920.67,139,49.79,0.082,0.21,3.2
2023-08-31,South,Home,6825.18,120,56.88,0.059,0.04,3.7
2023-08-31,East,Electronics,7199.56,129,55.81,0.071,0.25,4.6
2023-08-31,West,Sports,6752.47,121,55.81,0.09,0.25,4.3
2023-08-31,Central,Sports,7338.87,126,58.24,0.11,0.0,3.9
2023-09-01,North,Sports,7139.48,139,51.36,0.047,0.05,4.1
2023-09-01,South,Books,7391.67,114,64.84,0.146,0.05,5.0
2023-09-01,East,Electronics,7279.65,125,58.24,0.143,0.16,4.6
2023-09-01,West,Sports,7168.14,126,56.89,0.138,0.3,4.2
2023-09-01,Central,Electronics,7070.1,128,55.24,0.051,0.06,3.6
2023-09-02,North,Books,7727.64,135,57.24,0.056,0.22,3.8
2023-09-02,South,Clothing,6699.21,119,56.3,0.072,0.02,3.5
2023-09-02,East,Books,6941.55,124,55.98,0.149,0.21,3.4
2023-09-02,West,Sports,7562.51,144,52.52,0.099,0.13,3.3
2023-09-02,Central,Electronics,7673.18,168,45.67,0.055,0.16,4.4
2023-09-03,North,Electronics,7348.13,138,53.25,0.067,0.1,3.5
2023-09-03,South,Clothing,7509.08,166,45.24,0.069,0.03,4.9
2023-09-03,East,Books,7205.8,148,48.69,0.097,0.24,3.2
2023-09-03,West,Electronics,7135.71,140,50.97,0.137,0.05,4.9
2023-09-03,Central,Sports,7681.14,145,52.97,0.092,0.26,3.8
2023-09-04,North,Clothing,7178.62,122,58.84,0.039,0.17,3.5
2023-09-04,South,Books,7245.63,114,63.56,0.112,0.07,4.2
2023-09-04,East,Sports,7321.77,113,64.79,0.057,0.29,4.0
2023-09-04,West,Clothing,7189.14,121,59.41,0.06,0.26,4.9
2023-09-04,Central,Clothing,7156.67,152,47.08,0.143,0.05,3.1
2023-09-05,North,Home,7526.58,125,60.21,0.125,0.0,4.9
2023-09-05,South,Sports,7074.36,148,47.8,0.111,0.12,4.2
2023-09-05,East,Home,6758.05,106,63.76,0.111,0.22,3.5
2023-09-05,West,Sports,7331.65,119,61.61,0.109,0.01,3.9
2023-09-05,Central,Sports,6647.89,137,48.52,0.137,0.05,3.7
2023-09-06,North,Clothing,7579.68,164,46.22,0.069,0.03,4.8
2023-09-06,South,Electronics,7600.37,152,50.0,0.058,0.14,3.5
2023-09-06,East,Sports,7815.92,147,53.17,0.127,0.01,3.9
2023-09-06,West,Books,7398.19,128,57.8,0.021,0.14,3.6
2023-09-06,Central,Electronics,7609.82,128,59.45,0.033,0.15,3.2
2023-09-07,North,Electronics,7575.44,137,55.3,0.139,0.0,4.5
2023-09-07,South,Clothing,7401.6,141,52.49,0.09,0.08,5.0
2023-09-07,East,Clothing,7740.28,133,58.2,0.066,0.13,3.7
2023-09-07,West,Home,7538.95,154,48.95,0.075,0.1,3.1
2023-09-07,Central,Books,7256.86,124,58.52,0.035,0.15,4.0
2023-09-08,North,Home,7346.38,122,60.22,0.085,0.28,4.7
2023-09-08,South,Electronics,7269.08,137,53.06,0.123,0.04,3.7
2023-09-08,East,Home,7865.5,170,46.27,0.147,0.22,3.9
2023-09-08,West,Home,7450.56,146,51.03,0.052,0.05,4.0
2023-09-08,Central,Clothing,7413.24,119,62.3,0.107,0.13,3.9
2023-09-09,North,Sports,7933.03,130,61.02,0.099,0.06,4.7
2023-09-09,South,Books,7303.79,154,47.43,0.149,0.28,3.9
2023-09-09,East,Electronics,7297.87,127,57.46,0.069,0.16,4.4
2023-09-09,West,Home,7631.97,142,53.75,0.104,0.09,3.5
2023-09-09,Central,Home,7394.71,146,50.65,0.052,0.27,3.4
2023-09-10,North,Books,7871.74,153,51.45,0.138,0.03,3.4
2023-09-10,South,Books,7432.31,116,64.07,0.034,0.2,4.4
2023-09-10,East,Sports,7451.15,142,52.47,0.089,0.11,4.3
2023-09-10,West,Electronics,7273.6,147,49.48,0.037,0.22,3.2
2023-09-10,Central,Home,6864.61,118,58.17,0.14,0.02,4.1
2023-09-11,North,Clothing,7098.07,136,52.19,0.089,0.05,3.3
2023-09-11,South,Sports,7028.48,111,63.32,0.147,0.27,3.9
2023-09-11,East,Electronics,7673.02,129,59.48,0.083,0.16,4.9
2023-09-11,West,Books,7486.54,148,50.58,0.026,0.17,4.6
2023-09-11,Central,Home,7265.1,123,59.07,0.084,0.16,4.0
2023-09-12,North,Home,7736.98,140,55.26,0.072,0.08,3.4
2023-09-12,South,Electronics,7596.24,157,48.38,0.134,0.24,3.9
2023-09-12,East,Books,7354.07,144,51.07,0.092,0.05,3.1
2023-09-12,West,Clothing,7096.84,142,49.98,0.142,0.08,3.3
2023-09-12,Central,Clothing,7518.41,116,64.81,0.089,0.0,3.7
2023-09-13,North,Electronics,7390.07,129,57.29,0.143,0.27,3.5
2023-09-13,South,Electronics,7888.16,154,51.22,0.127,0.07,4.9
2023-09-13,East,Sports,7937.22,163,48.69,0.105,0.26,4.9
2023-09-13,West,Books,7043.59,119,59.19,0.133,0.19,4.1
2023-09-13,Central,Books,7219.73,117,61.71,0.047,0.19,4.7
2023-09-14,North,Clothing,7211.18,121,59.6,0.137,0.03,3.4
2023-09-14,South,Clothing,7668.51,157,48.84,0.094,0.28,3.4
2023-09-14,East,Sports,7417.71,118,62.86,0.044,0.04,3.9
2023-09-14,West,Home,7722.71,142,54.39,0.033,0.16,4.5
2023-09-14,Central,Electronics,7614.79,144,52.88,0.119,0.19,3.1
2023-09-15,North,Clothing,7097.89,142,49.99,0.142,0.18,4.6
2023-09-15,South,Electronics,8009.49,143,56.01,0.046,0.14,4.1
2023-09-15,East,Books,7510.4,139,54.03,0.082,0.07,4.1
2023-09-15,West,Sports,7437.92,163,45.63,0.059,0.15,4.7
2023-09-15,Central,Electronics,7852.55,164,47.88,0.049,0.12,3.7
2023-09-16,North,Electronics,7333.34,124,59.14,0.084,0.3,3.4
2023-09-16,South,Electronics,8147.74,127,64.16,0.1,0.04,4.8
2023-09-16,East,Sports,8047.3,140,57.48,0.064,0.05,3.9
2023-09-16,West,Sports,7181.03,114,62.99,0.126,0.1,3.2
2023-09-16,Central,Electronics,7870.63,123,63.99,0.123,0.26,5.0
2023-09-17,North,Clothing,7276.45,120,60.64,0.071,0.22,4.6
2023-09-17,South,Books,7387.37,130,56.83,0.039,0.1,3.3
2023-09-17,East,Home,7513.48,124,60.59,0.075,0.21,3.8
2023-09-17,West,Clothing,7571.29,124,61.06,0.07,0.16,4.1
2023-09-17,Central,Clothing,7238.16,131,55.25,0.07,0.17,3.8
2023-09-18,North,Clothing,7100.77,118,60.18,0.067,0.06,4.7
2023-09-18,South,Clothing,7291.14,139,52.45,0.14,0.02,3.7
2023-09-18,East,Clothing,7858.21,128,61.39,0.129,0.17,4.9
2023-09-18,West,Clothing,7017.92,131,53.57,0.027,0.04,4.9
2023-09-18,Central,Books,7424.68,163,45.55,0.027,0.03,4.2
2023-09-19,North,Clothing,7237.69,132,54.83,0.024,0.11,3.2
2023-09-19,South,Clothing,7862.2,128,61.42,0.081,0.04,4.1
2023-09-19,East,Books,7698.87,120,64.16,0.078,0.19,3.0
2023-09-19,West,Clothing,7598.42,131,58.0,0.085,0.0,4.7
2023-09-19,Central,Sports,7585.55,129,58.8,0.112,0.08,4.1
2023-09-20,North,Electronics,7452.99,117,63.7,0.088,0.29,3.3
2023-09-20,South,Clothing,7729.52,156,49.55,0.071,0.25,5.0
2023-09-20,East,Home,7432.29,126,58.99,0.128,0.05,4.6
2023-09-20,West,Electronics,7453.52,128,58.23,0.034,0.11,4.6
2023-09-20,Central,Clothing,7413.71,153,48.46,0.098,0.23,3.6
2023-09-21,North,Electronics,7727.68,137,56.41,0.051,0.03,4.1
2023-09-21,South,Electronics,8382.42,153,54.79,0.143,0.0,3.7
2023-09-21,East,Clothing,7781.84,153,50.86,0.061,0.12,3.7
2023-09-21,West,Sports,7845.69,151,51.96,0.033,0.24,3.3
2023-09-21,Central,Sports,7863.73,138,56.98,0.133,0.01,3.3
2023-09-22,North,Clothing,7496.48,130,57.67,0.135,0.24,4.3
2023-09-22,South,Sports,7435.87,123,60.45,0.087,0.22,4.3
2023-09-22,East,Books,7794.83,128,60.9,0.101,0.28,3.1
2023-09-22,West,Clothing,7430.19,125,59.44,0.047,0.18,3.1
2023-09-22,Central,Clothing,7789.31,141,55.24,0.12,0.09,4.7
2023-09-23,North,Home,7901.15,129,61.25,0.032,0.09,4.9
2023-09-23,South,Clothing,7684.64,147,52.28,0.112,0.14,5.0
2023-09-23,East,Home,7762.78,120,64.69,0.105,0.04,3.2
2023-09-23,West,Sports,7478.78,120,62.32,0.139,0.04,3.7
2023-09-23,Central,Books,7520.53,121,62.15,0.031,0.12,3.9
2023-09-24,North,Electronics,8228.72,179,45.97,0.116,0.07,4.6
2023-09-24,South,Books,6922.78,153,45.25,0.069,0.17,4.7
2023-09-24,East,Home,7668.8,131,58.54,0.104,0.27,3.9
2023-09-24,West,Home,8167.95,174,46.94,0.12,0.06,3.7
2023-09-24,Central,Home,7152.57,130,55.02,0.035,0.14,4.1
2023-09-25,North,Clothing,8494.17,132,64.35,0.062,0.01,4.2
2023-09-25,South,Home,7061.21,135,52.31,0.048,0.06,3.0
2023-09-25,East,Books,8056.75,133,60.58,0.103,0.03,3.1
2023-09-25,West,Sports,7366.59,124,59.41,0.048,0.27,3.4
2023-09-25,Central,Home,7717.37,167,46.21,0.064,0.23,3.3
2023-09-26,North,Clothing,7402.52,135,54.83,0.146,0.13,4.8
2023-09-26,South,Sports,7838.96,138,56.8,0.122,0.18,3.2
2023-09-26,East,Books,7380.42,143,51.61,0.022,0.27,4.9
2023-09-26,West,Home,7223.77,131,55.14,0.054,0.22,5.0
2023-09-26,Central,Sports,8139.98,141,57.73,0.033,0.07,5.0
2023-09-27,North,Clothing,7388.43,138,53.54,0.098,0.06,3.4
2023-09-27,South,Books,7758.37,121,64.12,0.022,0.27,4.0
2023-09-27,East,Home,8016.87,128,62.63,0.074,0.11,4.7
2023-09-27,West,Home,6870.41,132,52.05,0.076,0.05,4.2
2023-09-27,Central,Home,7959.05,142,56.05,0.102,0.21,4.9
2023-09-28,North,Electronics,7718.31,165,46.78,0.104,0.18,3.8
2023-09-28,South,Sports,7527.99,137,54.95,0.033,0.13,4.2
2023-09-28,East,Home,7847.49,146,53.75,0.092,0.03,4.7
2023-09-28,West,Home,7655.0,119,64.33,0.074,0.25,4.4
2023-09-28,Central,Books,7602.39,144,52.79,0.055,0.2,3.6
2023-09-29,North,Clothing,7577.09,120,63.14,0.021,0.27,3.1
2023-09-29,South,Sports,8137.33,131,62.12,0.061,0.05,4.1
2023-09-29,East,Home,7701.18,143,53.85,0.045,0.19,4.7
2023-09-29,West,Clothing,7738.98,162,47.77,0.072,0.1,3.3
2023-09-29,Central,Clothing,7240.42,145,49.93,0.086,0.19,4.6
2023-09-30,North,Books,7856.33,156,50.36,0.046,0.03,3.9
2023-09-30,South,Electronics,7272.22,126,57.72,0.1,0.16,4.9
2023-09-30,East,Books,7562.63,126,60.02,0.044,0.2,3.4
2023-09-30,West,Home,7594.14,155,48.99,0.12,0.2,3.5
2023-09-30,Central,Electronics,8010.62,138,58.05,0.034,0.28,3.2
2023-10-01,North,Clothing,7465.91,156,47.86,0.032,0.15,3.7
2023-10-01,South,Electronics,7790.75,142,54.86,0.083,0.19,3.4
2023-10-01,East,Home,7379.53,138,53.47,0.125,0.05,3.0
2023-10-01,West,Books,7801.64,136,57.36,0.149,0.15,4.2
2023-10-01,Central,Books,7983.36,142,56.22,0.14,0.06,3.1
2023-10-02,North,Electronics,7998.51,166,48.18,0.137,0.01,3.3
2023-10-02,South,Clothing,7694.85,164,46.92,0.055,0.14,4.9
2023-10-02,East,Home,7422.53,145,51.19,0.077,0.28,4.8
2023-10-02,West,Books,7952.41,159,50.02,0.145,0.03,4.6
2023-10-02,Central,Home,7489.14,152,49.27,0.135,0.13,4.5
2023-10-03,North,Sports,7558.27,123,61.45,0.07,0.06,3.7
2023-10-03,South,Sports,8097.32,149,54.34,0.053,0.12,4.2
2023-10-03,East,Sports,7320.56,117,62.57,0.066,0.01,3.4
2023-10-03,West,Books,7418.65,142,52.24,0.068,0.23,3.2
2023-10-03,Central,Home,29733.89,237,125.46,0.094,0.1,3.5
2023-10-04,North,Sports,7886.44,160,49.29,0.056,0.18,4.8
2023-10-04,South,Home,7761.38,124,62.59,0.109,0.13,4.6
2023-10-04,East,Books,7692.97,140,54.95,0.075,0.04,3.3
2023-10-04,West,Sports,7753.04,150,51.69,0.023,0.01,4.6
2023-10-04,Central,Home,7636.59,140,54.55,0.025,0.16,4.1
2023-10-05,North,Home,30173.67,222,135.92,0.114,0.08,4.5
2023-10-05,South,Home,7362.01,143,51.48,0.059,0.3,4.0
2023-10-05,East,Books,7896.15,136,58.06,0.142,0.03,3.4
2023-10-05,West,Home,7746.83,119,65.1,0.049,0.03,4.4
2023-10-05,Central,Sports,7526.1,122,61.69,0.149,0.28,4.7
2023-10-06,North,Electronics,7649.63,162,47.22,0.054,0.21,4.6
2023-10-06,South,Clothing,8206.61,156,52.61,0.096,0.04,3.6
2023-10-06,East,Home,7919.23,127,62.36,0.107,0.16,3.5
2023-10-06,West,Books,8000.17,146,54.8,0.062,0.22,3.5
2023-10-06,Central,Clothing,7659.83,164,46.71,0.106,0.22,3.4
2023-10-07,North,Electronics,7941.79,170,46.72,0.048,0.2,3.9
2023-10-07,South,Sports,7430.93,143,51.96,0.087,0.09,4.9
2023-10-07,East,Sports,7920.61,133,59.55,0.034,0.04,4.8
2023-10-07,West,Home,7443.5,129,57.7,0.044,0.08,3.3
2023-10-07,Central,Electronics,7908.11,154,51.35,0.039,0.26,4.5
2023-10-08,North,Sports,7738.59,158,48.98,0.079,0.08,4.9
2023-10-08,South,Clothing,8335.52,178,46.83,0.072,0.13,3.7
2023-10-08,East,Home,7432.0,161,46.16,0.045,0.06,3.4
2023-10-08,West,Sports,7804.77,154,50.68,0.076,0.2,4.3
2023-10-08,Central,Books,7905.18,171,46.23,0.051,0.16,3.6
2023-10-09,North,Home,7656.7,122,62.76,0.071,0.03,4.5
2023-10-09,South,Books,7882.92,160,49.27,0.103,0.21,3.6
2023-10-09,East,Sports,7547.73,167,45.2,0.082,0.09,4.8
2023-10-09,West,Home,7729.21,166,46.56,0.038,0.0,3.9
2023-10-09,Central,Books,7970.91,154,51.76,0.135,0.05,4.5
2023-10-10,North,Home,37967.75,219,173.37,0.034,0.25,4.1
2023-10-10,South,Sports,7737.29,119,65.02,0.085,0.23,4.6
2023-10-10,East,Books,8158.31,157,51.96,0.149,0.08,4.0
2023-10-10,West,Books,29784.59,229,130.06,0.136,0.23,4.7
2023-10-10,Central,Electronics,8050.06,170,47.35,0.039,0.12,3.4
2023-10-11,North,Electronics,7496.99,115,65.19,0.052,0.22,4.9
2023-10-11,South,Electronics,7415.4,151,49.11,0.146,0.26,4.4
2023-10-11,East,Sports,8112.79,128,63.38,0.043,0.27,3.7
2023-10-11,West,Clothing,7534.45,117,64.4,0.025,0.16,3.7
2023-10-11,Central,Home,8079.04,141,57.3,0.094,0.24,3.7
2023-10-12,North,Clothing,7769.38,122,63.68,0.088,0.09,4.1
2023-10-12,South,Electronics,7764.27,160,48.53,0.124,0.0,3.1
2023-10-12,East,Home,7656.64,166,46.12,0.066,0.25,3.1
2023-10-12,West,Sports,8133.17,170,47.84,0.106,0.23,3.3
2023-10-12,Central,Sports,7943.89,122,65.11,0.139,0.09,3.1
2023-10-13,North,Home,7871.77,123,64.0,0.075,0.29,3.2
2023-10-13,South,Books,7731.16,150,51.54,0.125,0.04,4.5
2023-10-13,East,Clothing,8002.91,160,50.02,0.059,0.03,4.1
2023-10-13,West,Home,7488.23,142,52.73,0.032,0.16,4.4
2023-10-13,Central,Books,7477.12,135,55.39,0.081,0.13,3.8
2023-10-14,North,Home,7698.72,137,56.2,0.031,0.04,4.8
2023-10-14,South,Books,7796.78,128,60.91,0.037,0.16,4.1
2023-10-14,East,Electronics,7623.38,144,52.94,0.08,0.23,4.0
2023-10-14,West,Books,8243.64,133,61.98,0.128,0.19,3.7
2023-10-14,Central,Electronics,7962.26,145,54.91,0.036,0.18,4.0
2023-10-15,North,Sports,7911.24,133,59.48,0.039,0.22,4.0
2023-10-15,South,Books,7842.93,126,62.25,0.113,0.28,4.6
2023-10-15,East,Electronics,8212.44,142,57.83,0.02,0.18,3.2
2023-10-15,West,Home,7934.84,145,54.72,0.071,0.28,3.6
2023-10-15,Central,Clothing,7884.39,144,54.75,0.129,0.16,4.6
2023-10-16,North,Electronics,7529.57,131,57.48,0.044,0.25,4.3
2023-10-16,South,Sports,7238.39,149,48.58,0.046,0.14,3.6
2023-10-16,East,Home,8101.61,154,52.61,0.111,0.03,3.8
2023-10-16,West,Home,8013.2,149,53.78,0.036,0.12,4.2
2023-10-16,Central,Books,8203.1,141,58.18,0.145,0.14,4.4
2023-10-17,North,Books,7880.16,155,50.84,0.085,0.26,3.4
2023-10-17,South,Clothing,8087.31,146,55.39,0.066,0.22,3.7
2023-10-17,East,Books,7577.32,127,59.66,0.122,0.2,4.8
2023-10-17,West,Sports,8309.52,151,55.03,0.106,0.17,4.9
2023-10-17,Central,Clothing,8026.14,132,60.8,0.111,0.18,4.2
2023-10-18,North,Clothing,7310.44,157,46.56,0.05,0.2,4.0
2023-10-18,South,Clothing,7511.49,128,58.68,0.148,0.24,4.5
2023-10-18,East,Home,7851.42,161,48.77,0.14,0.02,3.5
2023-10-18,West,Home,8438.6,184,45.86,0.119,0.18,4.7
2023-10-18,Central,Sports,8031.55,136,59.06,0.092,0.06,4.0
2023-10-19,North,Clothing,7685.0,131,58.66,0.076,0.16,4.6
2023-10-19,South,Electronics,7864.01,122,64.46,0.125,0.27,3.7
2023-10-19,East,Electronics,7841.22,147,53.34,0.064,0.2,4.9
2023-10-19,West,Home,7757.0,158,49.09,0.085,0.11,4.8
2023-10-19,Central,Home,7442.74,119,62.54,0.076,0.11,3.1
2023-10-20,North,Clothing,8278.71,162,51.1,0.027,0.16,3.0
2023-10-20,South,Books,8063.7,131,61.55,0.071,0.11,4.7
2023-10-20,East,Sports,7951.97,142,56.0,0.141,0.15,3.8
2023-10-20,West,Electronics,8023.67,173,46.38,0.096,0.28,5.0
2023-10-20,Central,Electronics,7772.77,145,53.61,0.038,0.16,4.5
2023-10-21,North,Electronics,7763.24,122,63.63,0.051,0.02,4.9
2023-10-21,South,Electronics,8211.87,136,60.38,0.143,0.18,4.2
2023-10-21,East,Clothing,7561.88,162,46.68,0.055,0.01,3.1
2023-10-21,West,Clothing,7391.91,137,53.96,0.023,0.02,4.5
2023-10-21,Central,Home,7805.54,127,61.46,0.109,0.22,4.1
2023-10-22,North,Home,8319.85,141,59.01,0.091,0.03,3.2
2023-10-22,South,Books,8000.41,139,57.56,0.045,0.13,3.1
2023-10-22,East,Sports,7881.0,159,49.57,0.094,0.3,3.0
2023-10-22,West,Electronics,8233.27,138,59.66,0.027,0.13,3.6
2023-10-22,Central,Clothing,7676.19,122,62.92,0.099,0.14,3.2
2023-10-23,North,Sports,8220.44,176,46.71,0.047,0.21,4.6
2023-10-23,South,Books,8320.58,154,54.03,0.121,0.09,4.3
2023-10-23,East,Sports,7489.64,134,55.89,0.085,0.02,4.8
2023-10-23,West,Clothing,7730.14,152,50.86,0.129,0.16,3.6
2023-10-23,Central,Clothing,7443.46,132,56.39,0.025,0.07,3.9
2023-10-24,North,Books,7921.33,174,45.52,0.056,0.12,4.7
2023-10-24,South,Sports,7116.21,152,46.82,0.07,0.01,3.8
2023-10-24,East,Sports,7654.45,145,52.79,0.027,0.09,4.1
2023-10-24,West,Sports,7928.94,152,52.16,0.118,0.1,4.7
2023-10-24,Central,Sports,7815.77,158,49.47,0.076,0.13,4.5
2023-10-25,North,Electronics,8365.28,140,59.75,0.092,0.29,4.9
2023-10-25,South,Sports,7650.67,137,55.84,0.12,0.08,4.9
2023-10-25,East,Clothing,8759.23,161,54.41,0.037,0.0,4.6
2023-10-25,West,Books,7985.79,159,50.23,0.094,0.01,3.5
2023-10-25,Central,Sports,7826.43,155,50.49,0.022,0.09,4.3
2023-10-26,North,Electronics,24666.71,226,109.14,0.146,0.14,4.7
2023-10-26,South,Electronics,7375.54,149,49.5,0.056,0.18,3.6
2023-10-26,East,Home,8048.34,133,60.51,0.037,0.19,3.3
2023-10-26,West,Electronics,7948.52,138,57.6,0.105,0.06,4.0
2023-10-26,Central,Books,7630.63,136,56.11,0.147,0.0,4.7
2023-10-27,North,Electronics,7980.21,128,62.35,0.098,0.1,3.2
2023-10-27,South,Books,7547.46,151,49.98,0.128,0.2,3.1
2023-10-27,East,Electronics,8008.27,149,53.75,0.062,0.24,3.7
2023-10-27,West,Sports,7518.93,138,54.48,0.024,0.11,3.6
2023-10-27,Central,Electronics,8122.03,169,48.06,0.099,0.24,4.0
2023-10-28,North,Clothing,7962.73,140,56.88,0.069,0.17,4.3
2023-10-28,South,Electronics,7543.14,157,48.05,0.144,0.29,5.0
2023-10-28,East,Sports,6931.23,120,57.76,0.115,0.25,4.1
2023-10-28,West,Sports,7474.39,162,46.14,0.088,0.1,3.4
2023-10-28,Central,Books,7306.24,141,51.82,0.05,0.09,4.9
2023-10-29,North,Home,7602.95,129,58.94,0.067,0.11,4.0
2023-10-29,South,Home,8278.84,144,57.49,0.05,0.25,5.0
2023-10-29,East,Home,7680.33,120,64.0,0.108,0.2,4.2
2023-10-29,West,Sports,7981.41,168,47.51,0.148,0.17,4.3
2023-10-29,Central,Home,7640.52,126,60.64,0.022,0.04,3.5
2023-10-30,North,Electronics,7261.34,121,60.01,0.128,0.01,3.3
2023-10-30,South,Sports,7680.41,165,46.55,0.139,0.27,3.7
2023-10-30,East,Books,7600.2,128,59.38,0.097,0.18,5.0
2023-10-30,West,Books,8133.59,177,45.95,0.143,0.27,4.3
2023-10-30,Central,Clothing,7894.38,131,60.26,0.114,0.18,4.6
2023-10-31,North,Electronics,7602.41,137,55.49,0.097,0.11,4.3
2023-10-31,South,Electronics,7688.66,139,55.31,0.05,0.15,3.1
2023-10-31,East,Sports,8144.36,147,55.4,0.13,0.13,3.6
2023-10-31,West,Clothing,7844.22,163,48.12,0.076,0.08,4.8
2023-10-31,Central,Clothing,8093.66,157,51.55,0.035,0.08,3.9
2023-11-01,North,Electronics,8118.44,128,63.43,0.14,0.2,3.3
2023-11-01,South,Clothing,7769.14,158,49.17,0.024,0.27,4.9
2023-11-01,East,Electronics,7411.77,164,45.19,0.068,0.08,4.9
2023-11-01,West,Clothing,7799.33,145,53.79,0.128,0.09,3.2
2023-11-01,Central,Books,7775.5,144,54.0,0.031,0.04,3.6
2023-11-02,North,Electronics,7384.7,126,58.61,0.117,0.07,3.1
2023-11-02,South,Electronics,8092.04,149,54.31,0.112,0.09,4.8
2023-11-02,East,Sports,8167.97,152,53.74,0.061,0.25,4.3
2023-11-02,West,Home,26190.42,207,126.52,0.133,0.07,3.4
2023-11-02,Central,Clothing,7885.85,144,54.76,0.115,0.08,3.4
2023-11-03,North,Electronics,8475.23,136,62.32,0.076,0.15,4.2
2023-11-03,South,Books,7433.85,125,59.47,0.1,0.19,3.5
2023-11-03,East,Clothing,7737.32,120,64.48,0.134,0.2,4.0
2023-11-03,West,Sports,8251.91,143,57.71,0.083,0.03,3.2
2023-11-03,Central,Books,8320.41,163,51.05,0.052,0.13,3.4
2023-11-04,North,Books,7619.01,118,64.57,0.111,0.21,4.5
2023-11-04,South,Clothing,7421.97,135,54.98,0.024,0.08,3.4
2023-11-04,East,Sports,8016.66,129,62.14,0.12,0.08,3.6
2023-11-04,West,Books,7709.91,145,53.17,0.083,0.07,4.3
2023-11-04,Central,Clothing,8165.73,177,46.13,0.094,0.05,3.4
2023-11-05,North,Sports,7456.3,130,57.36,0.09,0.29,3.0
2023-11-05,South,Books,7454.45,141,52.87,0.139,0.23,4.1
2023-11-05,East,Clothing,7766.96,148,52.48,0.129,0.12,4.4
2023-11-05,West,Books,7671.04,150,51.14,0.063,0.06,4.5
2023-11-05,Central,Electronics,8046.62,177,45.46,0.085,0.24,3.1
2023-11-06,North,Clothing,7950.72,156,50.97,0.024,0.22,4.6
2023-11-06,South,Electronics,7762.15,126,61.6,0.03,0.15,4.4
2023-11-06,East,Sports,8191.44,137,59.79,0.099,0.05,4.5
2023-11-06,West,Books,8032.83,140,57.38,0.075,0.22,3.6
2023-11-06,Central,Sports,7790.49,143,54.48,0.081,0.09,3.2
2023-11-07,North,Sports,8366.94,153,54.69,0.086,0.11,5.0
2023-11-07,South,Sports,7910.78,132,59.93,0.113,0.14,4.2
2023-11-07,East,Electronics,8499.26,157,54.14,0.104,0.1,4.6
2023-11-07,West,Clothing,8070.55,125,64.56,0.047,0.28,4.2
2023-11-07,Central,Sports,8253.74,133,62.06,0.119,0.02,4.0
2023-11-08,North,Clothing,8153.27,153,53.29,0.025,0.21,4.2
2023-11-08,South,Home,8163.76,165,49.48,0.091,0.09,4.3
2023-11-08,East,Sports,7828.61,152,51.5,0.092,0.22,4.5
2023-11-08,West,Electronics,8277.99,177,46.77,0.041,0.22,3.3
2023-11-08,Central,Electronics,7849.87,146,53.77,0.135,0.15,4.3
2023-11-09,North,Electronics,7846.87,125,62.77,0.059,0.13,3.6
2023-11-09,South,Sports,7984.25,125,63.87,0.062,0.27,4.1
2023-11-09,East,Books,8134.76,138,58.95,0.088,0.08,3.9
2023-11-09,West,Clothing,8224.14,129,63.75,0.041,0.21,3.9
2023-11-09,Central,Electronics,7931.79,145,54.7,0.061,0.06,4.4
2023-11-10,North,Electronics,8190.99,146,56.1,0.101,0.18,3.1
2023-11-10,South,Books,25768.53,219,117.66,0.127,0.26,4.2
2023-11-10,East,Home,7549.3,147,51.36,0.141,0.17,4.3
2023-11-10,West,Clothing,8137.24,172,47.31,0.054,0.03,4.6
2023-11-10,Central,Books,8403.58,148,56.78,0.095,0.26,4.2
2023-11-11,North,Clothing,8508.66,148,57.49,0.042,0.24,5.0
2023-11-11,South,Clothing,7926.88,169,46.9,0.039,0.14,3.0
2023-11-11,East,Home,8729.81,182,47.97,0.106,0.1,4.0
2023-11-11,West,Home,8401.62,177,47.47,0.121,0.21,3.7
2023-11-11,Central,Clothing,8167.36,175,46.67,0.144,0.28,4.7
2023-11-12,North,Sports,7816.17,131,59.67,0.077,0.21,3.5
2023-11-12,South,Books,8506.92,146,58.27,0.131,0.23,3.7
2023-11-12,East,Clothing,8479.71,158,53.67,0.07,0.05,4.5
2023-11-12,West,Electronics,30276.59,225,134.56,0.138,0.27,4.0
2023-11-12,Central,Books,8060.24,178,45.28,0.103,0.12,5.0
2023-11-13,North,Electronics,7980.1,172,46.4,0.132,0.28,5.0
2023-11-13,South,Home,7817.86,135,57.91,0.117,0.19,4.1
2023-11-13,East,Clothing,8277.09,144,57.48,0.133,0.04,3.8
2023-11-13,West,Electronics,8223.19,132,62.3,0.061,0.26,3.6
2023-11-13,Central,Books,8311.17,139,59.79,0.137,0.05,5.0
2023-11-14,North,Electronics,7707.89,129,59.75,0.142,0.12,4.7
2023-11-14,South,Books,8004.63,130,61.57,0.031,0.13,3.6
2023-11-14,East,Clothing,7961.59,162,49.15,0.103,0.25,4.9
2023-11-14,West,Electronics,7913.58,167,47.39,0.094,0.14,3.2
2023-11-14,Central,Clothing,8414.47,179,47.01,0.061,0.19,3.0
2023-11-15,North,Clothing,8088.56,140,57.78,0.06,0.2,4.9
2023-11-15,South,Clothing,8105.46,130,62.35,0.06,0.11,3.6
2023-11-15,East,Books,7997.41,150,53.32,0.135,0.05,3.6
2023-11-15,West,Home,8448.18,143,59.08,0.066,0.11,4.5
2023-11-15,Central,Sports,7509.08,127,59.13,0.07,0.16,3.4
2023-11-16,North,Books,7995.7,135,59.23,0.047,0.21,4.0
2023-11-16,South,Books,8333.72,178,46.82,0.048,0.08,4.8
2023-11-16,East,Home,7609.36,137,55.54,0.038,0.18,3.7
2023-11-16,West,Books,7789.34,170,45.82,0.133,0.0,3.8
2023-11-16,Central,Electronics,8354.55,161,51.89,0.044,0.11,3.3
2023-11-17,North,Sports,7607.23,141,53.95,0.095,0.13,3.8
2023-11-17,South,Books,7941.61,128,62.04,0.098,0.14,3.8
2023-11-17,East,Sports,8754.93,176,49.74,0.034,0.13,3.5
2023-11-17,West,Clothing,8258.89,146,56.57,0.087,0.28,4.8
2023-11-17,Central,Clothing,8787.45,179,49.09,0.037,0.1,4.9
2023-11-18,North,Clothing,7940.87,123,64.56,0.124,0.14,3.3
2023-11-18,South,Electronics,8265.88,131,63.1,0.044,0.26,3.9
2023-11-18,East,Sports,8097.3,136,59.54,0.13,0.11,4.0
2023-11-18,West,Home,7906.67,134,59.01,0.107,0.25,4.4
2023-11-18,Central,Clothing,8376.68,139,60.26,0.061,0.28,3.8
2023-11-19,North,Sports,7992.03,136,58.76,0.071,0.02,4.0
2023-11-19,South,Clothing,8322.68,139,59.88,0.135,0.05,3.5
2023-11-19,East,Home,7876.54,174,45.27,0.139,0.19,3.3
2023-11-19,West,Home,8375.52,171,48.98,0.032,0.12,3.4
2023-11-19,Central,Books,8257.3,141,58.56,0.145,0.13,3.3
2023-11-20,North,Home,8325.94,141,59.05,0.125,0.1,4.5
2023-11-20,South,Clothing,7945.39,129,61.59,0.095,0.12,3.9
2023-11-20,East,Home,7862.14,143,54.98,0.075,0.02,3.8
2023-11-20,West,Sports,8108.27,132,61.43,0.068,0.14,3.7
2023-11-20,Central,Clothing,7966.93,143,55.71,0.147,0.16,3.8
2023-11-21,North,Sports,8047.32,155,51.92,0.054,0.15,4.2
2023-11-21,South,Home,7972.87,127,62.78,0.057,0.04,4.0
2023-11-21,East,Books,7703.01,131,58.8,0.108,0.23,3.0
2023-11-21,West,Home,8591.8,170,50.54,0.022,0.1,4.3
2023-11-21,Central,Clothing,7892.83,172,45.89,0.043,0.16,3.3
2023-11-22,North,Books,7975.31,166,48.04,0.065,0.14,4.2
2023-11-22,South,Sports,8701.17,136,63.98,0.08,0.02,3.7
2023-11-22,East,Electronics,7818.03,163,47.96,0.07,0.29,3.2
2023-11-22,West,Books,8583.03,160,53.64,0.114,0.22,3.2
2023-11-22,Central,Clothing,7915.29,125,63.32,0.094,0.3,4.2
2023-11-23,North,Sports,7627.64,129,59.13,0.081,0.23,3.9
2023-11-23,South,Books,8014.81,133,60.26,0.085,0.01,3.8
2023-11-23,East,Home,8247.48,182,45.32,0.105,0.08,3.9
2023-11-23,West,Electronics,8367.76,137,61.08,0.049,0.01,3.6
2023-11-23,Central,Sports,8372.27,141,59.38,0.075,0.18,4.1
2023-11-24,North,Books,8250.62,151,54.64,0.064,0.1,3.9
2023-11-24,South,Home,7674.11,155,49.51,0.053,0.01,4.7
2023-11-24,East,Sports,8271.32,128,64.62,0.148,0.02,4.5
2023-11-24,West,Home,7903.26,131,60.33,0.024,0.19,3.3
2023-11-24,Central,Electronics,8107.06,155,52.3,0.118,0.09,4.5
2023-11-25,North,Electronics,8454.32,151,55.99,0.033,0.07,5.0
2023-11-25,South,Clothing,8145.07,144,56.56,0.12,0.3,5.0
2023-11-25,East,Books,7898.18,160,49.36,0.062,0.11,3.2
2023-11-25,West,Books,8077.45,128,63.11,0.085,0.16,3.5
2023-11-25,Central,Clothing,7748.52,152,50.98,0.14,0.05,3.6
2023-11-26,North,Home,8459.85,152,55.66,0.105,0.21,3.2
2023-11-26,South,Electronics,7900.15,148,53.38,0.1,0.04,4.2
2023-11-26,East,Home,8022.9,123,65.23,0.143,0.1,3.5
2023-11-26,West,Sports,7866.2,168,46.82,0.135,0.2,4.1
2023-11-26,Central,Clothing,8030.57,128,62.74,0.08,0.22,3.5
2023-11-27,North,Electronics,7716.57,157,49.15,0.136,0.06,3.9
2023-11-27,South,Clothing,8265.66,165,50.09,0.124,0.29,4.0
2023-11-27,East,Clothing,8495.95,164,51.8,0.052,0.22,3.1
2023-11-27,West,Home,8445.79,140,60.33,0.133,0.3,4.7
2023-11-27,Central,Electronics,8464.94,168,50.39,0.113,0.18,5.0
2023-11-28,North,Electronics,8326.22,140,59.47,0.058,0.12,4.6
2023-11-28,South,Home,8226.4,138,59.61,0.076,0.04,3.3
2023-11-28,East,Electronics,7909.74,157,50.38,0.114,0.11,4.3
2023-11-28,West,Books,8333.45,152,54.83,0.103,0.02,4.8
2023-11-28,Central,Books,8367.11,152,55.05,0.065,0.21,3.7
2023-11-29,North,Clothing,7981.96,158,50.52,0.039,0.09,3.4
2023-11-29,South,Books,8273.6,157,52.7,0.06,0.21,4.1
2023-11-29,East,Clothing,8042.65,137,58.71,0.039,0.09,3.8
2023-11-29,West,Clothing,8648.81,149,58.05,0.096,0.04,3.0
2023-11-29,Central,Home,7967.43,127,62.74,0.1,0.05,3.7
2023-11-30,North,Books,8481.65,176,48.19,0.088,0.11,4.9
2023-11-30,South,Home,7850.44,143,54.9,0.022,0.28,3.7
2023-11-30,East,Books,7724.83,150,51.5,0.099,0.22,3.2
2023-11-30,West,Electronics,8327.54,147,56.65,0.129,0.25,4.6
2023-11-30,Central,Clothing,8545.35,154,55.49,0.067,0.01,4.3
2023-12-01,North,Sports,8562.72,169,50.67,0.133,0.29,3.1
2023-12-01,South,Books,8115.82,144,56.36,0.124,0.05,4.9
2023-12-01,East,Sports,8356.88,140,59.69,0.055,0.08,4.5
2023-12-01,West,Clothing,8053.25,134,60.1,0.088,0.02,3.5
2023-12-01,Central,Electronics,7881.94,145,54.36,0.061,0.19,3.4
2023-12-02,North,Clothing,8028.5,169,47.51,0.033,0.18,4.2
2023-12-02,South,Home,8218.58,153,53.72,0.121,0.06,4.6
2023-12-02,East,Electronics,8271.09,144,57.44,0.053,0.12,3.5
2023-12-02,West,Books,8049.51,147,54.76,0.054,0.16,3.7
2023-12-02,Central,Home,8034.93,137,58.65,0.034,0.23,3.4
2023-12-03,North,Clothing,8875.31,160,55.47,0.029,0.13,3.6
2023-12-03,South,Sports,8267.08,130,63.59,0.127,0.06,3.2
2023-12-03,East,Home,8270.42,161,51.37,0.033,0.09,4.2
2023-12-03,West,Clothing,8496.44,150,56.64,0.045,0.12,3.3
2023-12-03,Central,Home,8482.86,164,51.72,0.105,0.24,4.6
2023-12-04,North,Home,8621.03,171,50.42,0.141,0.25,3.7
2023-12-04,South,Books,8083.54,131,61.71,0.075,0.12,3.8
2023-12-04,East,Home,8704.11,144,60.45,0.066,0.24,4.9
2023-12-04,West,Books,8257.1,139,59.4,0.058,0.11,3.6
2023-12-04,Central,Sports,8191.58,134,61.13,0.116,0.24,4.2
2023-12-05,North,Home,8037.13,172,46.73,0.142,0.18,4.9
2023-12-05,South,Home,8348.61,130,64.22,0.109,0.27,4.0
2023-12-05,East,Books,8183.23,155,52.8,0.056,0.11,4.8
2023-12-05,West,Electronics,8662.91,183,47.34,0.062,0.23,3.8
2023-12-05,Central,Electronics,8359.52,163,51.29,0.077,0.1,4.1
2023-12-06,North,Books,8409.73,144,58.4,0.11,0.04,4.5
2023-12-06,South,Books,8589.92,143,60.07,0.138,0.13,4.8
2023-12-06,East,Home,7932.49,162,48.97,0.067,0.06,4.9
2023-12-06,West,Home,8246.9,129,63.93,0.076,0.24,4.6
2023-12-06,Central,Sports,8677.5,140,61.98,0.069,0.17,5.0
2023-12-07,North,Books,8869.88,172,51.57,0.095,0.19,4.5
2023-12-07,South,Electronics,8127.3,144,56.44,0.089,0.24,4.7
2023-12-07,East,Electronics,8857.67,154,57.52,0.12,0.13,3.6
2023-12-07,West,Clothing,8635.02,159,54.31,0.105,0.02,4.3
2023-12-07,Central,Home,8083.15,137,59.0,0.136,0.12,3.6
2023-12-08,North,Electronics,8599.82,149,57.72,0.049,0.13,3.5
2023-12-08,South,Clothing,8365.52,162,51.64,0.12,0.17,3.7
2023-12-08,East,Clothing,8732.32,139,62.82,0.045,0.04,3.6
2023-12-08,West,Clothing,8587.78,134,64.09,0.09,0.29,3.7
2023-12-08,Central,Clothing,8508.75,165,51.57,0.046,0.05,5.0
2023-12-09,North,Home,8370.92,138,60.66,0.036,0.28,3.1
2023-12-09,South,Clothing,8969.18,143,62.72,0.069,0.13,3.8
2023-12-09,East,Clothing,8379.76,136,61.62,0.086,0.17,4.0
2023-12-09,West,Home,8581.23,177,48.48,0.116,0.11,5.0
2023-12-09,Central,Home,8121.43,173,46.94,0.053,0.03,3.9
2023-12-10,North,Home,8413.42,186,45.23,0.145,0.03,3.7
2023-12-10,South,Clothing,8268.04,129,64.09,0.15,0.03,4.3
2023-12-10,East,Books,8411.14,159,52.9,0.115,0.27,3.1
2023-12-10,West,Clothing,8416.33,186,45.25,0.11,0.23,3.1
2023-12-10,Central,Books,8155.19,133,61.32,0.068,0.12,3.3
2023-12-11,North,Clothing,8648.0,134,64.54,0.067,0.28,4.6
2023-12-11,South,Home,8940.27,196,45.61,0.101,0.27,3.5
2023-12-11,East,Electronics,8091.69,156,51.87,0.116,0.04,3.8
2023-12-11,West,Sports,8791.45,157,56.0,0.042,0.03,3.7
2023-12-11,Central,Home,8371.7,180,46.51,0.148,0.26,4.1
2023-12-12,North,Electronics,8636.39,181,47.71,0.06,0.14,4.8
2023-12-12,South,Electronics,8631.68,165,52.31,0.082,0.22,4.7
2023-12-12,East,Clothing,8644.14,176,49.11,0.125,0.04,4.3
2023-12-12,West,Clothing,8307.5,164,50.66,0.049,0.06,4.3
2023-12-12,Central,Sports,7851.5,152,51.65,0.088,0.17,4.8
2023-12-13,North,Sports,8347.46,156,53.51,0.116,0.26,4.5
2023-12-13,South,Clothing,8178.43,134,61.03,0.147,0.0,4.3
2023-12-13,East,Books,33477.34,238,140.66,0.044,0.26,4.9
2023-12-13,West,Home,8147.52,153,53.25,0.101,0.16,3.2
2023-12-13,Central,Clothing,8243.59,129,63.9,0.053,0.24,4.0
2023-12-14,North,Books,8851.73,158,56.02,0.119,0.08,4.6
2023-12-14,South,Home,8286.26,148,55.99,0.128,0.04,4.4
2023-12-14,East,Home,8377.53,176,47.6,0.077,0.3,3.2
2023-12-14,West,Sports,8585.67,162,53.0,0.045,0.25,3.4
2023-12-14,Central,Books,8083.37,178,45.41,0.088,0.23,4.1
2023-12-15,North,Sports,8265.48,148,55.85,0.042,0.05,4.4
2023-12-15,South,Clothing,8339.08,144,57.91,0.13,0.23,3.3
2023-12-15,East,Home,8741.51,140,62.44,0.059,0.27,4.9
2023-12-15,West,Clothing,8210.65,130,63.16,0.114,0.09,3.1
2023-12-15,Central,Sports,8241.55,167,49.35,0.145,0.02,3.8
2023-12-16,North,Clothing,7936.1,165,48.1,0.071,0.05,3.8
2023-12-16,South,Books,8176.09,157,52.08,0.038,0.12,4.5
2023-12-16,East,Clothing,8243.27,145,56.85,0.078,0.2,4.5
2023-12-16,West,Sports,8516.01,166,51.3,0.081,0.2,3.6
2023-12-16,Central,Home,8376.63,176,47.59,0.04,0.26,4.5
2023-12-17,North,Books,8261.48,129,64.04,0.035,0.14,4.2
2023-12-17,South,Home,7774.9,124,62.7,0.119,0.07,3.2
2023-12-17,East,Home,8784.05,154,57.04,0.129,0.29,3.8
2023-12-17,West,Books,8370.0,144,58.13,0.13,0.22,4.8
2023-12-17,Central,Books,8205.72,140,58.61,0.031,0.03,4.6
2023-12-18,North,Sports,8179.08,164,49.87,0.076,0.08,5.0
2023-12-18,South,Sports,8545.79,149,57.35,0.087,0.28,3.8
2023-12-18,East,Electronics,8077.81,141,57.29,0.095,0.04,4.5
2023-12-18,West,Home,8098.5,128,63.27,0.113,0.01,4.3
2023-12-18,Central,Sports,8729.96,162,53.89,0.025,0.12,4.6
2023-12-19,North,Clothing,8384.19,132,63.52,0.023,0.28,3.2
2023-12-19,South,Home,8076.65,127,63.6,0.13,0.08,4.6
2023-12-19,East,Electronics,7944.86,158,50.28,0.062,0.21,4.3
2023-12-19,West,Sports,9067.02,150,60.45,0.12,0.16,3.6
2023-12-19,Central,Electronics,8169.39,133,61.42,0.063,0.18,4.5
2023-12-20,North,Books,8566.46,138,62.08,0.033,0.22,4.3
2023-12-20,South,Books,8269.59,169,48.93,0.131,0.15,3.7
2023-12-20,East,Clothing,8729.73,162,53.89,0.145,0.1,3.2
2023-12-20,West,Sports,7833.42,132,59.34,0.09,0.12,4.4
2023-12-20,Central,Sports,8082.11,165,48.98,0.139,0.2,4.7
2023-12-21,North,Home,8581.35,164,52.33,0.033,0.29,4.6
2023-12-21,South,Sports,8631.69,137,63.01,0.146,0.1,3.4
2023-12-21,East,Electronics,8518.48,177,48.13,0.084,0.25,5.0
2023-12-21,West,Clothing,8214.63,164,50.09,0.039,0.09,4.9
2023-12-21,Central,Sports,8630.32,160,53.94,0.045,0.06,4.0
2023-12-22,North,Home,8155.37,153,53.3,0.117,0.21,5.0
2023-12-22,South,Clothing,8501.67,162,52.48,0.062,0.11,4.9
2023-12-22,East,Clothing,8202.81,172,47.69,0.123,0.17,3.2
2023-12-22,West,Electronics,9182.62,155,59.24,0.125,0.18,4.4
2023-12-22,Central,Sports,7991.75,134,59.64,0.127,0.07,3.5
2023-12-23,North,Electronics,8606.51,160,53.79,0.144,0.05,4.1
2023-12-23,South,Books,8148.99,145,56.2,0.082,0.21,3.1
2023-12-23,East,Electronics,7978.72,157,50.82,0.113,0.15,4.4
2023-12-23,West,Clothing,9025.49,141,64.01,0.106,0.09,4.4
2023-12-23,Central,Home,8360.52,137,61.03,0.039,0.16,4.4
2023-12-24,North,Books,36492.59,252,144.81,0.096,0.23,3.1
2023-12-24,South,Sports,8729.23,181,48.23,0.121,0.3,4.7
2023-12-24,East,Electronics,8564.33,187,45.8,0.063,0.03,3.8
2023-12-24,West,Home,8305.22,135,61.52,0.038,0.1,3.2
2023-12-24,Central,Books,8008.96,153,52.35,0.085,0.06,3.8
2023-12-25,North,Electronics,8581.12,148,57.98,0.088,0.01,4.2
2023-12-25,South,Books,9317.84,144,64.71,0.032,0.0,5.0
2023-12-25,East,Sports,8719.39,170,51.29,0.093,0.26,4.9
2023-12-25,West,Clothing,8474.38,173,48.98,0.09,0.29,3.2
2023-12-25,Central,Home,8382.42,159,52.72,0.112,0.26,3.4
2023-12-26,North,Electronics,8304.15,173,48.0,0.101,0.28,4.8
2023-12-26,South,Electronics,8504.09,133,63.94,0.065,0.05,4.0
2023-12-26,East,Sports,8316.75,132,63.01,0.04,0.18,3.7
2023-12-26,West,Electronics,8040.92,130,61.85,0.107,0.02,3.5
2023-12-26,Central,Home,8586.53,179,47.97,0.044,0.12,3.7
2023-12-27,North,Sports,9058.05,147,61.62,0.033,0.16,4.3
2023-12-27,South,Sports,8134.32,158,51.48,0.111,0.16,4.5
2023-12-27,East,Books,8320.58,174,47.82,0.143,0.13,3.9
2023-12-27,West,Electronics,8281.13,177,46.79,0.062,0.15,3.8
2023-12-27,Central,Electronics,7945.57,156,50.93,0.089,0.01,4.9
2023-12-28,North,Sports,8490.15,166,51.15,0.091,0.19,4.5
2023-12-28,South,Sports,8391.11,164,51.17,0.027,0.25,4.7
2023-12-28,East,Clothing,8462.3,141,60.02,0.086,0.2,3.1
2023-12-28,West,Books,8555.63,175,48.89,0.029,0.06,3.4
2023-12-28,Central,Clothing,42656.25,228,187.09,0.137,0.03,3.6
2023-12-29,North,Clothing,8855.22,139,63.71,0.148,0.25,3.7
2023-12-29,South,Clothing,8242.96,133,61.98,0.098,0.19,3.5
2023-12-29,East,Books,8891.92,150,59.28,0.047,0.26,4.5
2023-12-29,West,Home,8279.05,164,50.48,0.127,0.11,4.7
2023-12-29,Central,Electronics,38085.82,259,147.05,0.11,0.13,4.3
2023-12-30,North,Electronics,8985.76,181,49.65,0.041,0.24,3.1
2023-12-30,South,Home,8324.84,139,59.89,0.057,0.09,4.7
2023-12-30,East,Home,8459.78,168,50.36,0.127,0.27,4.9
2023-12-30,West,Home,8169.99,171,47.78,0.082,0.03,3.1
2023-12-30,Central,Electronics,8382.76,158,53.06,0.051,0.18,3.9
2023-12-31,North,Clothing,8763.56,191,45.88,0.12,0.22,3.1
2023-12-31,South,Books,8827.25,194,45.5,0.14,0.11,3.4
2023-12-31,East,Electronics,8326.69,173,48.13,0.049,0.19,3.7
2023-12-31,West,Home,8275.98,139,59.54,0.029,0.07,4.1
2023-12-31,Central,Electronics,8354.83,129,64.77,0.073,0.16,4.2
