transaction_id,timestamp,amount,merchant_category,payment_method,country,customer_age,transaction_hour,is_weekend,distance_from_home_km,is_fraud
TXN000001,2024-04-04T03:17:00,41.68,retail,digital_wallet,UK,54,22,1,11.6,0
TXN000002,2024-01-17T06:38:00,348.45,retail,digital_wallet,CA,18,13,1,1.0,0
TXN000003,2024-02-21T08:23:00,4.65,healthcare,debit,FR,30,1,0,7.8,0
TXN000004,2024-02-05T17:07:00,7.73,restaurant,credit,FR,35,1,0,5.2,0
TXN000005,2024-02-13T00:47:00,261.98,online,digital_wallet,UK,21,5,0,16.8,0
TXN000006,2024-03-22T09:03:00,135.43,online,credit,JP,51,20,1,3.4,0
TXN000007,2024-05-20T11:14:00,40.7,travel,debit,DE,47,18,0,35.7,0
TXN000008,2024-04-08T02:44:00,105.33,restaurant,debit,CA,49,21,0,0.2,0
TXN000009,2024-08-13T05:11:00,5.79,retail,credit,CA,76,20,1,7.7,0
TXN000010,2024-09-26T10:12:00,247.54,online,credit,JP,80,20,1,0.0,0
TXN000011,2024-12-22T04:53:00,26446.38,restaurant,digital_wallet,FR,68,4,0,7.5,1
TXN000012,2024-07-16T02:19:00,11.4,travel,digital_wallet,UK,53,12,0,8.0,0
TXN000013,2024-11-17T21:41:00,298.56,online,digital_wallet,AU,67,6,0,18.6,0
TXN000014,2024-08-28T13:59:00,71.92,healthcare,credit,JP,70,4,1,1.0,0
TXN000015,2024-01-06T11:38:00,13.65,healthcare,debit,AU,52,2,0,3.6,0
TXN000016,2024-01-04T22:14:00,62.19,grocery,digital_wallet,UK,77,17,0,21.3,0
TXN000017,2024-08-23T02:19:00,17.06,online,digital_wallet,DE,58,1,0,14.4,0
TXN000018,2024-02-22T07:47:00,10.99,restaurant,credit,CA,77,15,0,19.2,0
TXN000019,2024-07-07T05:54:00,69.4,restaurant,credit,US,79,15,0,11.1,0
TXN000020,2024-05-16T18:41:00,463.39,travel,debit,US,28,12,1,8.1,0
TXN000021,2024-12-08T04:26:00,62.32,travel,debit,DE,47,19,1,5.4,0
TXN000022,2024-02-23T08:29:00,327.66,online,credit,UK,28,2,1,21.8,0
TXN000023,2024-10-12T04:26:00,47.96,online,debit,UK,30,0,0,5.8,0
TXN000024,2024-06-10T08:30:00,46.68,healthcare,debit,CA,79,13,0,1.5,0
TXN000025,2024-02-18T10:41:00,3.75,retail,credit,DE,52,21,0,6.7,0
TXN000026,2024-11-17T22:02:00,24.26,restaurant,debit,DE,46,23,0,0.8,0
TXN000027,2024-08-07T09:11:00,9.31,restaurant,digital_wallet,UK,40,6,0,5.0,0
TXN000028,2024-02-09T07:03:00,480.89,travel,credit,JP,29,1,0,7.1,0
TXN000029,2024-05-17T19:43:00,69.45,online,credit,JP,33,15,1,7.8,0
TXN000030,2024-12-26T01:50:00,52.88,restaurant,debit,UK,27,8,1,4.2,0
TXN000031,2024-04-26T17:03:00,105.88,healthcare,digital_wallet,US,59,17,1,40.6,0
TXN000032,2024-05-27T20:50:00,201.88,grocery,debit,CA,29,4,0,5.3,0
TXN000033,2024-06-04T01:06:00,230.95,grocery,credit,US,66,20,0,15.8,0
TXN000034,2024-09-03T08:11:00,98.77,online,digital_wallet,AU,78,12,1,25.7,0
TXN000035,2024-09-16T10:23:00,30.29,healthcare,credit,CA,60,10,0,22.4,0
TXN000036,2024-10-19T13:15:00,65.61,restaurant,credit,FR,71,13,0,3.6,0
TXN000037,2024-11-05T04:17:00,76.46,retail,credit,AU,74,23,0,4.3,0
TXN000038,2024-07-28T15:29:00,593.32,retail,credit,DE,78,4,0,13.9,0
TXN000039,2024-01-15T22:37:00,19.04,grocery,credit,CA,49,11,0,18.7,0
TXN000040,2024-03-25T02:16:00,3224.28,online,debit,AU,41,10,0,23.6,0
TXN000041,2024-03-07T08:42:00,241.73,online,digital_wallet,FR,32,3,0,35.0,0
TXN000042,2024-02-15T01:27:00,117.16,online,digital_wallet,UK,42,15,0,5.5,0
TXN000043,2024-12-24T14:36:00,7.07,travel,digital_wallet,AU,68,4,0,4.8,0
TXN000044,2024-04-21T19:50:00,176.96,grocery,credit,CA,35,7,1,17.1,0
TXN000045,2024-10-05T05:55:00,7254.89,restaurant,debit,US,73,21,0,21.3,1
TXN000046,2024-07-09T01:24:00,262.61,retail,debit,UK,47,16,0,14.0,0
TXN000047,2024-02-07T15:23:00,14181.95,travel,digital_wallet,DE,50,1,0,4.9,1
TXN000048,2024-02-07T21:43:00,43.1,healthcare,credit,UK,55,15,0,30.6,0
TXN000049,2024-11-20T20:13:00,11.44,travel,digital_wallet,FR,68,22,0,20.6,0
TXN000050,2024-05-08T09:03:00,15.65,retail,debit,JP,61,2,0,49.5,0
TXN000051,2024-11-05T17:34:00,56.38,online,credit,DE,19,11,1,0.8,0
TXN000052,2024-09-08T19:39:00,109.48,retail,credit,CA,50,1,1,24.8,0
TXN000053,2024-01-25T01:36:00,283.31,travel,digital_wallet,JP,43,7,1,0.8,0
TXN000054,2024-04-15T06:51:00,16.3,retail,credit,US,20,6,0,0.1,0
TXN000055,2024-11-16T06:00:00,4.11,grocery,digital_wallet,UK,70,9,0,20.5,0
TXN000056,2024-05-18T05:09:00,815.99,restaurant,debit,DE,23,11,0,3.9,0
TXN000057,2024-06-10T17:48:00,177.87,travel,debit,FR,51,14,0,0.9,0
TXN000058,2024-03-04T07:33:00,131.35,online,digital_wallet,DE,69,2,0,10.4,0
TXN000059,2024-10-16T10:09:00,105.28,healthcare,debit,JP,24,4,0,32.5,0
TXN000060,2024-09-27T05:31:00,228.02,retail,debit,US,57,16,1,17.3,0
TXN000061,2024-01-20T01:02:00,28.31,travel,credit,DE,29,19,0,12.9,0
TXN000062,2024-01-13T07:13:00,45190.9,grocery,debit,DE,70,12,0,0.2,1
TXN000063,2024-07-03T19:46:00,102.93,grocery,debit,FR,62,11,1,0.4,0
TXN000064,2024-05-13T07:04:00,643.1,healthcare,digital_wallet,CA,39,4,0,11.7,0
TXN000065,2024-01-07T13:04:00,106.51,healthcare,debit,CA,35,7,0,2.9,0
TXN000066,2024-03-08T15:40:00,7.47,healthcare,debit,UK,35,10,0,4.9,0
TXN000067,2024-11-07T10:50:00,16.31,restaurant,digital_wallet,AU,60,5,0,6.1,0
TXN000068,2024-01-25T18:48:00,51.15,online,debit,CA,40,22,0,25.2,0
TXN000069,2024-05-10T18:21:00,91.7,healthcare,credit,DE,45,9,1,3.5,0
TXN000070,2024-05-18T17:51:00,72.15,online,debit,US,18,1,0,3.8,0
TXN000071,2024-08-02T13:38:00,13.58,grocery,digital_wallet,DE,59,3,0,0.9,0
TXN000072,2024-06-17T01:09:00,77.39,grocery,digital_wallet,UK,21,22,0,5.2,0
TXN000073,2024-03-17T16:43:00,40.55,healthcare,credit,DE,51,11,0,5.3,0
TXN000074,2024-01-09T07:39:00,132.3,restaurant,digital_wallet,AU,75,17,0,11.4,0
TXN000075,2024-01-10T09:26:00,35.65,retail,digital_wallet,JP,31,22,1,6.9,0
TXN000076,2024-09-06T22:29:00,84.65,healthcare,credit,FR,52,1,0,9.5,0
TXN000077,2024-06-08T15:29:00,781.29,retail,debit,JP,76,12,0,0.3,0
TXN000078,2024-09-23T06:31:00,34.98,travel,debit,FR,78,16,0,0.6,0
TXN000079,2024-02-17T16:27:00,1.32,healthcare,digital_wallet,FR,21,21,0,0.2,0
TXN000080,2024-10-27T11:41:00,46.36,healthcare,credit,JP,66,19,0,27.0,0
TXN000081,2024-09-22T06:21:00,61.46,grocery,credit,DE,67,11,1,7.5,0
TXN000082,2024-06-20T14:14:00,29.85,grocery,digital_wallet,JP,76,22,0,5.8,0
TXN000083,2024-06-15T10:56:00,65.61,retail,credit,US,18,6,1,27.9,0
TXN000084,2024-12-26T23:13:00,85.23,travel,credit,UK,52,3,0,0.9,0
TXN000085,2024-03-21T19:09:00,8.37,travel,digital_wallet,AU,37,0,0,4.0,0
TXN000086,2024-05-15T23:38:00,20.36,travel,digital_wallet,AU,34,3,0,2.3,0
TXN000087,2024-09-12T06:15:00,192.42,restaurant,credit,AU,68,3,0,4.3,0
TXN000088,2024-11-17T14:34:00,5.56,healthcare,digital_wallet,DE,20,16,0,15.1,0
TXN000089,2024-06-27T12:43:00,91.06,healthcare,credit,AU,22,0,0,2.7,0
TXN000090,2024-06-01T16:11:00,80.33,retail,digital_wallet,JP,73,16,0,0.9,0
TXN000091,2024-06-16T16:33:00,18.3,retail,credit,CA,40,23,0,3.4,0
TXN000092,2024-09-21T20:20:00,19.82,online,debit,DE,67,2,0,16.2,0
TXN000093,2024-08-15T18:35:00,185.08,online,credit,UK,23,2,0,21.4,0
TXN000094,2024-05-27T10:12:00,38.09,online,credit,AU,49,8,0,32.2,0
TXN000095,2024-02-09T06:59:00,387.18,travel,debit,FR,27,13,1,10.8,0
TXN000096,2024-11-15T20:38:00,73.32,healthcare,credit,US,46,21,0,3.0,0
TXN000097,2024-11-15T09:43:00,11.59,grocery,debit,AU,25,15,0,3.9,0
TXN000098,2024-06-20T11:48:00,201.99,travel,credit,US,73,17,0,23.3,0
TXN000099,2024-02-13T08:16:00,187.29,online,digital_wallet,CA,73,17,0,13.0,0
TXN000100,2024-07-06T02:47:00,962.41,healthcare,credit,FR,54,22,0,13.3,0
TXN000101,2024-12-23T09:56:00,521.69,restaurant,credit,FR,64,9,0,16.8,0
TXN000102,2024-10-23T20:48:00,1051.41,healthcare,debit,US,75,19,1,6.7,0
TXN000103,2024-01-17T11:47:00,9.88,healthcare,debit,UK,42,5,1,10.2,0
TXN000104,2024-11-22T14:06:00,88.17,restaurant,digital_wallet,JP,45,8,1,3.9,0
TXN000105,2024-05-04T16:37:00,1503.81,retail,credit,FR,74,3,0,5.1,0
TXN000106,2024-10-16T20:35:00,84.68,online,debit,US,46,18,1,8.2,0
TXN000107,2024-03-12T04:43:00,2.82,online,debit,JP,46,0,0,3.3,0
TXN000108,2024-04-28T20:28:00,31.05,online,digital_wallet,JP,22,11,0,14.3,0
TXN000109,2024-01-13T00:52:00,85.24,travel,digital_wallet,JP,53,2,0,0.2,0
TXN000110,2024-04-27T11:20:00,387.98,healthcare,credit,UK,68,10,0,23.7,0
TXN000111,2024-05-26T08:51:00,18.22,online,debit,US,65,13,0,10.7,0
TXN000112,2024-10-10T16:13:00,22.52,healthcare,credit,DE,35,2,1,8.9,0
TXN000113,2024-12-25T04:09:00,13.52,travel,digital_wallet,DE,34,6,0,6.6,0
TXN000114,2024-11-15T03:52:00,760.25,healthcare,credit,FR,43,1,0,2.2,0
TXN000115,2024-12-05T22:50:00,57.44,healthcare,credit,JP,70,8,1,24.8,0
TXN000116,2024-09-22T21:27:00,1.54,travel,digital_wallet,US,38,13,1,30.8,0
TXN000117,2024-07-06T13:38:00,11.04,restaurant,credit,UK,67,17,1,14.5,0
TXN000118,2024-08-13T15:31:00,10.9,healthcare,credit,AU,46,18,0,8.1,0
TXN000119,2024-09-10T22:41:00,165.95,restaurant,digital_wallet,CA,53,11,1,11.7,0
TXN000120,2024-02-07T04:10:00,9.52,healthcare,credit,UK,36,18,0,2.2,0
TXN000121,2024-03-11T06:26:00,158.46,grocery,debit,CA,32,16,0,4.2,0
TXN000122,2024-08-16T16:50:00,153.69,restaurant,debit,US,71,9,0,5.3,0
TXN000123,2024-11-24T07:32:00,43.75,restaurant,digital_wallet,FR,29,7,1,5.4,0
TXN000124,2024-02-12T05:40:00,8.08,online,credit,AU,46,14,0,3.4,0
TXN000125,2024-01-19T08:17:00,234.57,online,digital_wallet,DE,52,18,0,4.3,0
TXN000126,2024-09-20T15:26:00,269.6,grocery,digital_wallet,DE,59,17,1,5.2,0
TXN000127,2024-02-19T04:34:00,723.84,grocery,credit,FR,46,3,0,5.1,0
TXN000128,2024-07-27T10:32:00,146.67,travel,debit,FR,19,5,1,5.5,0
TXN000129,2024-02-22T07:25:00,243.99,restaurant,credit,JP,49,14,0,23.9,0
TXN000130,2024-06-26T15:51:00,39.65,travel,debit,US,67,14,1,20.7,0
TXN000131,2024-07-28T11:35:00,51.88,grocery,debit,DE,71,18,0,22.4,0
TXN000132,2024-07-13T08:44:00,30.86,grocery,debit,AU,78,11,0,15.4,0
TXN000133,2024-08-27T19:35:00,70.88,retail,debit,JP,22,14,1,11.0,0
TXN000134,2024-09-23T00:16:00,11.4,healthcare,credit,AU,18,18,0,15.2,0
TXN000135,2024-05-23T10:14:00,1315.64,restaurant,digital_wallet,UK,69,2,0,18.2,0
TXN000136,2024-11-13T13:55:00,81.68,grocery,debit,AU,41,18,0,2.1,0
TXN000137,2024-05-07T22:42:00,801.67,travel,debit,JP,29,3,0,26.3,0
TXN000138,2024-04-05T14:44:00,39.36,restaurant,debit,JP,58,11,0,3.3,0
TXN000139,2024-05-15T16:04:00,102.35,online,digital_wallet,FR,65,12,0,4.3,0
TXN000140,2024-07-14T18:50:00,7.72,retail,credit,US,46,0,1,0.5,0
TXN000141,2024-05-15T22:49:00,1853.9,retail,debit,FR,43,5,1,20.0,0
TXN000142,2024-07-08T12:02:00,128.04,restaurant,credit,FR,64,13,1,8.0,0
TXN000143,2024-05-27T08:00:00,87.7,healthcare,digital_wallet,JP,56,18,0,18.5,0
TXN000144,2024-01-14T03:57:00,10.64,travel,debit,US,42,16,0,16.8,0
TXN000145,2024-08-17T16:50:00,16.34,grocery,digital_wallet,AU,38,16,1,0.7,0
TXN000146,2024-12-12T14:22:00,14.6,healthcare,digital_wallet,DE,56,1,0,11.2,0
TXN000147,2024-09-22T01:40:00,2.54,healthcare,debit,FR,48,6,1,3.8,0
TXN000148,2024-10-23T16:52:00,317.11,retail,debit,CA,64,6,0,20.9,0
TXN000149,2024-03-01T17:41:00,38.38,restaurant,debit,AU,74,16,1,28.1,0
TXN000150,2024-09-03T12:29:00,24.04,healthcare,digital_wallet,AU,29,23,0,9.7,0
TXN000151,2024-02-27T00:53:00,32.11,grocery,credit,UK,50,7,0,3.2,0
TXN000152,2024-11-08T02:01:00,78.64,travel,credit,JP,49,0,0,7.6,0
TXN000153,2024-08-20T18:45:00,224.26,travel,debit,US,57,12,0,1.7,0
TXN000154,2024-07-09T22:53:00,24.76,travel,debit,DE,45,17,0,39.1,0
TXN000155,2024-03-24T07:59:00,484.55,healthcare,digital_wallet,CA,53,3,0,20.5,0
TXN000156,2024-07-20T06:43:00,20.8,retail,debit,US,55,16,0,1.9,0
TXN000157,2024-06-19T10:20:00,734.79,restaurant,credit,DE,44,5,0,3.0,0
TXN000158,2024-08-23T17:37:00,24.41,travel,credit,DE,62,1,1,7.5,0
TXN000159,2024-08-17T16:59:00,11.94,restaurant,digital_wallet,UK,61,23,1,26.7,0
TXN000160,2024-10-10T14:24:00,1265.09,travel,digital_wallet,UK,72,4,0,6.3,0
TXN000161,2024-10-27T00:39:00,35.31,restaurant,debit,JP,27,20,1,0.4,0
TXN000162,2024-09-25T00:09:00,158.82,retail,digital_wallet,UK,76,11,1,42.1,0
TXN000163,2024-05-10T18:30:00,30.09,online,digital_wallet,DE,58,5,0,4.4,0
TXN000164,2024-01-12T22:08:00,1.99,travel,debit,UK,75,0,0,3.5,0
TXN000165,2024-05-25T11:10:00,95.79,restaurant,credit,UK,57,9,0,31.8,0
TXN000166,2024-02-21T17:23:00,219.9,retail,credit,AU,49,17,0,18.0,0
TXN000167,2024-10-10T10:34:00,43.24,healthcare,credit,FR,67,20,0,4.1,0
TXN000168,2024-12-22T19:21:00,17.32,online,debit,DE,43,0,0,14.7,0
TXN000169,2024-02-04T09:12:00,146.52,restaurant,credit,CA,64,8,0,0.0,0
TXN000170,2024-02-16T17:33:00,14.02,online,digital_wallet,CA,37,2,0,17.1,0
TXN000171,2024-03-18T12:46:00,7.81,grocery,debit,CA,52,10,0,8.4,0
TXN000172,2024-03-06T22:34:00,13.65,restaurant,digital_wallet,UK,37,15,0,28.5,0
TXN000173,2024-02-15T05:31:00,169.3,retail,digital_wallet,CA,66,4,0,8.3,0
TXN000174,2024-07-06T07:28:00,76.66,retail,credit,JP,23,21,1,23.4,0
TXN000175,2024-02-04T12:30:00,254.57,restaurant,debit,CA,76,21,0,6.9,0
TXN000176,2024-03-02T05:06:00,175.35,retail,debit,AU,76,9,1,7.6,0
TXN000177,2024-05-27T06:29:00,8.25,retail,credit,UK,59,15,0,7.9,0
TXN000178,2024-12-01T19:50:00,250.06,restaurant,credit,DE,39,3,0,9.8,0
TXN000179,2024-04-02T08:22:00,290.96,healthcare,digital_wallet,AU,24,22,1,3.6,0
TXN000180,2024-10-27T18:57:00,69.02,travel,debit,CA,69,2,1,8.8,0
TXN000181,2024-02-20T02:07:00,10.47,grocery,credit,FR,22,18,0,16.6,0
TXN000182,2024-02-25T02:28:00,291.91,healthcare,credit,UK,69,8,0,5.0,0
TXN000183,2024-02-08T22:16:00,7.71,online,digital_wallet,UK,24,18,1,12.2,0
TXN000184,2024-02-16T02:32:00,396.75,retail,debit,US,42,22,0,3.2,0
TXN000185,2024-12-08T05:02:00,106.56,healthcare,credit,US,62,15,0,14.9,0
TXN000186,2024-02-27T00:27:00,1984.04,restaurant,credit,UK,50,16,0,1.2,0
TXN000187,2024-07-08T23:26:00,139.54,retail,digital_wallet,US,52,22,0,7.0,0
TXN000188,2024-10-21T03:25:00,8.83,online,debit,DE,39,23,0,18.5,0
TXN000189,2024-06-11T06:33:00,3.07,grocery,digital_wallet,US,57,1,1,8.4,0
TXN000190,2024-02-08T15:55:00,56.3,travel,debit,AU,28,15,0,2.9,0
TXN000191,2024-01-05T06:49:00,5.92,healthcare,debit,CA,56,18,0,20.8,0
TXN000192,2024-12-14T05:42:00,46.28,grocery,debit,AU,62,15,0,49.9,0
TXN000193,2024-06-17T15:35:00,24.73,travel,credit,DE,42,6,0,0.1,0
TXN000194,2024-03-04T16:17:00,79.01,travel,debit,JP,68,17,0,10.7,0
TXN000195,2024-06-20T18:27:00,11.53,restaurant,credit,FR,80,16,0,1.2,0
TXN000196,2024-09-21T05:12:00,63.48,retail,credit,FR,45,23,1,8.4,0
TXN000197,2024-11-01T10:22:00,64.35,travel,credit,CA,60,14,0,11.4,0
TXN000198,2024-06-07T16:02:00,13.39,travel,credit,CA,52,22,0,8.4,0
TXN000199,2024-12-02T08:06:00,241.29,healthcare,credit,AU,72,1,0,9.4,0
TXN000200,2024-06-18T09:57:00,110.08,grocery,digital_wallet,CA,19,23,0,2.3,0
TXN000201,2024-03-13T01:35:00,17.2,healthcare,credit,FR,29,17,0,2.0,0
TXN000202,2024-11-23T10:25:00,9.69,online,debit,CA,61,16,0,1.5,0
TXN000203,2024-10-11T16:02:00,3.25,grocery,credit,JP,73,8,0,9.1,0
TXN000204,2024-11-23T09:04:00,5.07,online,debit,JP,76,3,1,26.3,0
TXN000205,2024-08-08T23:14:00,124.13,grocery,digital_wallet,JP,60,16,0,9.6,0
TXN000206,2024-05-27T05:22:00,102.24,healthcare,digital_wallet,US,54,18,0,8.8,0
TXN000207,2024-06-14T19:18:00,17.16,healthcare,debit,FR,49,9,0,27.4,0
TXN000208,2024-06-28T16:22:00,60.13,retail,credit,CA,39,18,1,1.7,0
TXN000209,2024-09-05T01:11:00,101.29,retail,debit,UK,30,16,0,2.0,0
TXN000210,2024-04-11T07:41:00,4.31,travel,debit,US,24,14,1,5.8,0
TXN000211,2024-08-28T10:35:00,4.92,online,digital_wallet,UK,72,17,0,34.1,0
TXN000212,2024-05-15T17:37:00,22.93,online,credit,US,39,6,0,20.4,0
TXN000213,2024-04-19T17:37:00,288.84,healthcare,digital_wallet,AU,52,23,1,0.1,0
TXN000214,2024-04-04T11:47:00,30.93,travel,digital_wallet,FR,53,20,0,6.4,0
TXN000215,2024-06-20T07:13:00,27.38,online,digital_wallet,FR,65,23,0,0.5,0
TXN000216,2024-07-24T00:26:00,89.26,retail,credit,DE,73,12,0,0.8,0
TXN000217,2024-08-22T13:59:00,129.62,restaurant,credit,US,54,14,0,1.9,0
TXN000218,2024-01-17T17:29:00,1.02,retail,debit,AU,33,11,1,40.8,0
TXN000219,2024-06-18T09:48:00,2.95,online,debit,JP,26,21,0,8.7,0
TXN000220,2024-09-18T19:02:00,172.86,healthcare,debit,UK,30,5,0,6.8,0
TXN000221,2024-09-28T21:52:00,93.71,travel,debit,AU,43,19,0,0.4,0
TXN000222,2024-09-20T01:10:00,16.2,healthcare,credit,JP,78,15,0,12.3,0
TXN000223,2024-09-11T18:59:00,324.61,restaurant,digital_wallet,JP,64,21,0,21.9,0
TXN000224,2024-10-03T13:37:00,51.75,online,digital_wallet,JP,72,0,1,10.6,0
TXN000225,2024-02-21T03:34:00,84.27,retail,digital_wallet,UK,41,20,1,3.3,0
TXN000226,2024-09-19T04:04:00,32.65,travel,credit,JP,48,11,0,1.6,0
TXN000227,2024-10-04T14:53:00,54.13,online,debit,AU,74,13,0,11.7,0
TXN000228,2024-06-26T17:54:00,22.23,healthcare,debit,AU,71,14,0,1.7,0
TXN000229,2024-08-04T04:07:00,64.66,retail,debit,FR,40,11,1,3.6,0
TXN000230,2024-09-15T22:21:00,40.96,grocery,digital_wallet,AU,36,4,0,4.9,0
TXN000231,2024-07-15T19:28:00,69.83,online,credit,DE,39,19,0,23.7,0
TXN000232,2024-11-20T08:19:00,23.73,retail,debit,AU,23,21,0,10.3,0
TXN000233,2024-08-08T07:52:00,8.56,travel,credit,US,39,17,0,2.3,0
TXN000234,2024-04-09T17:30:00,100.45,retail,credit,UK,79,15,1,8.8,0
TXN000235,2024-12-04T09:14:00,77.83,travel,digital_wallet,AU,35,0,1,3.6,0
TXN000236,2024-05-17T16:03:00,139.85,grocery,digital_wallet,UK,76,14,0,6.0,0
TXN000237,2024-09-25T22:10:00,159.66,retail,credit,JP,57,20,0,33.5,0
TXN000238,2024-11-03T09:22:00,218.9,restaurant,digital_wallet,AU,72,18,0,17.4,0
TXN000239,2024-04-28T16:45:00,145.91,travel,debit,JP,59,18,0,41.9,0
TXN000240,2024-06-03T16:25:00,55.72,retail,debit,US,34,0,0,2.1,0
TXN000241,2024-07-28T00:01:00,15.24,retail,credit,UK,40,17,0,22.8,0
TXN000242,2024-09-26T12:39:00,3199.02,online,credit,UK,22,0,0,23.4,0
TXN000243,2024-04-19T14:57:00,60.0,travel,credit,JP,34,2,1,10.0,0
TXN000244,2024-08-04T03:03:00,19.67,restaurant,debit,JP,62,4,0,4.9,0
TXN000245,2024-11-07T09:04:00,46.27,online,digital_wallet,AU,61,4,0,12.5,0
TXN000246,2024-07-12T14:34:00,32.91,retail,debit,DE,70,23,0,1.6,0
TXN000247,2024-05-02T03:14:00,45.05,healthcare,credit,DE,40,7,0,46.6,0
TXN000248,2024-06-02T07:28:00,10.8,retail,credit,UK,33,11,0,14.2,0
TXN000249,2024-01-17T12:29:00,158.97,healthcare,debit,US,25,19,1,10.2,0
TXN000250,2024-06-23T18:07:00,229.97,retail,credit,UK,49,13,0,15.7,0
TXN000251,2024-06-03T08:41:00,90.17,restaurant,credit,DE,67,1,1,7.0,0
TXN000252,2024-04-17T08:14:00,36.12,healthcare,debit,DE,22,2,1,11.8,0
TXN000253,2024-08-22T21:20:00,115.52,grocery,credit,JP,56,14,0,11.0,0
TXN000254,2024-10-01T01:04:00,439.39,grocery,credit,FR,24,18,0,0.3,0
TXN000255,2024-10-08T23:54:00,15.27,grocery,digital_wallet,UK,24,0,0,0.7,0
TXN000256,2024-01-18T15:19:00,637.73,retail,debit,UK,35,15,0,18.7,0
TXN000257,2024-01-02T18:13:00,31.78,grocery,debit,UK,32,17,0,9.9,0
TXN000258,2024-05-22T04:44:00,44.01,grocery,debit,FR,75,21,1,6.3,0
TXN000259,2024-02-23T21:35:00,490.71,restaurant,credit,CA,63,10,1,0.8,0
TXN000260,2024-09-08T07:39:00,188.33,restaurant,credit,CA,45,4,1,20.4,0
TXN000261,2024-10-04T09:44:00,171.62,retail,debit,UK,53,6,0,21.7,0
TXN000262,2024-07-06T23:46:00,13.31,travel,credit,JP,73,19,0,4.3,0
TXN000263,2024-05-21T09:00:00,38.06,travel,digital_wallet,CA,49,14,0,12.0,0
TXN000264,2024-07-18T15:43:00,24.22,online,digital_wallet,US,79,3,0,9.7,0
TXN000265,2024-10-14T12:21:00,288.84,restaurant,digital_wallet,DE,75,20,0,36.0,0
TXN000266,2024-12-18T14:08:00,188.0,online,debit,AU,47,20,1,15.8,0
TXN000267,2024-02-28T06:04:00,65.22,restaurant,credit,FR,42,1,0,1.7,0
TXN000268,2024-12-05T05:10:00,218.06,restaurant,debit,CA,37,12,0,10.5,0
TXN000269,2024-11-20T22:08:00,18.33,online,debit,FR,24,19,0,20.4,0
TXN000270,2024-09-09T08:37:00,341.61,online,debit,JP,55,8,0,16.9,0
TXN000271,2024-07-16T11:47:00,31.71,online,digital_wallet,JP,36,16,0,5.6,0
TXN000272,2024-12-01T19:50:00,131.27,travel,digital_wallet,FR,66,1,0,3.9,0
TXN000273,2024-04-07T21:46:00,8.52,retail,digital_wallet,DE,61,5,0,27.6,0
TXN000274,2024-12-19T10:20:00,11.33,grocery,debit,AU,66,19,0,1.5,0
TXN000275,2024-01-24T10:39:00,83.67,online,credit,CA,26,12,0,21.5,0
TXN000276,2024-02-20T15:24:00,84.25,online,digital_wallet,JP,66,7,1,8.0,0
TXN000277,2024-11-28T00:44:00,8.72,restaurant,credit,DE,77,10,1,6.0,0
TXN000278,2024-12-20T00:22:00,7.61,restaurant,debit,UK,45,6,0,4.9,0
TXN000279,2024-06-21T06:24:00,94.93,restaurant,debit,DE,61,12,0,7.4,0
TXN000280,2024-08-18T04:43:00,111.69,grocery,credit,DE,44,8,1,13.8,0
TXN000281,2024-08-12T04:16:00,186.73,online,digital_wallet,JP,41,0,0,10.5,0
TXN000282,2024-06-18T23:34:00,12.04,online,credit,UK,26,20,0,39.2,0
TXN000283,2024-11-17T18:01:00,57.68,grocery,debit,DE,47,9,1,7.3,0
TXN000284,2024-01-11T01:17:00,6.67,retail,digital_wallet,UK,54,2,0,2.1,0
TXN000285,2024-12-11T21:56:00,103.56,online,digital_wallet,DE,54,15,0,3.3,0
TXN000286,2024-10-19T08:13:00,192.82,restaurant,credit,CA,80,22,0,5.5,0
TXN000287,2024-08-07T01:40:00,513.89,online,credit,JP,71,19,0,22.0,0
TXN000288,2024-07-16T10:34:00,10.06,retail,digital_wallet,FR,56,0,0,12.4,0
TXN000289,2024-08-12T14:50:00,74.92,travel,credit,DE,74,1,0,4.7,0
TXN000290,2024-04-10T08:34:00,9.07,retail,debit,DE,64,3,0,39.0,0
TXN000291,2024-01-06T08:32:00,129.7,restaurant,digital_wallet,AU,50,2,1,20.2,0
TXN000292,2024-08-11T05:11:00,1.99,online,credit,CA,38,9,0,1.3,0
TXN000293,2024-02-04T15:38:00,197.76,online,digital_wallet,AU,41,3,0,4.3,0
TXN000294,2024-05-24T17:27:00,20.61,online,digital_wallet,US,62,1,1,23.8,0
TXN000295,2024-01-22T03:19:00,21.64,restaurant,digital_wallet,FR,28,23,1,3.6,0
TXN000296,2024-03-03T02:57:00,28.16,grocery,credit,DE,72,19,0,19.5,0
TXN000297,2024-08-16T23:09:00,6.07,travel,debit,CA,30,7,1,10.2,0
TXN000298,2024-10-10T12:01:00,37.51,grocery,credit,JP,50,17,0,3.0,0
TXN000299,2024-10-28T20:14:00,2.1,restaurant,digital_wallet,FR,34,15,0,31.5,0
TXN000300,2024-12-06T14:39:00,130.37,grocery,digital_wallet,DE,33,6,0,12.5,0
TXN000301,2024-08-22T11:03:00,60.16,online,digital_wallet,UK,62,16,0,19.3,0
TXN000302,2024-02-21T06:53:00,29.64,retail,debit,DE,63,12,0,24.4,0
TXN000303,2024-04-23T07:39:00,6.37,healthcare,debit,FR,53,13,1,0.5,0
TXN000304,2024-03-20T18:47:00,25.78,online,digital_wallet,DE,65,18,0,5.9,0
TXN000305,2024-09-20T12:54:00,8.44,healthcare,credit,UK,80,14,0,32.9,0
TXN000306,2024-09-21T06:48:00,2.29,retail,digital_wallet,CA,18,6,0,1.4,0
TXN000307,2024-05-16T18:53:00,79.32,restaurant,digital_wallet,JP,56,15,1,1.8,0
TXN000308,2024-09-04T04:42:00,401.37,grocery,credit,JP,52,10,0,7.6,0
TXN000309,2024-12-26T05:53:00,21.95,travel,debit,DE,61,17,0,4.9,0
TXN000310,2024-10-12T21:41:00,1204.79,restaurant,debit,DE,75,6,1,7.5,0
TXN000311,2024-08-09T03:11:00,12.34,online,digital_wallet,JP,21,0,0,0.9,0
TXN000312,2024-11-21T04:38:00,23.89,healthcare,digital_wallet,JP,66,9,0,13.1,0
TXN000313,2024-03-06T12:50:00,130.67,travel,debit,CA,20,15,0,25.1,0
TXN000314,2024-04-09T10:45:00,25.35,retail,debit,AU,37,15,1,22.8,0
TXN000315,2024-01-15T03:10:00,107.7,travel,digital_wallet,FR,56,15,0,1.2,0
TXN000316,2024-06-17T16:30:00,52.38,restaurant,credit,CA,38,21,1,21.3,0
TXN000317,2024-06-06T21:45:00,109.72,retail,credit,AU,29,4,1,9.9,0
TXN000318,2024-10-02T00:47:00,16.53,grocery,credit,UK,50,8,0,15.1,0
TXN000319,2024-05-23T08:25:00,270.61,healthcare,debit,DE,58,22,0,8.5,0
TXN000320,2024-10-28T01:34:00,12.53,restaurant,debit,AU,77,16,1,16.2,0
TXN000321,2024-02-19T13:38:00,24.54,travel,digital_wallet,US,62,8,0,11.8,0
TXN000322,2024-08-27T00:41:00,4.74,grocery,credit,CA,56,3,0,12.8,0
TXN000323,2024-05-08T20:42:00,29.68,retail,debit,JP,65,16,0,1.5,0
TXN000324,2024-02-10T11:23:00,97.0,grocery,debit,DE,59,22,0,26.8,0
TXN000325,2024-05-14T09:58:00,91.57,restaurant,digital_wallet,JP,75,10,0,4.6,0
TXN000326,2024-10-06T09:08:00,102.75,healthcare,credit,AU,58,18,1,1.7,0
TXN000327,2024-05-08T05:40:00,115.75,travel,digital_wallet,US,30,23,0,6.5,0
TXN000328,2024-05-09T03:58:00,71.57,retail,debit,UK,30,5,0,7.3,0
TXN000329,2024-01-11T00:27:00,163.15,travel,digital_wallet,FR,53,15,0,12.6,0
TXN000330,2024-05-26T19:09:00,13.73,retail,digital_wallet,FR,48,13,1,0.2,0
TXN000331,2024-07-09T13:39:00,1852.92,grocery,credit,AU,68,13,0,10.9,0
TXN000332,2024-02-25T20:18:00,2269.28,grocery,debit,AU,75,11,1,0.5,0
TXN000333,2024-09-27T12:05:00,633.87,healthcare,credit,UK,70,11,0,10.3,0
TXN000334,2024-03-13T19:03:00,55.07,travel,credit,US,74,19,0,2.8,0
TXN000335,2024-06-07T14:33:00,13.31,online,credit,US,74,14,1,9.9,0
TXN000336,2024-11-25T12:47:00,5.75,travel,digital_wallet,FR,46,16,1,2.8,0
TXN000337,2024-07-10T18:59:00,303.58,retail,digital_wallet,DE,34,18,1,30.5,0
TXN000338,2024-04-02T15:50:00,53.28,grocery,digital_wallet,CA,74,13,1,0.4,0
TXN000339,2024-05-03T02:40:00,99.79,grocery,credit,FR,48,23,1,24.3,0
TXN000340,2024-01-12T03:50:00,193.2,travel,debit,AU,52,2,0,13.3,0
TXN000341,2024-02-01T14:58:00,35.27,healthcare,debit,CA,33,23,1,18.3,0
TXN000342,2024-09-05T20:09:00,15.69,retail,digital_wallet,CA,73,5,0,4.1,0
TXN000343,2024-02-02T05:19:00,376.91,grocery,digital_wallet,DE,38,5,0,5.0,0
TXN000344,2024-05-24T06:07:00,124.96,grocery,credit,JP,63,0,0,25.6,0
TXN000345,2024-11-28T02:38:00,44.07,retail,credit,UK,50,11,1,0.4,0
TXN000346,2024-03-08T01:20:00,5258.98,grocery,debit,DE,52,4,0,6.7,1
TXN000347,2024-04-24T20:18:00,25.57,online,digital_wallet,CA,27,23,0,13.5,0
TXN000348,2024-04-27T10:46:00,173.9,healthcare,credit,FR,56,3,0,26.1,0
TXN000349,2024-10-07T14:31:00,12458.72,restaurant,debit,CA,46,9,1,1.2,1
TXN000350,2024-07-02T16:49:00,145.16,online,credit,AU,37,16,0,2.9,0
TXN000351,2024-05-25T18:27:00,121.44,travel,debit,UK,79,12,0,34.6,0
TXN000352,2024-09-20T21:57:00,114.65,grocery,digital_wallet,AU,33,9,0,2.2,0
TXN000353,2024-06-23T00:41:00,10.0,restaurant,digital_wallet,US,77,0,0,7.5,0
TXN000354,2024-04-15T19:59:00,62.88,online,credit,JP,66,12,0,6.6,0
TXN000355,2024-01-04T18:59:00,78.76,online,credit,UK,31,3,1,38.2,0
TXN000356,2024-05-01T08:56:00,158.96,retail,debit,JP,36,0,0,21.7,0
TXN000357,2024-06-19T12:57:00,1637.15,online,debit,AU,54,22,0,1.0,0
TXN000358,2024-01-03T18:13:00,21.81,online,credit,UK,55,10,0,27.9,0
TXN000359,2024-08-26T21:31:00,28.05,healthcare,debit,US,28,14,0,15.1,0
TXN000360,2024-02-01T01:51:00,11.61,travel,debit,FR,20,0,0,0.9,0
TXN000361,2024-07-13T13:05:00,17.74,grocery,credit,AU,20,2,1,6.0,0
TXN000362,2024-11-17T18:15:00,18.98,retail,debit,DE,32,2,1,0.8,0
TXN000363,2024-10-16T07:30:00,3.45,grocery,debit,US,29,8,0,4.3,0
TXN000364,2024-12-05T05:41:00,583.0,restaurant,debit,DE,72,10,1,22.3,0
TXN000365,2024-12-02T20:44:00,5.26,retail,debit,FR,77,23,0,12.9,0
TXN000366,2024-09-09T15:07:00,9.33,retail,digital_wallet,UK,40,2,1,0.5,0
TXN000367,2024-06-17T05:47:00,223.95,travel,debit,UK,70,12,0,34.0,0
TXN000368,2024-07-20T15:52:00,432.23,healthcare,debit,CA,67,7,1,6.0,0
TXN000369,2024-05-11T13:06:00,75.96,healthcare,digital_wallet,CA,22,5,1,3.0,0
TXN000370,2024-11-24T14:27:00,25.95,travel,credit,CA,37,2,1,21.4,0
TXN000371,2024-02-18T23:18:00,5.53,restaurant,digital_wallet,JP,32,19,0,17.7,0
TXN000372,2024-08-14T11:00:00,39.0,retail,debit,DE,42,15,1,3.1,0
TXN000373,2024-09-26T13:30:00,34.54,travel,credit,UK,45,5,0,6.8,0
TXN000374,2024-03-21T06:52:00,235.58,online,digital_wallet,CA,20,10,0,6.4,0
TXN000375,2024-07-04T06:33:00,160.02,grocery,debit,UK,19,21,0,1.4,0
TXN000376,2024-12-01T06:26:00,22.0,restaurant,debit,JP,39,12,1,4.2,0
TXN000377,2024-08-09T22:21:00,14.66,restaurant,digital_wallet,US,51,4,0,16.6,0
TXN000378,2024-09-24T03:28:00,49.41,healthcare,credit,US,67,3,0,21.7,0
TXN000379,2024-12-01T06:27:00,101.75,grocery,credit,DE,18,17,1,7.3,0
TXN000380,2024-12-17T08:37:00,14.35,travel,debit,CA,63,11,0,16.6,0
TXN000381,2024-04-04T19:38:00,521.15,healthcare,credit,FR,54,12,1,4.6,0
TXN000382,2024-06-17T23:26:00,22.24,restaurant,debit,FR,70,11,1,18.3,0
TXN000383,2024-05-26T17:24:00,8.24,healthcare,credit,US,21,2,0,2.3,0
TXN000384,2024-10-21T17:40:00,6.88,travel,credit,FR,42,22,0,6.7,0
TXN000385,2024-12-13T02:16:00,20.58,restaurant,credit,DE,26,3,1,0.4,0
TXN000386,2024-09-19T07:54:00,12.66,healthcare,debit,JP,26,3,0,17.5,0
TXN000387,2024-11-27T09:05:00,16.49,retail,digital_wallet,AU,71,5,0,47.6,0
TXN000388,2024-03-12T07:48:00,17.44,restaurant,debit,UK,38,8,0,5.9,0
TXN000389,2024-10-06T19:49:00,77.15,travel,digital_wallet,DE,60,3,0,6.1,0
TXN000390,2024-03-17T03:28:00,7.74,grocery,credit,DE,26,8,0,4.4,0
TXN000391,2024-02-14T14:08:00,15.19,grocery,digital_wallet,UK,64,17,0,7.3,0
TXN000392,2024-11-27T10:38:00,7.33,grocery,digital_wallet,CA,18,23,0,5.7,0
TXN000393,2024-06-11T12:42:00,149.17,restaurant,digital_wallet,DE,79,10,0,2.6,0
TXN000394,2024-07-06T03:58:00,19.57,travel,digital_wallet,CA,65,21,0,9.8,0
TXN000395,2024-04-18T16:18:00,17.91,online,digital_wallet,JP,46,11,0,2.7,0
TXN000396,2024-08-24T13:27:00,34.93,grocery,credit,JP,30,3,0,4.9,0
TXN000397,2024-07-12T23:44:00,288.48,grocery,debit,JP,77,16,0,0.6,0
TXN000398,2024-05-02T03:00:00,46.37,online,debit,JP,63,12,1,9.9,0
TXN000399,2024-01-06T01:59:00,32.17,healthcare,digital_wallet,US,51,14,1,22.4,0
TXN000400,2024-09-21T01:40:00,1396.42,healthcare,digital_wallet,US,40,20,1,0.2,0
TXN000401,2024-04-05T09:45:00,100.15,grocery,credit,US,48,0,0,0.4,0
TXN000402,2024-12-21T05:14:00,54.85,healthcare,debit,AU,51,19,0,14.2,0
TXN000403,2024-11-14T01:33:00,131.25,travel,debit,JP,63,6,0,14.5,0
TXN000404,2024-11-03T20:02:00,42.13,travel,debit,UK,57,22,0,0.5,0
TXN000405,2024-06-04T08:25:00,84.12,grocery,credit,UK,38,6,1,9.7,0
TXN000406,2024-11-24T08:19:00,144.42,travel,digital_wallet,JP,22,23,0,13.0,0
TXN000407,2024-08-15T09:39:00,114.02,retail,credit,UK,78,10,1,9.4,0
TXN000408,2024-12-02T10:50:00,112.35,travel,digital_wallet,AU,73,22,1,3.9,0
TXN000409,2024-11-09T00:01:00,16.09,travel,digital_wallet,JP,30,17,0,5.9,0
TXN000410,2024-01-13T21:25:00,94.68,online,debit,UK,19,13,0,7.3,0
TXN000411,2024-09-15T20:53:00,31.09,restaurant,debit,UK,66,3,0,7.1,0
TXN000412,2024-06-27T16:18:00,14.11,travel,digital_wallet,AU,55,3,1,4.8,0
TXN000413,2024-08-10T05:11:00,48.41,grocery,digital_wallet,FR,22,9,1,4.4,0
TXN000414,2024-11-24T01:09:00,2.84,healthcare,credit,AU,27,20,0,3.3,0
TXN000415,2024-04-27T00:14:00,406.34,travel,debit,UK,53,18,0,19.0,0
TXN000416,2024-04-06T17:58:00,96.52,retail,credit,AU,21,14,0,1.5,0
TXN000417,2024-02-22T06:10:00,683.79,retail,credit,FR,68,3,1,0.5,0
TXN000418,2024-04-28T22:16:00,14.99,retail,credit,JP,79,9,1,1.2,0
TXN000419,2024-10-28T03:04:00,26.9,travel,digital_wallet,UK,25,1,0,20.9,0
TXN000420,2024-08-01T06:16:00,3.38,retail,digital_wallet,US,52,20,1,14.6,0
TXN000421,2024-08-12T11:57:00,107.54,retail,digital_wallet,AU,20,10,0,15.1,0
TXN000422,2024-09-13T09:16:00,338.25,retail,credit,DE,36,12,0,6.4,0
TXN000423,2024-04-09T03:39:00,125.91,grocery,digital_wallet,DE,27,17,0,3.2,0
TXN000424,2024-05-18T00:33:00,52.3,grocery,credit,UK,68,12,1,27.9,0
TXN000425,2024-02-19T23:15:00,24.31,grocery,credit,UK,20,14,0,4.9,0
TXN000426,2024-06-23T16:02:00,27.92,grocery,digital_wallet,FR,65,21,1,30.9,0
TXN000427,2024-08-02T14:10:00,49.73,healthcare,credit,US,78,22,0,16.5,0
TXN000428,2024-10-17T02:37:00,82.67,travel,debit,FR,51,6,0,10.2,0
TXN000429,2024-08-14T10:03:00,24.5,restaurant,debit,US,28,19,1,2.4,0
TXN000430,2024-10-17T02:03:00,35.03,travel,digital_wallet,AU,68,8,0,16.0,0
TXN000431,2024-09-18T04:27:00,16.89,retail,credit,UK,35,6,1,0.4,0
TXN000432,2024-03-19T11:24:00,164.92,travel,credit,US,30,11,1,12.8,0
TXN000433,2024-08-20T22:45:00,88.04,travel,debit,AU,51,2,0,3.8,0
TXN000434,2024-02-14T06:17:00,9.15,online,credit,US,72,12,0,16.8,0
TXN000435,2024-11-17T08:08:00,14.23,travel,digital_wallet,JP,31,20,0,2.4,0
TXN000436,2024-02-19T15:13:00,2.47,grocery,credit,CA,59,2,1,24.0,0
TXN000437,2024-01-22T10:26:00,162.57,online,digital_wallet,JP,76,17,0,7.0,0
TXN000438,2024-08-20T12:07:00,12.62,travel,debit,AU,64,1,1,10.4,0
TXN000439,2024-05-22T01:07:00,220.31,online,debit,UK,31,3,1,2.3,0
TXN000440,2024-10-18T09:16:00,129.52,healthcare,digital_wallet,FR,56,16,0,4.6,0
TXN000441,2024-06-07T03:54:00,245.92,restaurant,debit,AU,22,15,0,4.7,0
TXN000442,2024-07-10T17:54:00,113.33,healthcare,digital_wallet,FR,71,14,0,3.3,0
TXN000443,2024-01-04T23:17:00,114.05,travel,credit,UK,33,15,1,10.1,0
TXN000444,2024-07-05T03:55:00,24.49,online,credit,US,39,14,0,5.5,0
TXN000445,2024-04-12T10:41:00,31.99,grocery,credit,DE,34,19,1,0.2,0
TXN000446,2024-03-19T23:54:00,623.12,healthcare,debit,DE,59,5,0,2.7,0
TXN000447,2024-05-20T05:28:00,1110.06,travel,credit,US,68,5,0,9.6,0
TXN000448,2024-10-02T08:26:00,60.96,restaurant,digital_wallet,DE,36,6,1,3.2,0
TXN000449,2024-07-21T19:31:00,95.53,online,digital_wallet,AU,80,3,0,3.8,0
TXN000450,2024-01-01T23:59:00,33.24,grocery,credit,JP,53,0,1,3.6,0
TXN000451,2024-04-07T09:14:00,4.78,online,debit,AU,73,19,0,5.9,0
TXN000452,2024-11-08T12:21:00,21.25,travel,digital_wallet,CA,45,14,0,8.5,0
TXN000453,2024-11-25T13:32:00,50.55,healthcare,debit,DE,35,18,0,4.1,0
TXN000454,2024-06-25T01:56:00,260.6,travel,credit,AU,31,20,0,6.3,0
TXN000455,2024-08-07T11:22:00,3.58,travel,debit,FR,48,14,1,9.7,0
TXN000456,2024-07-19T06:51:00,278.43,healthcare,digital_wallet,DE,37,13,0,4.7,0
TXN000457,2024-11-02T11:20:00,174.3,restaurant,debit,UK,50,11,0,8.4,0
TXN000458,2024-01-13T02:15:00,108.45,healthcare,digital_wallet,US,67,12,0,3.1,0
TXN000459,2024-08-07T06:34:00,10.25,restaurant,digital_wallet,US,36,1,0,9.3,0
TXN000460,2024-02-05T07:26:00,107.08,retail,credit,FR,57,6,0,2.2,0
TXN000461,2024-12-15T08:57:00,837.66,retail,debit,AU,52,5,0,10.4,0
TXN000462,2024-08-06T00:16:00,179.95,restaurant,digital_wallet,UK,35,10,1,2.5,0
TXN000463,2024-09-16T16:57:00,80.1,online,digital_wallet,US,33,19,0,0.3,0
TXN000464,2024-05-07T06:27:00,226.79,online,debit,AU,51,20,0,9.4,0
TXN000465,2024-08-21T05:06:00,22534.21,online,credit,CA,61,13,0,27.3,1
TXN000466,2024-08-11T17:22:00,40.7,grocery,digital_wallet,US,50,20,0,0.4,0
TXN000467,2024-06-27T04:32:00,91.89,healthcare,digital_wallet,CA,43,22,1,8.7,0
TXN000468,2024-01-12T02:00:00,30.05,online,debit,DE,73,20,0,4.8,0
TXN000469,2024-11-05T05:24:00,2044.73,retail,debit,JP,69,18,0,16.1,0
TXN000470,2024-04-27T03:53:00,224.14,restaurant,digital_wallet,JP,57,7,1,15.5,0
TXN000471,2024-01-22T00:21:00,33.38,grocery,debit,AU,44,20,0,17.0,0
TXN000472,2024-08-10T19:39:00,11.77,healthcare,digital_wallet,US,44,9,0,3.6,0
TXN000473,2024-12-08T22:51:00,223.67,grocery,debit,UK,39,13,1,2.9,0
TXN000474,2024-10-26T10:48:00,11.88,retail,credit,UK,68,16,1,33.4,0
TXN000475,2024-06-07T08:03:00,35419.11,healthcare,credit,FR,37,13,0,7.5,1
TXN000476,2024-04-08T18:21:00,21.47,healthcare,credit,CA,59,14,1,5.6,0
TXN000477,2024-11-12T06:47:00,61.45,grocery,debit,JP,68,4,0,1.9,0
TXN000478,2024-03-23T07:06:00,33.27,retail,digital_wallet,FR,55,14,0,4.5,0
TXN000479,2024-02-07T17:36:00,464.49,healthcare,credit,AU,51,17,0,4.1,0
TXN000480,2024-06-25T22:25:00,1080.14,travel,credit,US,79,4,0,10.2,0
TXN000481,2024-07-27T21:30:00,22.02,retail,debit,DE,48,6,0,4.6,0
TXN000482,2024-02-28T08:51:00,973.97,online,digital_wallet,AU,42,17,0,9.1,0
TXN000483,2024-12-12T03:23:00,238.92,restaurant,credit,AU,67,6,0,54.1,0
TXN000484,2024-07-16T16:17:00,16.66,retail,digital_wallet,AU,44,8,1,16.6,0
TXN000485,2024-11-26T18:10:00,3.4,healthcare,debit,JP,18,0,0,9.1,0
TXN000486,2024-01-05T09:20:00,120.58,grocery,debit,DE,29,9,0,3.2,0
TXN000487,2024-02-28T11:37:00,99.69,healthcare,debit,US,58,14,0,2.8,0
TXN000488,2024-07-08T08:33:00,53.47,restaurant,credit,UK,37,16,0,3.1,0
TXN000489,2024-02-21T14:54:00,70.62,grocery,debit,CA,50,11,0,0.1,0
TXN000490,2024-06-26T12:33:00,48.51,retail,debit,FR,42,2,0,19.9,0
TXN000491,2024-04-23T01:41:00,58.36,healthcare,debit,CA,54,23,0,17.3,0
TXN000492,2024-09-04T04:13:00,63.33,healthcare,digital_wallet,FR,61,20,0,5.0,0
TXN000493,2024-01-01T16:26:00,9.25,healthcare,credit,JP,49,16,1,8.5,0
TXN000494,2024-12-22T12:12:00,235.55,grocery,credit,AU,74,21,0,30.3,0
TXN000495,2024-04-22T13:55:00,180.46,online,digital_wallet,US,77,7,0,22.6,0
TXN000496,2024-06-09T04:17:00,147.16,grocery,credit,AU,27,16,1,2.1,0
TXN000497,2024-06-17T17:29:00,36.62,grocery,debit,CA,75,14,0,2.0,0
TXN000498,2024-03-02T18:33:00,244.76,grocery,debit,FR,25,17,0,4.7,0
TXN000499,2024-01-23T19:33:00,71.74,retail,credit,DE,50,11,1,1.5,0
TXN000500,2024-02-01T14:57:00,188.03,restaurant,debit,AU,27,1,0,7.1,0
TXN000501,2024-06-21T08:40:00,12.42,retail,digital_wallet,US,45,6,0,15.9,0
TXN000502,2024-03-08T09:01:00,1624.68,online,credit,UK,44,20,0,12.8,0
TXN000503,2024-09-28T17:48:00,3.54,grocery,credit,FR,72,3,0,9.7,0
TXN000504,2024-05-04T02:07:00,63.05,online,digital_wallet,CA,54,13,1,18.6,0
TXN000505,2024-08-22T01:38:00,844.3,online,digital_wallet,CA,54,12,0,4.7,0
TXN000506,2024-04-12T01:56:00,1058.09,grocery,debit,JP,74,6,1,3.3,0
TXN000507,2024-02-10T17:37:00,106.66,online,digital_wallet,UK,70,18,1,0.0,0
TXN000508,2024-11-04T07:52:00,2.54,restaurant,credit,DE,51,0,0,0.9,0
TXN000509,2024-09-07T14:31:00,66.37,restaurant,debit,AU,72,13,0,25.1,0
TXN000510,2024-11-11T10:26:00,53.52,travel,credit,US,64,23,1,9.4,0
TXN000511,2024-04-18T15:20:00,62.27,restaurant,digital_wallet,CA,71,18,0,1.7,0
TXN000512,2024-06-26T07:49:00,17.05,travel,credit,DE,49,19,1,8.4,0
TXN000513,2024-10-07T14:24:00,50.88,grocery,credit,FR,52,11,0,1.5,0
TXN000514,2024-05-26T12:04:00,56.25,retail,credit,UK,26,10,0,0.1,0
TXN000515,2024-10-12T23:07:00,349.35,grocery,credit,CA,41,18,0,6.7,0
TXN000516,2024-09-09T02:50:00,113.03,travel,debit,DE,47,21,0,7.2,0
TXN000517,2024-03-07T18:08:00,109.53,online,debit,JP,73,15,0,14.3,0
TXN000518,2024-08-15T09:16:00,7.67,restaurant,credit,CA,56,10,0,20.3,0
TXN000519,2024-12-25T14:42:00,245.67,online,debit,CA,59,3,0,0.6,0
TXN000520,2024-09-11T06:09:00,516.67,online,debit,UK,40,5,0,42.7,0
TXN000521,2024-05-09T08:10:00,50.18,healthcare,digital_wallet,CA,56,17,0,42.7,0
TXN000522,2024-04-17T08:20:00,58.63,grocery,digital_wallet,UK,74,0,0,13.8,0
TXN000523,2024-04-01T06:47:00,109.47,healthcare,digital_wallet,JP,48,4,1,9.4,0
TXN000524,2024-06-16T11:40:00,42.07,restaurant,credit,CA,54,15,0,17.8,0
TXN000525,2024-08-14T07:28:00,20.34,online,credit,DE,42,0,0,9.5,0
TXN000526,2024-03-21T11:50:00,2.55,travel,digital_wallet,CA,79,4,0,40.6,0
TXN000527,2024-08-19T17:41:00,21.59,retail,debit,JP,34,0,1,0.6,0
TXN000528,2024-01-23T23:04:00,1.12,grocery,credit,CA,42,21,1,9.1,0
TXN000529,2024-05-24T19:10:00,312.16,restaurant,debit,US,25,20,0,6.6,0
TXN000530,2024-05-23T03:06:00,49.87,online,credit,UK,70,14,1,12.8,0
TXN000531,2024-04-05T21:32:00,4.96,online,digital_wallet,AU,48,2,0,6.9,0
TXN000532,2024-09-07T19:37:00,124.5,grocery,credit,US,71,12,0,11.3,0
TXN000533,2024-03-17T06:29:00,19.15,healthcare,debit,AU,40,5,0,1.6,0
TXN000534,2024-02-24T10:59:00,2.06,grocery,digital_wallet,UK,49,20,0,11.8,0
TXN000535,2024-09-25T07:17:00,50.32,online,credit,CA,62,17,1,1.2,0
TXN000536,2024-07-17T17:00:00,114.25,restaurant,digital_wallet,US,29,10,0,3.1,0
TXN000537,2024-05-05T13:42:00,33.25,restaurant,credit,CA,49,2,0,14.2,0
TXN000538,2024-01-09T18:19:00,454.5,healthcare,debit,FR,41,6,0,18.6,0
TXN000539,2024-05-11T04:48:00,8.23,restaurant,debit,JP,64,18,1,23.8,0
TXN000540,2024-06-01T05:22:00,19.25,travel,credit,UK,80,17,0,3.0,0
TXN000541,2024-01-26T10:14:00,225.57,online,digital_wallet,FR,37,0,0,18.1,0
TXN000542,2024-07-09T22:33:00,36.49,online,debit,JP,45,13,0,14.8,0
TXN000543,2024-03-04T20:09:00,61.04,restaurant,digital_wallet,DE,74,0,1,1.1,0
TXN000544,2024-08-08T15:42:00,4.17,healthcare,digital_wallet,AU,31,19,1,2.1,0
TXN000545,2024-11-04T18:27:00,481.85,healthcare,debit,AU,73,20,0,0.1,0
TXN000546,2024-08-04T16:02:00,12.78,travel,digital_wallet,UK,19,10,0,42.4,0
TXN000547,2024-08-24T19:16:00,34.55,restaurant,credit,US,41,23,0,0.8,0
TXN000548,2024-06-24T00:40:00,31.78,online,digital_wallet,CA,29,2,0,6.9,0
TXN000549,2024-06-16T11:59:00,25.6,healthcare,digital_wallet,UK,42,9,0,16.0,0
TXN000550,2024-07-25T17:04:00,78.29,grocery,debit,JP,32,0,1,6.6,0
TXN000551,2024-06-28T07:34:00,468.79,restaurant,credit,FR,24,0,0,67.3,0
TXN000552,2024-10-09T21:51:00,12.69,restaurant,credit,US,70,8,0,8.6,0
TXN000553,2024-02-01T19:31:00,340.3,healthcare,debit,FR,48,23,0,6.7,0
TXN000554,2024-10-13T00:35:00,36.27,online,credit,FR,55,19,0,4.6,0
TXN000555,2024-03-20T06:05:00,139.98,online,digital_wallet,DE,20,15,0,1.4,0
TXN000556,2024-07-14T18:18:00,171.77,grocery,debit,UK,20,7,1,19.3,0
TXN000557,2024-01-12T19:25:00,17.49,grocery,debit,US,74,11,1,11.5,0
TXN000558,2024-04-17T22:25:00,26.64,grocery,debit,JP,66,0,1,1.1,0
TXN000559,2024-09-25T07:09:00,116.46,travel,digital_wallet,JP,60,0,1,3.8,0
TXN000560,2024-09-03T19:28:00,38.28,restaurant,credit,FR,43,3,0,3.4,0
TXN000561,2024-07-04T12:28:00,88.48,restaurant,credit,DE,67,13,1,2.2,0
TXN000562,2024-03-10T19:41:00,286.75,grocery,digital_wallet,CA,73,9,0,19.2,0
TXN000563,2024-04-12T14:38:00,22.06,retail,credit,FR,62,9,0,4.1,0
TXN000564,2024-12-21T23:52:00,4.2,grocery,debit,CA,48,7,0,4.6,0
TXN000565,2024-06-05T21:00:00,13.62,restaurant,debit,AU,35,12,1,7.2,0
TXN000566,2024-12-04T06:56:00,32.42,restaurant,credit,CA,58,10,0,12.0,0
TXN000567,2024-04-14T08:55:00,107.44,restaurant,debit,CA,50,4,0,48.9,0
TXN000568,2024-07-23T03:35:00,1.47,healthcare,digital_wallet,FR,78,2,0,13.2,0
TXN000569,2024-02-05T08:28:00,185.69,grocery,debit,JP,30,3,0,3.0,0
TXN000570,2024-12-26T04:05:00,115.82,retail,credit,AU,46,3,1,0.8,0
TXN000571,2024-05-26T17:46:00,33.33,grocery,debit,CA,29,0,0,11.7,0
TXN000572,2024-11-06T00:43:00,91.86,grocery,digital_wallet,UK,45,16,1,6.2,0
TXN000573,2024-10-11T06:34:00,6.55,healthcare,credit,US,25,7,0,24.5,0
TXN000574,2024-01-28T23:54:00,1796.72,online,debit,DE,70,11,0,11.2,0
TXN000575,2024-02-02T15:25:00,3.74,healthcare,debit,DE,32,9,1,2.7,0
TXN000576,2024-12-25T22:44:00,58.37,travel,digital_wallet,JP,38,8,0,19.1,0
TXN000577,2024-02-17T09:25:00,301.05,retail,credit,UK,77,4,0,21.0,0
TXN000578,2024-02-11T13:53:00,52.5,travel,debit,FR,32,21,1,10.4,0
TXN000579,2024-07-08T17:34:00,326.77,restaurant,debit,FR,75,13,0,20.2,0
TXN000580,2024-05-10T10:54:00,91.0,healthcare,digital_wallet,US,62,5,0,1.7,0
TXN000581,2024-10-12T08:14:00,27.88,grocery,credit,AU,72,23,1,2.7,0
TXN000582,2024-08-06T20:53:00,7.18,restaurant,digital_wallet,US,18,12,0,2.0,0
TXN000583,2024-05-06T06:15:00,3.21,healthcare,credit,JP,23,6,1,22.6,0
TXN000584,2024-07-24T18:29:00,22.94,travel,debit,US,73,19,0,8.1,0
TXN000585,2024-01-11T18:45:00,26.61,online,digital_wallet,FR,79,21,0,3.2,0
TXN000586,2024-12-16T23:14:00,143.18,grocery,debit,FR,25,13,0,12.7,0
TXN000587,2024-06-19T10:29:00,142.58,restaurant,debit,DE,69,13,0,21.1,0
TXN000588,2024-08-13T01:21:00,41.31,travel,credit,JP,26,20,0,16.7,0
TXN000589,2024-07-07T11:35:00,353.36,healthcare,debit,JP,67,19,1,0.7,0
TXN000590,2024-06-27T15:24:00,87.28,travel,credit,US,49,17,1,17.1,0
TXN000591,2024-09-23T19:33:00,84.3,retail,credit,CA,40,20,1,5.0,0
TXN000592,2024-07-21T19:07:00,572.32,online,credit,AU,66,6,1,12.1,0
TXN000593,2024-09-04T06:30:00,22.11,grocery,credit,DE,76,16,0,8.7,0
TXN000594,2024-06-18T05:03:00,83.59,travel,credit,AU,40,14,0,33.3,0
TXN000595,2024-07-19T21:49:00,487.19,retail,digital_wallet,JP,20,15,0,12.4,0
TXN000596,2024-12-09T13:22:00,9.36,online,credit,US,24,17,0,23.7,0
TXN000597,2024-06-20T14:39:00,56.68,healthcare,credit,UK,41,12,0,0.7,0
TXN000598,2024-08-26T15:41:00,519.54,travel,digital_wallet,CA,66,0,1,11.2,0
TXN000599,2024-06-24T07:11:00,304.96,retail,digital_wallet,US,50,21,0,0.3,0
TXN000600,2024-07-19T13:24:00,109.46,travel,credit,JP,37,18,0,44.6,0
TXN000601,2024-06-20T14:26:00,257.17,travel,credit,CA,44,20,0,24.6,0
TXN000602,2024-01-10T00:30:00,18.72,travel,debit,CA,33,15,1,0.3,0
TXN000603,2024-10-03T04:03:00,2.15,retail,credit,JP,53,1,0,15.3,0
TXN000604,2024-10-01T09:56:00,40.58,retail,credit,UK,28,19,1,21.0,0
TXN000605,2024-04-10T17:42:00,16.36,restaurant,credit,FR,78,12,0,6.5,0
TXN000606,2024-08-01T14:38:00,11.41,retail,credit,CA,67,4,0,2.0,0
TXN000607,2024-11-14T17:11:00,61.47,healthcare,digital_wallet,JP,80,1,1,0.2,0
TXN000608,2024-10-09T19:32:00,467.31,grocery,digital_wallet,AU,18,20,0,9.7,0
TXN000609,2024-06-23T15:24:00,21.11,retail,credit,AU,31,19,0,1.0,0
TXN000610,2024-08-05T14:44:00,120.77,grocery,credit,JP,26,9,0,30.2,0
TXN000611,2024-05-03T17:18:00,414.44,travel,digital_wallet,DE,77,19,0,3.8,0
TXN000612,2024-04-12T06:43:00,15.0,online,digital_wallet,AU,50,13,0,5.6,0
TXN000613,2024-06-24T18:04:00,11.52,grocery,credit,DE,62,5,0,3.0,0
TXN000614,2024-12-14T15:48:00,60.14,grocery,credit,US,33,21,0,4.0,0
TXN000615,2024-10-23T10:37:00,34.95,healthcare,debit,DE,48,22,0,25.9,0
TXN000616,2024-03-24T05:06:00,588.93,travel,debit,DE,43,8,0,17.1,0
TXN000617,2024-01-14T08:21:00,299.49,online,digital_wallet,US,20,4,1,1.7,0
TXN000618,2024-07-17T00:23:00,103.27,grocery,credit,AU,58,18,0,1.6,0
TXN000619,2024-09-15T15:46:00,149.44,online,credit,UK,45,21,0,4.2,0
TXN000620,2024-08-07T13:01:00,14.83,retail,credit,DE,22,7,0,3.3,0
TXN000621,2024-10-20T15:46:00,126.28,travel,digital_wallet,CA,23,4,0,0.7,0
TXN000622,2024-10-06T07:04:00,19.72,travel,credit,AU,25,22,0,20.6,0
TXN000623,2024-09-07T15:50:00,37.6,restaurant,credit,FR,24,16,0,10.5,0
TXN000624,2024-02-22T10:41:00,116.67,grocery,debit,FR,41,9,0,3.7,0
TXN000625,2024-01-24T18:26:00,57.04,retail,debit,DE,35,5,0,3.3,0
TXN000626,2024-02-25T11:29:00,99.97,retail,digital_wallet,FR,67,23,0,3.1,0
TXN000627,2024-07-03T23:04:00,18.13,online,debit,US,35,15,1,1.8,0
TXN000628,2024-01-09T18:33:00,35.31,healthcare,debit,US,24,3,0,3.1,0
TXN000629,2024-09-20T03:16:00,34.74,healthcare,debit,CA,33,23,1,4.8,0
TXN000630,2024-11-12T11:45:00,18.23,retail,digital_wallet,AU,25,14,1,6.5,0
TXN000631,2024-03-03T02:30:00,70.78,retail,debit,JP,80,20,0,16.3,0
TXN000632,2024-02-10T01:25:00,11.48,restaurant,credit,JP,72,19,0,2.3,0
TXN000633,2024-08-04T08:15:00,263.54,travel,debit,DE,67,20,0,0.4,0
TXN000634,2024-11-01T00:04:00,229.26,restaurant,credit,US,30,9,0,0.1,0
TXN000635,2024-12-18T20:46:00,31.43,grocery,digital_wallet,AU,59,6,0,9.4,0
TXN000636,2024-06-26T12:10:00,12.41,online,digital_wallet,JP,38,18,0,8.4,0
TXN000637,2024-10-12T09:58:00,17.86,online,debit,FR,59,0,0,1.0,0
TXN000638,2024-06-27T18:03:00,27328.45,restaurant,debit,DE,67,22,0,5.2,0
TXN000639,2024-04-28T18:56:00,96.72,healthcare,credit,FR,66,21,1,2.1,0
TXN000640,2024-12-04T23:19:00,8.3,grocery,credit,AU,80,1,0,13.3,0
TXN000641,2024-01-13T21:23:00,202.83,restaurant,debit,DE,49,12,0,38.4,0
TXN000642,2024-02-01T09:43:00,136.94,restaurant,debit,JP,72,2,1,5.1,0
TXN000643,2024-11-20T05:12:00,11.27,grocery,debit,JP,65,22,0,13.6,0
TXN000644,2024-11-17T16:08:00,101.8,retail,debit,FR,24,10,0,5.7,0
TXN000645,2024-11-14T19:17:00,14.25,retail,digital_wallet,US,40,3,0,4.8,0
TXN000646,2024-02-24T18:21:00,647.26,retail,credit,CA,42,5,1,0.2,0
TXN000647,2024-09-28T19:51:00,44.63,restaurant,credit,AU,47,12,0,23.8,0
TXN000648,2024-08-25T09:46:00,169.88,healthcare,debit,US,24,22,1,2.1,0
TXN000649,2024-07-19T00:10:00,41.86,retail,digital_wallet,DE,43,13,0,13.3,0
TXN000650,2024-08-03T23:32:00,76.98,travel,credit,UK,25,19,1,20.7,0
TXN000651,2024-12-09T16:33:00,136.85,healthcare,credit,DE,59,3,0,11.1,0
TXN000652,2024-02-17T10:04:00,41.39,online,digital_wallet,DE,27,3,0,17.9,0
TXN000653,2024-09-04T11:38:00,16.95,healthcare,debit,JP,30,4,1,8.2,0
TXN000654,2024-02-20T02:20:00,220.76,travel,debit,UK,54,12,0,3.3,0
TXN000655,2024-08-06T23:49:00,53.85,online,credit,DE,24,16,0,13.8,0
TXN000656,2024-06-03T22:48:00,158.36,restaurant,credit,FR,19,18,0,13.3,0
TXN000657,2024-11-07T17:34:00,146.46,retail,digital_wallet,CA,77,16,1,16.5,0
TXN000658,2024-09-10T19:31:00,152.25,healthcare,digital_wallet,UK,64,23,0,6.3,0
TXN000659,2024-10-10T17:15:00,11.83,restaurant,debit,US,43,15,0,4.1,0
TXN000660,2024-05-13T17:23:00,64.84,online,debit,DE,70,22,0,5.0,0
TXN000661,2024-09-05T22:39:00,120.01,grocery,digital_wallet,JP,69,14,1,18.9,0
TXN000662,2024-03-15T06:43:00,307.82,retail,digital_wallet,AU,36,15,1,10.9,0
TXN000663,2024-01-19T18:35:00,90.51,healthcare,debit,JP,44,20,0,27.9,0
TXN000664,2024-01-27T14:45:00,37.75,restaurant,debit,US,62,14,0,3.2,0
TXN000665,2024-01-01T23:11:00,11.59,travel,digital_wallet,US,73,19,0,22.7,0
TXN000666,2024-11-13T16:20:00,69.89,grocery,debit,UK,40,15,0,0.1,0
TXN000667,2024-09-18T07:26:00,270.08,grocery,debit,CA,41,21,0,11.1,0
TXN000668,2024-02-13T02:07:00,497.93,travel,digital_wallet,CA,51,22,0,33.2,0
TXN000669,2024-11-26T17:47:00,19.95,grocery,digital_wallet,US,52,7,1,14.0,0
TXN000670,2024-08-28T02:59:00,50.03,retail,credit,UK,48,12,0,0.5,0
TXN000671,2024-05-09T07:14:00,24.62,restaurant,debit,FR,68,16,0,6.6,0
TXN000672,2024-03-16T14:46:00,163.26,online,credit,US,61,4,1,5.6,0
TXN000673,2024-08-12T11:04:00,17.12,online,credit,AU,54,19,0,10.3,0
TXN000674,2024-11-16T20:29:00,141.4,grocery,digital_wallet,FR,53,14,1,3.0,0
TXN000675,2024-09-04T02:17:00,184.64,grocery,digital_wallet,JP,48,7,1,9.7,0
TXN000676,2024-08-12T13:47:00,269.99,travel,credit,UK,43,15,1,33.2,0
TXN000677,2024-08-28T13:13:00,166.34,retail,digital_wallet,AU,43,10,1,16.1,0
TXN000678,2024-10-08T17:57:00,2.17,travel,debit,US,40,13,0,7.2,0
TXN000679,2024-08-18T01:32:00,195.78,grocery,credit,FR,53,16,0,6.2,0
TXN000680,2024-09-21T01:57:00,106.65,healthcare,debit,DE,30,16,0,2.6,0
TXN000681,2024-04-11T18:25:00,28.05,travel,digital_wallet,CA,63,12,0,11.4,0
TXN000682,2024-06-06T12:48:00,70.93,travel,debit,DE,68,15,0,5.3,0
TXN000683,2024-01-24T00:40:00,20.33,healthcare,debit,JP,79,7,0,3.1,0
TXN000684,2024-01-08T03:14:00,1.72,healthcare,credit,FR,30,15,0,20.1,0
TXN000685,2024-03-26T16:52:00,14.72,retail,credit,DE,58,15,0,5.6,0
TXN000686,2024-05-14T18:44:00,36.93,grocery,digital_wallet,US,42,10,0,17.2,0
TXN000687,2024-12-02T11:10:00,244.49,retail,debit,DE,66,19,0,1.0,0
TXN000688,2024-07-03T12:22:00,68.92,retail,credit,UK,65,5,0,5.2,0
TXN000689,2024-06-03T18:43:00,18.12,online,debit,UK,24,22,0,28.0,0
TXN000690,2024-06-26T15:00:00,40.98,retail,digital_wallet,AU,24,23,0,6.5,0
TXN000691,2024-05-06T17:51:00,97.61,restaurant,credit,UK,31,23,0,10.9,0
TXN000692,2024-12-07T15:06:00,16.61,grocery,digital_wallet,US,70,16,0,19.7,0
TXN000693,2024-01-20T13:49:00,38.05,healthcare,digital_wallet,UK,78,6,0,17.7,0
TXN000694,2024-09-21T14:35:00,25.63,restaurant,debit,FR,65,2,0,23.8,0
TXN000695,2024-04-20T15:01:00,50.13,travel,credit,UK,39,21,0,13.1,0
TXN000696,2024-07-11T00:05:00,98.84,online,debit,UK,49,7,1,12.3,0
TXN000697,2024-10-25T03:07:00,2.96,restaurant,credit,FR,67,17,1,4.8,0
TXN000698,2024-03-28T14:32:00,216.48,restaurant,digital_wallet,US,44,9,0,6.3,0
TXN000699,2024-12-02T02:15:00,43.62,online,debit,UK,41,17,0,1.0,0
TXN000700,2024-05-04T01:37:00,104.88,retail,digital_wallet,DE,38,13,0,30.2,0
TXN000701,2024-10-09T08:14:00,0.92,retail,digital_wallet,AU,38,8,1,12.6,0
TXN000702,2024-01-26T18:31:00,219.15,travel,debit,JP,61,16,1,8.3,0
TXN000703,2024-11-26T16:04:00,101.37,grocery,credit,JP,30,20,0,8.8,0
TXN000704,2024-03-17T16:29:00,187.33,online,debit,FR,64,15,1,35.5,0
TXN000705,2024-10-23T10:56:00,25.8,grocery,digital_wallet,UK,73,18,0,18.4,0
TXN000706,2024-09-17T12:25:00,49.02,restaurant,credit,AU,64,16,1,6.4,0
TXN000707,2024-11-02T07:18:00,40.87,travel,debit,DE,47,1,0,16.2,0
TXN000708,2024-11-14T15:02:00,432.52,retail,digital_wallet,US,30,17,1,17.4,0
TXN000709,2024-01-26T07:20:00,2.32,healthcare,debit,DE,35,23,1,6.0,0
TXN000710,2024-02-05T05:06:00,6.41,travel,digital_wallet,FR,19,6,0,5.7,0
TXN000711,2024-09-02T17:43:00,209.4,online,credit,FR,59,23,0,10.1,0
TXN000712,2024-02-21T05:11:00,20.23,online,debit,DE,40,11,0,26.8,0
TXN000713,2024-06-16T19:48:00,5.63,healthcare,digital_wallet,FR,50,15,0,72.8,0
TXN000714,2024-04-20T03:35:00,22.27,retail,credit,US,75,22,1,6.1,0
TXN000715,2024-07-19T06:35:00,355.67,restaurant,digital_wallet,US,67,7,0,16.3,0
TXN000716,2024-03-17T18:53:00,8.66,retail,digital_wallet,JP,34,4,1,16.4,0
TXN000717,2024-07-04T18:31:00,618.11,travel,credit,AU,36,17,0,15.4,0
TXN000718,2024-01-05T18:02:00,132.83,grocery,digital_wallet,AU,74,2,0,19.2,0
TXN000719,2024-04-03T16:04:00,80.64,grocery,credit,AU,49,21,1,15.9,0
TXN000720,2024-04-16T15:15:00,2.91,restaurant,digital_wallet,AU,59,16,0,1.0,0
TXN000721,2024-10-17T09:15:00,553.52,healthcare,digital_wallet,UK,29,0,1,23.9,0
TXN000722,2024-02-08T15:51:00,262.9,restaurant,digital_wallet,DE,63,15,0,2.8,0
TXN000723,2024-04-14T12:23:00,832.21,grocery,digital_wallet,JP,33,0,0,9.1,0
TXN000724,2024-04-23T09:46:00,13.97,online,credit,JP,22,16,0,5.9,0
TXN000725,2024-11-05T19:42:00,16.44,restaurant,debit,FR,78,18,0,34.2,0
TXN000726,2024-08-16T18:15:00,11.26,restaurant,credit,FR,70,4,0,3.6,0
TXN000727,2024-07-19T10:35:00,61.32,healthcare,debit,DE,25,6,0,5.2,0
TXN000728,2024-07-18T03:09:00,57.95,travel,credit,JP,23,15,1,0.8,0
TXN000729,2024-08-18T23:13:00,109.22,grocery,credit,UK,69,8,1,11.5,0
TXN000730,2024-08-13T20:38:00,83.16,online,debit,AU,21,7,1,15.9,0
TXN000731,2024-01-20T11:21:00,25.47,healthcare,digital_wallet,JP,49,14,0,3.1,0
TXN000732,2024-02-15T02:20:00,183.93,travel,digital_wallet,US,69,4,1,31.1,0
TXN000733,2024-05-03T06:59:00,26.96,healthcare,digital_wallet,DE,74,9,0,5.2,0
TXN000734,2024-05-20T01:50:00,68.41,retail,digital_wallet,DE,38,5,1,22.3,0
TXN000735,2024-04-04T21:58:00,243.4,grocery,credit,CA,30,7,0,8.2,0
TXN000736,2024-05-28T23:01:00,33.4,restaurant,debit,FR,37,0,0,16.0,0
TXN000737,2024-03-08T20:04:00,46.86,restaurant,credit,US,46,5,0,14.7,0
TXN000738,2024-03-11T02:25:00,146.69,grocery,digital_wallet,FR,70,13,1,6.7,0
TXN000739,2024-07-20T19:43:00,19.39,retail,digital_wallet,FR,18,10,0,0.6,0
TXN000740,2024-02-27T15:29:00,91.67,grocery,digital_wallet,DE,43,6,1,28.5,0
TXN000741,2024-04-12T03:56:00,10.71,retail,credit,JP,32,23,0,3.9,0
TXN000742,2024-03-10T00:33:00,151.37,healthcare,debit,UK,26,16,1,5.7,0
TXN000743,2024-03-16T00:51:00,28.71,travel,debit,JP,70,20,0,0.4,0
TXN000744,2024-01-17T01:24:00,2.14,grocery,digital_wallet,UK,70,20,1,12.2,0
TXN000745,2024-05-10T16:55:00,8.78,travel,digital_wallet,FR,52,3,0,12.2,0
TXN000746,2024-12-10T05:26:00,104.16,restaurant,digital_wallet,CA,64,0,0,1.3,0
TXN000747,2024-02-01T17:57:00,258.61,restaurant,digital_wallet,AU,51,7,1,8.4,0
TXN000748,2024-06-09T11:42:00,84.15,online,digital_wallet,AU,30,6,0,3.9,0
TXN000749,2024-02-23T01:59:00,118.2,retail,digital_wallet,DE,26,10,1,4.7,0
TXN000750,2024-12-13T07:20:00,194.31,healthcare,credit,DE,30,21,0,2.4,0
TXN000751,2024-01-01T22:16:00,2.31,online,debit,AU,43,19,0,31.1,0
TXN000752,2024-01-18T14:53:00,74.56,restaurant,credit,JP,54,1,0,3.9,0
TXN000753,2024-02-09T10:17:00,21.37,healthcare,debit,US,41,5,1,4.3,0
TXN000754,2024-08-14T02:27:00,77.13,retail,digital_wallet,AU,66,16,1,3.2,0
TXN000755,2024-01-01T20:49:00,367.1,grocery,debit,AU,26,3,0,8.0,0
TXN000756,2024-07-08T23:59:00,16.77,travel,debit,FR,54,6,1,3.1,0
TXN000757,2024-05-19T10:11:00,88.85,online,debit,DE,72,8,0,0.6,0
TXN000758,2024-11-28T19:07:00,2.9,retail,digital_wallet,JP,18,8,1,3.1,0
TXN000759,2024-06-02T22:49:00,17.26,healthcare,debit,DE,62,6,0,25.2,0
TXN000760,2024-07-06T06:25:00,93.37,restaurant,credit,FR,50,4,0,9.6,0
TXN000761,2024-08-20T21:54:00,113.98,online,debit,FR,80,23,0,2.8,0
TXN000762,2024-12-22T03:50:00,15.4,restaurant,digital_wallet,CA,47,10,0,2.6,0
TXN000763,2024-08-03T21:23:00,43.1,restaurant,digital_wallet,DE,30,7,0,10.5,0
TXN000764,2024-06-21T12:37:00,79.76,retail,debit,JP,64,2,1,6.6,0
TXN000765,2024-04-04T21:16:00,44.07,grocery,debit,CA,56,0,1,7.0,0
TXN000766,2024-03-22T03:46:00,119.03,restaurant,credit,US,55,0,0,5.6,0
TXN000767,2024-04-02T12:48:00,9.28,retail,debit,JP,72,7,1,18.8,0
TXN000768,2024-12-07T01:41:00,15.74,restaurant,digital_wallet,CA,22,22,0,5.7,0
TXN000769,2024-05-27T00:12:00,31.45,grocery,digital_wallet,DE,49,10,1,13.7,0
TXN000770,2024-06-21T09:44:00,117.34,healthcare,digital_wallet,AU,72,0,0,4.8,0
TXN000771,2024-06-23T13:22:00,85.18,restaurant,digital_wallet,CA,75,5,0,4.6,0
TXN000772,2024-07-03T07:00:00,46.25,restaurant,credit,AU,44,20,1,9.0,0
TXN000773,2024-09-18T08:09:00,30.52,restaurant,debit,DE,52,19,1,4.8,0
TXN000774,2024-04-17T02:10:00,11.04,travel,digital_wallet,CA,62,17,1,3.1,0
TXN000775,2024-01-07T10:57:00,15.6,retail,credit,CA,58,20,0,12.0,0
TXN000776,2024-09-26T01:52:00,17.25,grocery,credit,UK,42,8,0,2.4,0
TXN000777,2024-12-14T20:44:00,1026.38,retail,credit,US,29,22,0,10.4,0
TXN000778,2024-10-25T06:24:00,36.9,online,credit,CA,37,16,0,22.0,0
TXN000779,2024-05-03T16:43:00,596.55,online,digital_wallet,DE,52,12,0,15.5,0
TXN000780,2024-06-19T14:14:00,48.3,restaurant,digital_wallet,FR,67,2,0,16.5,0
TXN000781,2024-12-03T02:21:00,4.32,retail,credit,CA,23,11,0,5.9,0
TXN000782,2024-06-07T00:58:00,15.34,travel,credit,UK,45,12,0,10.2,0
TXN000783,2024-09-04T08:18:00,2386.49,travel,credit,UK,53,19,0,4.1,0
TXN000784,2024-04-24T06:30:00,94.06,healthcare,digital_wallet,AU,38,20,1,18.8,0
TXN000785,2024-11-20T06:50:00,19.44,retail,digital_wallet,DE,35,13,1,17.8,0
TXN000786,2024-01-26T08:53:00,44.95,travel,digital_wallet,DE,50,18,0,5.8,0
TXN000787,2024-12-22T15:11:00,123.76,travel,digital_wallet,DE,32,0,0,1.4,0
TXN000788,2024-11-08T20:38:00,91.3,online,credit,AU,27,20,0,6.5,0
TXN000789,2024-11-04T09:01:00,94.8,travel,debit,US,59,15,1,4.2,0
TXN000790,2024-12-03T21:42:00,9.0,online,credit,US,78,4,0,21.7,0
TXN000791,2024-06-08T07:40:00,86.59,travel,debit,US,57,6,0,7.2,0
TXN000792,2024-09-08T13:29:00,214.63,travel,debit,JP,62,3,0,13.1,0
TXN000793,2024-10-16T00:39:00,539.77,restaurant,credit,US,35,3,0,0.9,0
TXN000794,2024-08-23T19:03:00,62.75,grocery,debit,JP,36,0,1,20.0,0
TXN000795,2024-11-03T10:19:00,122.97,restaurant,digital_wallet,US,19,14,1,22.0,0
TXN000796,2024-06-23T14:49:00,355.99,travel,digital_wallet,FR,24,9,0,4.1,0
TXN000797,2024-07-27T01:16:00,235.09,restaurant,credit,DE,27,11,0,13.3,0
TXN000798,2024-07-04T04:28:00,11.01,grocery,credit,JP,63,19,1,2.2,0
TXN000799,2024-01-19T12:49:00,11.31,healthcare,digital_wallet,CA,54,9,0,5.0,0
TXN000800,2024-01-11T17:42:00,28.34,grocery,digital_wallet,DE,33,13,0,19.2,0
TXN000801,2024-08-24T08:03:00,40.41,healthcare,debit,JP,34,19,0,0.8,0
TXN000802,2024-02-12T18:39:00,157.55,online,credit,DE,73,9,0,15.6,0
TXN000803,2024-10-06T18:23:00,40.54,grocery,digital_wallet,CA,72,1,0,5.5,0
TXN000804,2024-02-24T22:27:00,122.65,retail,credit,CA,58,20,0,2.2,0
TXN000805,2024-01-10T09:10:00,143.36,grocery,digital_wallet,CA,80,3,0,0.6,0
TXN000806,2024-06-25T07:13:00,382.95,online,debit,DE,36,7,0,2.9,0
TXN000807,2024-06-06T07:19:00,34.29,healthcare,digital_wallet,FR,73,7,0,1.4,0
TXN000808,2024-01-25T21:46:00,135.08,online,credit,FR,39,13,1,6.7,0
TXN000809,2024-11-21T03:56:00,74.02,travel,credit,JP,69,10,1,0.1,0
TXN000810,2024-02-19T06:05:00,123.27,healthcare,debit,CA,18,9,1,9.9,0
TXN000811,2024-06-17T11:29:00,55.4,healthcare,debit,AU,18,5,0,10.1,0
TXN000812,2024-03-17T11:59:00,38.51,healthcare,digital_wallet,AU,61,12,1,3.9,0
TXN000813,2024-12-14T12:26:00,63.61,grocery,digital_wallet,FR,20,1,0,15.3,0
TXN000814,2024-10-12T10:09:00,46.99,grocery,credit,AU,73,4,1,4.0,0
TXN000815,2024-11-09T21:01:00,40.37,retail,debit,JP,45,16,0,3.0,0
TXN000816,2024-10-04T09:11:00,27.66,healthcare,credit,JP,80,18,1,1.1,0
TXN000817,2024-08-11T23:52:00,26.33,retail,digital_wallet,FR,33,3,1,7.6,0
TXN000818,2024-10-08T05:13:00,15.51,online,debit,JP,39,2,0,1.2,0
TXN000819,2024-02-15T23:57:00,298.37,online,credit,FR,64,21,1,9.2,0
TXN000820,2024-12-04T07:03:00,232.26,restaurant,credit,JP,33,11,0,37.4,0
TXN000821,2024-07-09T15:08:00,19.55,healthcare,credit,JP,58,18,0,6.3,0
TXN000822,2024-02-08T22:14:00,82.73,grocery,digital_wallet,CA,47,21,1,41.1,0
TXN000823,2024-03-12T02:13:00,682.37,restaurant,digital_wallet,DE,80,6,0,6.0,0
TXN000824,2024-09-11T15:12:00,16.49,grocery,credit,CA,46,6,1,3.2,0
TXN000825,2024-10-21T00:49:00,241.62,healthcare,credit,DE,39,19,1,48.9,0
TXN000826,2024-08-07T01:03:00,4.13,grocery,debit,UK,53,17,0,6.4,0
TXN000827,2024-12-26T19:58:00,198.43,retail,debit,JP,66,9,0,10.6,0
TXN000828,2024-02-08T22:02:00,291.11,online,credit,US,44,3,1,7.0,0
TXN000829,2024-07-21T21:06:00,11.53,online,digital_wallet,CA,79,22,0,1.2,0
TXN000830,2024-06-24T16:57:00,15.25,online,digital_wallet,AU,25,20,0,0.9,0
TXN000831,2024-03-13T01:43:00,3.95,online,digital_wallet,US,36,23,1,3.7,0
TXN000832,2024-09-06T07:04:00,45.26,restaurant,digital_wallet,FR,68,9,1,28.5,0
TXN000833,2024-08-15T06:29:00,156.13,retail,credit,CA,49,8,0,16.1,0
TXN000834,2024-06-27T11:41:00,29.54,retail,digital_wallet,US,26,3,1,46.6,0
TXN000835,2024-10-21T08:25:00,58.34,grocery,credit,JP,44,0,0,48.0,0
TXN000836,2024-07-16T13:37:00,13.95,healthcare,credit,UK,32,11,0,5.9,0
TXN000837,2024-08-23T11:57:00,84.19,healthcare,digital_wallet,FR,18,12,1,6.8,0
TXN000838,2024-11-19T10:05:00,631.19,retail,credit,JP,79,2,0,29.6,0
TXN000839,2024-08-27T21:28:00,14.08,retail,debit,AU,35,17,1,10.0,0
TXN000840,2024-08-06T23:05:00,39.21,retail,debit,DE,30,18,0,2.0,0
TXN000841,2024-04-02T09:03:00,79.99,healthcare,debit,JP,69,9,0,15.5,0
TXN000842,2024-12-19T12:52:00,127.1,healthcare,debit,US,24,15,0,3.0,0
TXN000843,2024-07-03T13:53:00,73.84,grocery,debit,CA,54,19,1,16.0,0
TXN000844,2024-09-07T20:28:00,95.9,grocery,credit,CA,64,13,0,0.3,0
TXN000845,2024-06-13T04:40:00,569.25,grocery,debit,UK,63,16,0,4.3,0
TXN000846,2024-02-13T10:33:00,11.33,healthcare,debit,AU,25,4,1,0.6,0
TXN000847,2024-08-03T23:14:00,3.24,restaurant,credit,FR,21,9,0,4.9,0
TXN000848,2024-02-12T12:36:00,321.27,online,credit,JP,77,15,0,34.0,0
TXN000849,2024-02-09T11:41:00,8.15,online,debit,JP,36,22,0,4.0,0
TXN000850,2024-06-17T13:06:00,13.01,travel,digital_wallet,DE,22,23,0,3.6,0
TXN000851,2024-11-07T14:57:00,42.02,travel,digital_wallet,AU,52,23,0,15.8,0
TXN000852,2024-09-14T21:10:00,21.81,online,debit,JP,55,3,0,6.5,0
TXN000853,2024-08-20T05:41:00,80.39,restaurant,digital_wallet,FR,50,16,1,0.2,0
TXN000854,2024-03-14T06:34:00,6.13,grocery,digital_wallet,AU,42,19,1,2.7,0
TXN000855,2024-05-06T20:18:00,180.39,retail,credit,AU,38,13,0,7.2,0
TXN000856,2024-03-15T18:14:00,48.88,grocery,debit,DE,56,12,0,8.0,0
TXN000857,2024-07-06T05:18:00,46.36,healthcare,debit,CA,35,4,0,14.6,0
TXN000858,2024-01-01T20:21:00,1244.32,grocery,credit,JP,57,8,0,5.4,0
TXN000859,2024-10-12T06:27:00,84.97,healthcare,debit,US,33,11,1,0.4,0
TXN000860,2024-11-24T02:14:00,93.3,online,credit,DE,32,18,0,14.6,0
TXN000861,2024-05-18T02:09:00,59.26,grocery,credit,FR,56,11,1,0.9,0
TXN000862,2024-03-17T18:45:00,37.22,travel,credit,US,53,11,1,30.6,0
TXN000863,2024-10-10T03:03:00,90.41,retail,credit,UK,24,18,0,0.9,0
TXN000864,2024-09-24T04:09:00,129.0,restaurant,digital_wallet,CA,39,9,0,6.8,0
TXN000865,2024-08-11T01:44:00,93.98,healthcare,debit,UK,35,8,0,8.8,0
TXN000866,2024-01-16T12:26:00,324.98,retail,debit,CA,25,1,0,1.3,0
TXN000867,2024-01-23T07:46:00,487.33,travel,debit,JP,80,13,0,11.4,0
TXN000868,2024-09-10T12:48:00,108.21,grocery,credit,UK,33,18,1,7.0,0
TXN000869,2024-02-24T09:47:00,24.21,grocery,digital_wallet,AU,75,13,0,14.6,0
TXN000870,2024-08-28T21:13:00,79.44,grocery,debit,DE,52,20,0,3.7,0
TXN000871,2024-04-03T23:38:00,32.15,online,digital_wallet,CA,34,4,1,6.0,0
TXN000872,2024-03-17T08:22:00,63.86,restaurant,digital_wallet,US,25,11,0,6.1,0
TXN000873,2024-05-18T22:06:00,48.2,healthcare,digital_wallet,AU,30,19,0,1.8,0
TXN000874,2024-12-17T12:02:00,80.22,retail,debit,JP,76,3,0,31.0,0
TXN000875,2024-10-18T02:33:00,12.12,grocery,debit,FR,42,22,0,43.7,0
TXN000876,2024-02-24T10:37:00,87.5,online,digital_wallet,CA,68,7,1,3.5,0
TXN000877,2024-12-12T20:06:00,223.59,retail,digital_wallet,DE,65,22,1,15.7,0
TXN000878,2024-04-02T22:48:00,6.89,restaurant,digital_wallet,UK,18,23,0,5.8,0
TXN000879,2024-10-10T06:44:00,60.19,retail,digital_wallet,DE,72,4,1,9.9,0
TXN000880,2024-12-18T01:46:00,1027.62,online,credit,JP,46,17,1,8.1,0
TXN000881,2024-05-03T15:49:00,35.16,restaurant,credit,UK,36,20,1,1.3,0
TXN000882,2024-08-07T20:59:00,27.63,healthcare,digital_wallet,CA,77,5,0,13.4,0
TXN000883,2024-02-19T09:51:00,149.94,healthcare,credit,CA,51,11,1,14.7,0
TXN000884,2024-11-27T00:34:00,59.33,retail,debit,AU,65,2,0,1.4,0
TXN000885,2024-05-07T01:01:00,160.03,healthcare,digital_wallet,AU,39,22,1,10.2,0
TXN000886,2024-05-10T08:39:00,20.47,restaurant,digital_wallet,JP,64,10,0,24.7,0
TXN000887,2024-02-05T17:48:00,93.1,online,credit,US,31,8,1,1.8,0
TXN000888,2024-05-13T22:46:00,102.24,online,debit,CA,22,12,0,19.1,0
TXN000889,2024-02-14T05:44:00,563.63,retail,digital_wallet,JP,75,8,1,5.4,0
TXN000890,2024-08-14T01:00:00,112.7,grocery,digital_wallet,CA,21,22,0,15.8,0
TXN000891,2024-07-13T04:25:00,4.63,grocery,digital_wallet,FR,79,10,0,8.0,0
TXN000892,2024-08-28T03:55:00,57.4,grocery,credit,CA,58,10,0,4.4,0
TXN000893,2024-04-10T03:29:00,550.21,retail,credit,CA,49,2,0,32.4,0
TXN000894,2024-06-26T16:34:00,106.53,online,credit,AU,34,6,1,19.7,0
TXN000895,2024-09-28T23:36:00,2.0,travel,credit,US,69,18,0,7.0,0
TXN000896,2024-07-16T06:12:00,68.94,healthcare,debit,JP,76,11,0,11.4,0
TXN000897,2024-07-20T07:52:00,31.98,travel,digital_wallet,CA,19,4,1,16.9,0
TXN000898,2024-07-21T05:18:00,6.93,healthcare,debit,FR,45,3,1,6.1,0
TXN000899,2024-03-17T16:00:00,9850.85,grocery,debit,UK,37,3,0,1.9,1
TXN000900,2024-07-15T15:55:00,4.03,restaurant,credit,CA,30,7,0,5.0,0
TXN000901,2024-03-08T03:01:00,1.58,grocery,credit,JP,38,2,1,2.5,0
TXN000902,2024-01-02T06:03:00,51.17,restaurant,credit,CA,58,5,0,6.2,0
TXN000903,2024-12-23T04:56:00,98.7,retail,credit,FR,19,16,1,14.6,0
TXN000904,2024-12-18T23:19:00,17.82,healthcare,credit,CA,26,7,0,7.9,0
TXN000905,2024-02-05T23:16:00,1275.14,restaurant,digital_wallet,DE,68,1,1,5.1,0
TXN000906,2024-09-09T19:50:00,18.91,healthcare,credit,FR,27,18,1,6.6,0
TXN000907,2024-11-20T07:22:00,294.89,retail,credit,JP,71,20,0,1.6,0
TXN000908,2024-01-09T20:51:00,173.95,online,debit,UK,32,0,0,0.9,0
TXN000909,2024-10-17T08:08:00,7.01,online,debit,FR,53,11,0,0.3,0
TXN000910,2024-06-27T03:25:00,80.9,online,digital_wallet,FR,41,23,1,16.6,0
TXN000911,2024-01-22T17:57:00,12.33,healthcare,credit,DE,28,23,0,1.9,0
TXN000912,2024-12-17T04:56:00,71.62,restaurant,credit,UK,36,5,0,1.8,0
TXN000913,2024-08-21T01:44:00,91.69,grocery,digital_wallet,UK,42,17,0,1.4,0
TXN000914,2024-04-15T08:45:00,15.14,restaurant,debit,JP,70,4,0,1.5,0
TXN000915,2024-01-01T12:27:00,489.26,restaurant,digital_wallet,CA,30,18,0,1.8,0
TXN000916,2024-05-24T13:10:00,26.09,healthcare,digital_wallet,US,48,10,0,1.7,0
TXN000917,2024-09-15T03:18:00,43.24,restaurant,digital_wallet,DE,39,7,0,2.2,0
TXN000918,2024-09-18T09:46:00,45.64,grocery,debit,AU,36,13,0,5.7,0
TXN000919,2024-07-24T15:37:00,70.78,restaurant,credit,FR,57,23,0,4.4,0
TXN000920,2024-01-16T10:30:00,16.55,travel,credit,JP,53,17,1,5.5,0
TXN000921,2024-06-08T00:00:00,272.01,retail,digital_wallet,AU,45,11,0,1.7,0
TXN000922,2024-01-15T10:14:00,193.87,retail,digital_wallet,FR,35,16,1,6.9,0
TXN000923,2024-09-28T04:04:00,1674.27,restaurant,credit,FR,40,3,0,5.7,0
TXN000924,2024-04-10T03:12:00,250.54,retail,debit,AU,75,15,0,0.5,0
TXN000925,2024-04-08T15:18:00,44.03,online,digital_wallet,JP,59,23,0,13.7,0
TXN000926,2024-03-21T15:26:00,34.64,grocery,digital_wallet,UK,53,0,0,12.3,0
TXN000927,2024-12-26T22:15:00,39.8,travel,credit,FR,64,16,1,8.4,0
TXN000928,2024-06-11T00:59:00,48.78,retail,credit,AU,38,17,0,10.4,0
TXN000929,2024-01-25T12:29:00,2.98,healthcare,digital_wallet,JP,29,8,0,9.3,0
TXN000930,2024-01-10T12:34:00,13.41,healthcare,debit,AU,20,16,0,25.2,0
TXN000931,2024-08-19T15:33:00,331.44,restaurant,debit,FR,73,13,1,3.9,0
TXN000932,2024-01-19T03:43:00,176.61,healthcare,debit,US,35,15,1,0.4,0
TXN000933,2024-10-24T17:41:00,16.22,restaurant,debit,UK,32,13,1,9.7,0
TXN000934,2024-12-24T15:41:00,52.53,healthcare,digital_wallet,UK,66,5,0,10.4,0
TXN000935,2024-02-23T23:34:00,24.61,retail,debit,FR,65,23,0,2.2,0
TXN000936,2024-05-08T08:43:00,3.11,healthcare,credit,AU,79,20,1,21.0,0
TXN000937,2024-12-16T06:22:00,7.59,restaurant,digital_wallet,AU,56,0,1,2.3,0
TXN000938,2024-05-13T09:22:00,109.99,travel,debit,CA,41,1,1,0.3,0
TXN000939,2024-08-27T11:08:00,25.54,grocery,credit,UK,37,18,0,3.1,0
TXN000940,2024-03-20T18:10:00,90.97,online,debit,CA,21,17,0,1.0,0
TXN000941,2024-04-01T10:44:00,143.4,healthcare,digital_wallet,CA,45,11,0,10.9,0
TXN000942,2024-12-27T14:27:00,312.8,travel,debit,US,54,7,0,1.6,0
TXN000943,2024-08-07T02:55:00,218.94,grocery,digital_wallet,UK,56,17,1,8.5,0
TXN000944,2024-02-14T19:39:00,36339.56,restaurant,debit,DE,65,19,0,7.0,1
TXN000945,2024-08-11T17:17:00,10.7,travel,credit,US,70,18,0,3.3,0
TXN000946,2024-02-27T08:58:00,30.05,grocery,digital_wallet,AU,58,15,1,23.8,0
TXN000947,2024-08-21T17:56:00,8.01,restaurant,digital_wallet,JP,66,3,0,3.5,0
TXN000948,2024-05-21T00:41:00,327.17,healthcare,credit,US,42,8,0,15.3,0
TXN000949,2024-05-28T21:58:00,481.03,restaurant,digital_wallet,FR,44,4,0,57.3,0
TXN000950,2024-05-08T04:10:00,80.36,healthcare,debit,AU,24,2,0,1.4,0
TXN000951,2024-02-10T17:07:00,257.63,travel,credit,UK,68,1,0,22.6,0
TXN000952,2024-11-20T19:04:00,154.2,retail,credit,CA,78,3,0,11.6,0
TXN000953,2024-04-17T00:18:00,92.74,grocery,credit,CA,41,11,1,4.7,0
TXN000954,2024-01-13T15:38:00,14.66,restaurant,debit,FR,53,16,0,2.9,0
TXN000955,2024-10-14T07:00:00,24483.21,travel,debit,JP,43,15,0,0.5,1
TXN000956,2024-05-24T15:32:00,509.17,travel,credit,UK,32,19,1,6.5,0
TXN000957,2024-06-28T00:26:00,41.23,healthcare,digital_wallet,FR,31,11,0,6.5,0
TXN000958,2024-07-03T21:38:00,37.78,travel,digital_wallet,DE,74,8,0,4.7,0
TXN000959,2024-01-23T08:05:00,590.12,retail,credit,US,43,2,0,19.8,0
TXN000960,2024-01-13T01:20:00,737.95,online,digital_wallet,FR,32,8,0,1.3,0
TXN000961,2024-05-17T23:34:00,100.16,retail,credit,CA,39,15,0,21.3,0
TXN000962,2024-08-08T14:28:00,37.15,grocery,credit,FR,52,5,0,21.0,0
TXN000963,2024-04-06T04:00:00,134.06,online,digital_wallet,US,75,18,1,13.4,0
TXN000964,2024-12-04T09:41:00,19.23,retail,digital_wallet,UK,74,3,0,0.2,0
TXN000965,2024-12-17T07:45:00,364.1,retail,digital_wallet,DE,30,21,0,49.8,0
TXN000966,2024-11-16T23:20:00,23.56,retail,credit,JP,47,5,0,12.3,0
TXN000967,2024-02-24T03:51:00,787.81,healthcare,digital_wallet,DE,55,14,0,2.1,0
TXN000968,2024-12-24T20:57:00,273.95,travel,credit,US,80,8,1,5.0,0
TXN000969,2024-02-18T23:47:00,26.13,online,digital_wallet,US,38,6,0,29.5,0
TXN000970,2024-09-25T02:15:00,200.24,online,digital_wallet,AU,59,18,0,5.4,0
TXN000971,2024-07-13T07:12:00,24.44,grocery,digital_wallet,FR,18,5,0,2.9,0
TXN000972,2024-07-20T16:29:00,49.88,retail,credit,JP,61,22,0,3.7,0
TXN000973,2024-02-02T08:34:00,16.73,restaurant,digital_wallet,US,22,21,0,3.4,0
TXN000974,2024-07-10T17:36:00,15.41,healthcare,debit,UK,78,20,1,2.0,0
TXN000975,2024-10-12T20:55:00,2616.97,online,debit,UK,43,18,0,4.2,0
TXN000976,2024-07-09T18:25:00,16.45,healthcare,credit,US,67,18,0,4.3,0
TXN000977,2024-12-18T03:46:00,368.34,restaurant,debit,US,58,22,1,2.5,0
TXN000978,2024-08-02T18:56:00,114.34,retail,credit,DE,79,17,0,21.8,0
TXN000979,2024-04-27T13:15:00,1332.44,retail,debit,US,70,19,0,0.4,0
TXN000980,2024-07-01T01:25:00,4.22,retail,credit,US,45,16,0,35.0,0
TXN000981,2024-04-21T14:23:00,20.69,healthcare,digital_wallet,UK,45,3,0,13.2,0
TXN000982,2024-11-27T00:40:00,18.48,online,credit,UK,24,10,0,5.3,0
TXN000983,2024-03-01T21:28:00,585.78,grocery,credit,US,24,6,0,9.8,0
TXN000984,2024-08-01T16:14:00,81.04,travel,debit,JP,25,22,0,19.5,0
TXN000985,2024-11-02T22:34:00,6.25,restaurant,digital_wallet,DE,76,11,0,10.0,0
TXN000986,2024-06-05T04:48:00,19.2,retail,debit,DE,77,22,0,3.9,0
TXN000987,2024-05-06T05:14:00,127.48,healthcare,debit,DE,78,2,0,8.7,0
TXN000988,2024-05-04T14:39:00,93.5,restaurant,digital_wallet,UK,76,2,0,3.4,0
TXN000989,2024-02-17T04:26:00,15.57,grocery,digital_wallet,FR,50,19,1,26.2,0
TXN000990,2024-09-24T03:18:00,11.68,travel,digital_wallet,DE,22,0,0,8.9,0
TXN000991,2024-02-10T12:22:00,132.21,travel,digital_wallet,JP,29,21,0,16.2,0
TXN000992,2024-08-23T03:33:00,146.77,grocery,credit,US,65,12,1,0.9,0
TXN000993,2024-04-23T03:56:00,40.35,travel,debit,DE,73,21,1,4.2,0
TXN000994,2024-12-19T20:38:00,128.33,healthcare,debit,AU,40,7,1,0.3,0
TXN000995,2024-05-01T15:19:00,72.07,grocery,digital_wallet,JP,60,23,0,7.1,0
TXN000996,2024-09-27T02:04:00,362.23,grocery,credit,UK,70,14,0,18.4,0
TXN000997,2024-02-02T13:10:00,162.97,online,credit,AU,73,4,0,3.3,0
TXN000998,2024-07-27T00:09:00,54.81,healthcare,debit,JP,65,5,0,9.6,0
TXN000999,2024-08-27T04:19:00,518.52,travel,debit,AU,50,1,0,14.4,0
TXN001000,2024-04-03T21:21:00,23.08,retail,credit,UK,54,6,0,0.3,0
TXN001001,2024-04-11T09:54:00,9.95,travel,credit,AU,41,22,0,1.2,0
TXN001002,2024-11-07T15:25:00,180.85,grocery,digital_wallet,US,75,13,0,24.6,0
TXN001003,2024-06-14T05:05:00,23124.36,restaurant,debit,US,30,14,1,3.6,1
TXN001004,2024-12-07T11:29:00,291.68,grocery,credit,AU,72,1,0,0.7,0
TXN001005,2024-02-15T08:06:00,298.74,travel,debit,AU,50,13,0,1.0,0
TXN001006,2024-12-07T02:18:00,304.39,healthcare,debit,AU,18,3,1,5.9,0
TXN001007,2024-05-21T07:00:00,51.87,healthcare,credit,AU,71,15,0,1.2,0
TXN001008,2024-03-15T14:42:00,31.23,restaurant,digital_wallet,UK,76,16,0,15.5,0
TXN001009,2024-06-04T23:08:00,18.21,healthcare,digital_wallet,UK,64,8,0,3.3,0
TXN001010,2024-12-19T06:17:00,61.53,online,debit,CA,58,23,1,7.1,0
TXN001011,2024-07-22T07:24:00,13940.17,online,credit,US,41,14,0,0.2,1
TXN001012,2024-08-25T03:46:00,18.26,grocery,credit,DE,74,16,1,1.2,0
TXN001013,2024-09-04T06:38:00,331.96,travel,credit,AU,25,21,0,4.7,0
TXN001014,2024-01-15T22:05:00,40.67,healthcare,credit,AU,20,16,0,2.6,0
TXN001015,2024-06-10T18:27:00,106.76,grocery,credit,JP,31,7,0,7.7,0
TXN001016,2024-02-19T01:37:00,18.86,travel,debit,AU,47,13,0,8.4,0
TXN001017,2024-05-25T15:53:00,21.68,grocery,credit,CA,72,1,0,2.8,0
TXN001018,2024-02-04T13:46:00,38.23,retail,credit,AU,74,15,0,4.0,0
TXN001019,2024-01-13T03:24:00,42.45,healthcare,credit,JP,29,22,0,7.0,0
TXN001020,2024-08-12T21:52:00,585.5,online,credit,FR,52,11,0,0.2,0
TXN001021,2024-12-03T17:38:00,98.29,healthcare,credit,DE,28,2,0,1.7,0
TXN001022,2024-04-26T21:54:00,76.85,grocery,debit,US,64,0,0,4.9,0
TXN001023,2024-07-03T04:11:00,14.87,grocery,debit,DE,63,14,1,3.9,0
TXN001024,2024-07-15T12:23:00,49522.97,retail,credit,CA,71,13,1,12.1,1
TXN001025,2024-08-10T17:15:00,12.0,grocery,digital_wallet,UK,54,0,0,5.5,0
TXN001026,2024-07-06T06:20:00,11.7,grocery,credit,JP,76,22,0,1.7,0
TXN001027,2024-09-10T10:34:00,100.69,grocery,digital_wallet,AU,79,10,0,22.4,0
TXN001028,2024-04-03T11:07:00,329.24,healthcare,debit,DE,48,16,0,1.6,0
TXN001029,2024-04-06T14:22:00,165.14,travel,credit,UK,40,2,0,9.0,0
TXN001030,2024-12-24T15:51:00,5.13,travel,debit,FR,38,2,0,10.8,0
TXN001031,2024-06-06T16:13:00,14.8,travel,debit,AU,42,8,0,0.2,0
TXN001032,2024-08-19T08:13:00,177.87,restaurant,digital_wallet,CA,59,18,0,4.8,0
TXN001033,2024-10-28T01:34:00,16.92,grocery,debit,UK,26,11,0,19.2,0
TXN001034,2024-09-04T19:26:00,444.75,restaurant,credit,JP,44,9,0,4.9,0
TXN001035,2024-01-03T06:46:00,2.62,online,debit,UK,27,1,0,17.0,0
TXN001036,2024-07-13T01:11:00,111.12,online,debit,FR,77,8,0,13.0,0
TXN001037,2024-04-24T07:40:00,243.88,healthcare,debit,FR,72,17,1,3.8,0
TXN001038,2024-11-03T13:38:00,799.88,retail,debit,JP,53,14,1,0.2,0
TXN001039,2024-10-17T06:03:00,248.49,healthcare,debit,US,74,21,1,0.3,0
TXN001040,2024-11-18T02:22:00,9.83,travel,credit,US,51,3,0,18.7,0
TXN001041,2024-11-26T11:40:00,46.84,online,debit,DE,72,8,1,4.4,0
TXN001042,2024-01-17T12:24:00,13.27,restaurant,credit,DE,63,9,0,67.1,0
TXN001043,2024-04-11T07:26:00,386.93,grocery,credit,UK,52,14,0,6.0,0
TXN001044,2024-11-20T00:53:00,36.53,restaurant,credit,US,68,10,1,1.2,0
TXN001045,2024-08-27T18:57:00,44.58,healthcare,debit,CA,50,18,1,8.3,0
TXN001046,2024-01-23T03:30:00,350.44,retail,digital_wallet,FR,58,7,0,2.1,0
TXN001047,2024-01-27T16:16:00,83.66,online,credit,DE,54,14,0,18.6,0
TXN001048,2024-07-20T11:37:00,598.24,healthcare,debit,UK,64,9,0,1.3,0
TXN001049,2024-04-27T20:11:00,48.55,grocery,digital_wallet,US,64,8,1,22.7,0
TXN001050,2024-12-10T05:09:00,57.15,restaurant,debit,FR,45,0,0,2.3,0
TXN001051,2024-07-25T22:52:00,778.57,restaurant,debit,AU,50,19,0,3.9,0
TXN001052,2024-05-17T14:07:00,137.66,restaurant,debit,AU,33,9,1,5.4,0
TXN001053,2024-11-10T00:32:00,47.15,restaurant,digital_wallet,JP,44,12,1,1.0,0
TXN001054,2024-01-04T10:49:00,75.73,retail,debit,AU,69,0,1,3.6,0
TXN001055,2024-01-07T01:53:00,130.79,healthcare,credit,JP,43,20,0,20.1,0
TXN001056,2024-04-26T03:42:00,893.41,restaurant,debit,FR,20,19,0,3.4,0
TXN001057,2024-07-16T20:10:00,122.9,healthcare,debit,FR,23,2,0,23.3,0
TXN001058,2024-08-10T18:03:00,26.44,online,debit,AU,60,13,1,29.6,0
TXN001059,2024-12-23T00:06:00,1377.78,travel,credit,FR,71,9,0,24.3,0
TXN001060,2024-11-15T20:38:00,75.81,healthcare,debit,UK,44,10,0,1.5,0
TXN001061,2024-03-11T01:40:00,7.68,restaurant,digital_wallet,JP,79,4,0,4.5,0
TXN001062,2024-07-10T17:06:00,105.77,restaurant,digital_wallet,US,27,4,1,0.1,0
TXN001063,2024-07-17T10:27:00,273.48,healthcare,debit,JP,36,21,0,12.3,0
TXN001064,2024-08-03T01:34:00,17.29,retail,credit,CA,42,11,0,27.6,0
TXN001065,2024-09-23T03:54:00,300.0,retail,digital_wallet,US,71,13,0,8.6,0
TXN001066,2024-05-06T12:19:00,70.45,travel,debit,JP,47,22,0,3.0,0
TXN001067,2024-02-27T01:32:00,48.63,healthcare,digital_wallet,JP,49,17,1,3.7,0
TXN001068,2024-03-09T07:18:00,572.46,healthcare,digital_wallet,CA,68,4,0,2.6,0
TXN001069,2024-01-18T06:34:00,309.91,online,digital_wallet,DE,66,0,1,3.2,0
TXN001070,2024-08-12T02:18:00,22.52,healthcare,debit,FR,41,8,0,6.9,0
TXN001071,2024-11-10T11:28:00,126.02,online,credit,US,21,4,0,2.1,0
TXN001072,2024-05-28T02:14:00,11.95,healthcare,credit,DE,56,14,0,6.6,0
TXN001073,2024-03-18T11:32:00,160.38,online,debit,UK,49,2,0,17.6,0
TXN001074,2024-04-20T09:14:00,47.43,online,debit,CA,24,2,0,10.9,0
TXN001075,2024-09-16T09:01:00,47.83,online,credit,US,40,4,0,31.7,0
TXN001076,2024-05-12T14:46:00,218.45,grocery,debit,CA,28,12,1,3.2,0
TXN001077,2024-09-28T05:56:00,18.57,online,credit,US,47,4,1,0.4,0
TXN001078,2024-07-27T01:31:00,158.13,grocery,digital_wallet,FR,68,20,0,8.9,0
TXN001079,2024-01-25T07:07:00,30.99,retail,debit,UK,53,6,1,1.3,0
TXN001080,2024-03-26T05:13:00,320.98,online,digital_wallet,DE,56,13,0,15.5,0
TXN001081,2024-03-01T23:37:00,4.97,healthcare,digital_wallet,AU,26,7,0,79.3,0
TXN001082,2024-06-10T16:00:00,361.94,online,credit,FR,57,18,1,9.7,0
TXN001083,2024-01-10T23:41:00,39.44,restaurant,digital_wallet,CA,63,5,0,8.8,0
TXN001084,2024-10-18T06:02:00,3.12,restaurant,credit,UK,66,3,1,9.8,0
TXN001085,2024-02-26T05:45:00,57.17,travel,debit,DE,77,10,0,2.3,0
TXN001086,2024-02-27T05:58:00,70.09,healthcare,credit,DE,74,16,0,2.0,0
TXN001087,2024-10-27T16:34:00,6.18,online,debit,DE,65,2,0,10.4,0
TXN001088,2024-10-24T05:15:00,17.77,online,debit,AU,78,0,1,9.5,0
TXN001089,2024-04-16T17:57:00,27.71,healthcare,credit,CA,52,18,1,11.6,0
TXN001090,2024-03-17T12:35:00,103.62,restaurant,debit,US,68,4,0,10.4,0
TXN001091,2024-05-07T02:11:00,112.95,grocery,digital_wallet,AU,45,22,0,8.8,0
TXN001092,2024-07-19T20:01:00,48.2,online,digital_wallet,JP,52,21,0,7.9,0
TXN001093,2024-10-25T13:11:00,124.31,grocery,debit,FR,29,12,0,19.7,0
TXN001094,2024-11-17T13:44:00,22.97,online,debit,DE,64,21,0,5.1,0
TXN001095,2024-10-23T21:15:00,173.99,restaurant,credit,AU,52,5,0,11.0,0
TXN001096,2024-12-07T15:57:00,23.56,restaurant,credit,AU,72,17,0,35.7,0
TXN001097,2024-03-01T03:45:00,130.25,travel,debit,US,33,20,1,3.6,0
TXN001098,2024-10-20T16:45:00,396.01,online,digital_wallet,US,62,12,0,1.8,0
TXN001099,2024-11-03T09:05:00,15.61,restaurant,credit,CA,77,11,0,5.4,0
TXN001100,2024-08-05T01:00:00,6.75,travel,credit,AU,41,0,0,7.2,0
TXN001101,2024-03-17T10:11:00,14.47,restaurant,credit,CA,52,18,0,2.2,0
TXN001102,2024-05-19T14:13:00,14.15,travel,debit,DE,43,2,0,0.3,0
TXN001103,2024-12-12T00:39:00,307.15,healthcare,digital_wallet,AU,40,8,0,8.8,0
TXN001104,2024-07-26T02:36:00,27.55,retail,debit,UK,24,22,0,16.0,0
TXN001105,2024-08-22T12:20:00,32.02,retail,credit,FR,50,10,1,7.1,0
TXN001106,2024-03-13T10:41:00,2.82,travel,digital_wallet,UK,48,13,0,1.3,0
TXN001107,2024-09-17T11:03:00,389.04,grocery,credit,AU,56,19,0,0.5,0
TXN001108,2024-03-18T01:41:00,51.15,online,digital_wallet,UK,49,7,0,5.6,0
TXN001109,2024-06-27T16:33:00,18.66,online,digital_wallet,US,39,1,0,2.1,0
TXN001110,2024-02-24T05:34:00,66.18,restaurant,debit,FR,20,1,1,6.7,0
TXN001111,2024-10-10T08:43:00,22.3,grocery,debit,UK,47,4,0,7.0,0
TXN001112,2024-10-05T04:52:00,139.03,travel,digital_wallet,UK,67,17,0,42.3,0
TXN001113,2024-12-02T12:28:00,76.22,travel,credit,DE,70,1,1,2.2,0
TXN001114,2024-07-15T03:11:00,144.27,restaurant,credit,DE,32,18,1,1.7,0
TXN001115,2024-06-26T23:30:00,307.58,grocery,credit,DE,71,13,1,21.6,0
TXN001116,2024-01-15T17:56:00,1802.82,grocery,credit,JP,73,21,1,0.3,0
TXN001117,2024-10-06T13:54:00,69.77,retail,credit,US,32,19,0,0.7,0
TXN001118,2024-04-09T14:06:00,3.76,healthcare,credit,UK,38,20,1,8.9,0
TXN001119,2024-05-13T17:06:00,272.52,online,credit,US,27,13,0,21.3,0
TXN001120,2024-02-27T08:01:00,46.6,online,digital_wallet,UK,66,9,0,1.3,0
TXN001121,2024-06-19T10:31:00,13.63,restaurant,debit,AU,79,9,0,30.4,0
TXN001122,2024-04-03T01:34:00,86.71,retail,digital_wallet,CA,45,1,0,8.7,0
TXN001123,2024-11-20T09:04:00,9.33,online,debit,DE,41,17,1,1.1,0
TXN001124,2024-08-02T05:27:00,21.64,grocery,credit,AU,45,17,1,2.9,0
TXN001125,2024-05-28T22:24:00,142.41,travel,credit,CA,36,20,0,2.6,0
TXN001126,2024-04-02T10:12:00,113.06,healthcare,digital_wallet,DE,33,15,0,4.7,0
TXN001127,2024-02-22T09:27:00,1211.96,travel,debit,FR,40,2,1,5.2,0
TXN001128,2024-11-14T18:54:00,50.01,healthcare,debit,JP,32,20,0,2.1,0
TXN001129,2024-06-06T17:54:00,5.87,retail,digital_wallet,US,60,1,0,30.6,0
TXN001130,2024-05-28T09:20:00,377.62,online,debit,FR,52,23,0,2.8,0
TXN001131,2024-08-07T16:27:00,25.62,online,debit,UK,68,14,0,24.8,0
TXN001132,2024-07-15T03:38:00,24.9,healthcare,debit,US,64,6,1,9.3,0
TXN001133,2024-03-06T15:43:00,163.65,online,debit,UK,32,5,1,1.8,0
TXN001134,2024-12-14T16:07:00,20178.25,travel,digital_wallet,AU,22,18,0,20.6,1
TXN001135,2024-12-20T13:06:00,18.55,healthcare,digital_wallet,US,24,13,0,20.0,0
TXN001136,2024-11-24T01:33:00,106.92,travel,credit,DE,62,3,0,22.3,0
TXN001137,2024-01-02T23:11:00,17.22,online,credit,DE,45,18,0,14.4,0
TXN001138,2024-07-22T08:25:00,8.15,grocery,credit,AU,23,11,0,1.3,0
TXN001139,2024-10-22T17:55:00,39.9,healthcare,debit,CA,50,7,1,8.9,0
TXN001140,2024-02-28T13:23:00,40.67,grocery,debit,JP,77,12,0,6.6,0
TXN001141,2024-02-10T11:10:00,29.76,restaurant,debit,US,70,8,0,8.9,0
TXN001142,2024-01-21T10:55:00,81.02,restaurant,digital_wallet,AU,19,9,1,22.9,0
TXN001143,2024-02-26T14:27:00,121.74,travel,credit,CA,21,17,0,12.2,0
TXN001144,2024-09-22T20:53:00,159.04,travel,credit,UK,74,23,0,20.6,0
TXN001145,2024-09-01T15:51:00,52.36,online,digital_wallet,DE,57,15,1,0.3,0
TXN001146,2024-09-27T21:57:00,11.43,retail,credit,FR,27,7,0,5.6,0
TXN001147,2024-04-25T17:32:00,79.18,healthcare,digital_wallet,JP,50,14,1,1.4,0
TXN001148,2024-04-11T08:52:00,39.36,travel,digital_wallet,AU,42,12,0,8.5,0
TXN001149,2024-06-10T04:20:00,28.71,healthcare,debit,CA,61,19,0,15.7,0
TXN001150,2024-06-22T07:12:00,321.18,healthcare,digital_wallet,DE,43,10,0,6.5,0
TXN001151,2024-05-04T11:32:00,66.23,healthcare,debit,FR,31,18,1,5.1,0
TXN001152,2024-08-24T16:10:00,27.47,travel,credit,CA,54,11,1,6.3,0
TXN001153,2024-05-05T18:02:00,57.94,retail,debit,AU,76,16,0,10.5,0
TXN001154,2024-06-06T09:39:00,143.56,online,debit,UK,42,18,0,9.1,0
TXN001155,2024-09-01T10:02:00,15.68,travel,digital_wallet,JP,33,7,0,3.7,0
TXN001156,2024-12-25T06:40:00,10.41,healthcare,digital_wallet,JP,43,16,1,4.2,0
TXN001157,2024-10-07T14:51:00,5.94,healthcare,debit,DE,33,16,0,29.8,0
TXN001158,2024-12-20T22:15:00,63.89,retail,debit,JP,45,20,0,16.7,0
TXN001159,2024-11-15T17:11:00,98.02,restaurant,debit,FR,22,7,0,3.2,0
TXN001160,2024-04-24T19:29:00,15.9,online,digital_wallet,CA,76,21,0,17.2,0
TXN001161,2024-04-05T23:11:00,3.31,travel,debit,FR,53,19,1,20.4,0
TXN001162,2024-12-10T10:24:00,618.84,healthcare,debit,UK,38,5,0,1.9,0
TXN001163,2024-05-24T12:46:00,258.03,retail,credit,JP,18,2,0,2.1,0
TXN001164,2024-07-13T05:35:00,30.56,travel,debit,AU,27,11,0,14.7,0
TXN001165,2024-09-28T00:19:00,21.93,online,debit,DE,71,23,0,7.8,0
TXN001166,2024-12-26T16:18:00,27.34,healthcare,debit,US,32,22,0,0.6,0
TXN001167,2024-06-11T19:03:00,78.42,healthcare,debit,US,72,16,0,26.5,0
TXN001168,2024-11-12T20:14:00,50.35,healthcare,credit,UK,32,13,0,7.9,0
TXN001169,2024-07-14T02:08:00,4.14,online,digital_wallet,FR,69,3,1,13.8,0
TXN001170,2024-04-24T04:35:00,16.84,healthcare,digital_wallet,UK,28,10,0,6.1,0
TXN001171,2024-07-19T07:23:00,243.22,travel,credit,CA,34,2,1,2.2,0
TXN001172,2024-08-28T19:27:00,167.44,healthcare,debit,US,25,7,1,16.5,0
TXN001173,2024-05-18T23:26:00,24.96,travel,digital_wallet,US,45,7,0,5.1,0
TXN001174,2024-10-08T14:58:00,537.48,travel,credit,AU,18,2,1,23.4,0
TXN001175,2024-12-26T14:06:00,238.63,online,digital_wallet,JP,56,9,1,21.8,0
TXN001176,2024-07-18T13:48:00,657.09,online,debit,JP,52,20,0,48.9,0
TXN001177,2024-03-27T02:33:00,236.9,online,debit,CA,61,0,0,14.0,0
TXN001178,2024-05-11T17:22:00,48.01,restaurant,debit,DE,67,3,0,0.1,0
TXN001179,2024-02-27T17:41:00,20.31,healthcare,credit,US,41,21,0,23.8,0
TXN001180,2024-02-12T01:43:00,15.06,restaurant,credit,DE,71,20,0,10.9,0
TXN001181,2024-08-28T09:58:00,174.78,online,debit,UK,65,16,0,12.9,0
TXN001182,2024-02-26T20:53:00,11.68,healthcare,debit,AU,61,14,0,11.6,0
TXN001183,2024-02-13T13:54:00,101.37,grocery,debit,UK,56,22,0,7.2,0
TXN001184,2024-06-16T11:25:00,77.33,travel,credit,CA,70,16,1,1.5,0
TXN001185,2024-05-17T08:40:00,48.3,restaurant,credit,UK,30,12,1,3.1,0
TXN001186,2024-08-26T20:26:00,97.35,healthcare,digital_wallet,JP,23,20,0,3.7,0
TXN001187,2024-12-05T01:42:00,20.0,online,digital_wallet,JP,30,20,1,8.5,0
TXN001188,2024-04-26T23:47:00,35.91,retail,digital_wallet,AU,40,11,0,12.8,0
TXN001189,2024-04-02T21:51:00,34.95,online,digital_wallet,AU,59,20,1,14.0,0
TXN001190,2024-11-26T13:20:00,120.26,retail,debit,US,66,9,0,13.1,0
TXN001191,2024-01-25T21:12:00,200.92,online,digital_wallet,FR,78,18,0,12.6,0
TXN001192,2024-03-20T18:55:00,14.09,travel,credit,JP,68,22,1,0.2,0
TXN001193,2024-03-22T12:17:00,57.93,healthcare,credit,US,64,3,0,5.4,0
TXN001194,2024-11-22T07:45:00,63.91,grocery,digital_wallet,US,68,21,0,4.0,0
TXN001195,2024-11-02T16:20:00,118.17,travel,digital_wallet,JP,65,11,1,0.6,0
TXN001196,2024-10-06T01:44:00,129.83,travel,digital_wallet,AU,65,1,0,22.9,0
TXN001197,2024-10-24T00:52:00,19.25,healthcare,digital_wallet,AU,41,4,0,14.9,0
TXN001198,2024-10-14T09:27:00,27.73,travel,debit,UK,72,9,0,14.5,0
TXN001199,2024-10-24T04:21:00,13.97,retail,debit,FR,40,18,0,1.9,0
TXN001200,2024-09-15T18:42:00,134.08,retail,debit,UK,45,7,0,18.0,0
TXN001201,2024-05-25T23:24:00,17.83,online,digital_wallet,FR,68,12,0,11.9,0
TXN001202,2024-04-14T18:45:00,13.42,online,debit,CA,21,20,0,3.9,0
TXN001203,2024-02-05T18:45:00,46.86,restaurant,credit,CA,30,2,1,11.7,0
TXN001204,2024-01-04T15:40:00,175.13,travel,credit,UK,38,23,0,10.6,0
TXN001205,2024-05-05T19:17:00,15.74,healthcare,digital_wallet,AU,69,17,0,4.8,0
TXN001206,2024-01-13T16:48:00,235.6,retail,digital_wallet,US,74,21,0,4.8,0
TXN001207,2024-05-08T09:40:00,2484.23,travel,debit,FR,72,15,0,7.3,0
TXN001208,2024-02-09T13:08:00,15.15,healthcare,debit,DE,27,0,0,0.5,0
TXN001209,2024-04-11T11:12:00,399.42,travel,credit,US,43,13,0,0.9,0
TXN001210,2024-02-08T05:55:00,63.76,healthcare,credit,FR,62,21,0,2.3,0
TXN001211,2024-10-05T02:09:00,100.81,travel,debit,FR,23,13,1,2.7,0
TXN001212,2024-10-22T17:38:00,621.0,grocery,debit,JP,28,3,0,1.4,0
TXN001213,2024-02-20T05:09:00,162.83,travel,credit,CA,30,8,0,0.9,0
TXN001214,2024-06-18T04:59:00,346.5,online,credit,CA,61,13,1,1.9,0
TXN001215,2024-05-25T09:47:00,50.25,restaurant,debit,AU,63,3,1,79.7,0
TXN001216,2024-01-25T00:55:00,89.37,retail,credit,JP,75,14,1,32.6,0
TXN001217,2024-11-04T15:08:00,200.31,healthcare,digital_wallet,UK,76,17,0,1.5,0
TXN001218,2024-07-03T05:10:00,262.44,grocery,debit,US,46,6,1,9.7,0
TXN001219,2024-03-17T06:28:00,10.42,travel,debit,DE,41,12,0,12.1,0
TXN001220,2024-04-25T06:55:00,19.7,retail,debit,DE,27,23,1,0.7,0
TXN001221,2024-02-01T17:43:00,81.37,retail,debit,JP,65,20,0,7.3,0
TXN001222,2024-06-26T06:20:00,273.55,grocery,digital_wallet,UK,38,21,0,1.8,0
TXN001223,2024-10-17T22:33:00,329.34,travel,digital_wallet,DE,50,8,1,21.3,0
TXN001224,2024-07-21T04:12:00,535.65,retail,debit,FR,43,5,0,6.2,0
TXN001225,2024-12-16T00:22:00,32.16,online,credit,FR,75,3,1,0.8,0
TXN001226,2024-10-14T13:19:00,28.99,restaurant,credit,UK,25,16,0,3.9,0
TXN001227,2024-05-25T04:03:00,58.95,grocery,credit,FR,79,0,0,7.7,0
TXN001228,2024-08-06T17:51:00,142.49,grocery,digital_wallet,FR,41,14,0,11.5,0
TXN001229,2024-01-08T11:15:00,1959.94,grocery,debit,FR,34,15,0,6.9,0
TXN001230,2024-05-16T19:50:00,73.35,healthcare,digital_wallet,US,57,15,0,12.1,0
TXN001231,2024-01-06T06:37:00,6.72,restaurant,digital_wallet,AU,54,2,0,5.6,0
TXN001232,2024-07-01T00:52:00,22.93,travel,debit,UK,23,11,0,10.6,0
TXN001233,2024-07-26T22:43:00,15.19,travel,credit,JP,79,19,0,2.8,0
TXN001234,2024-09-21T13:21:00,2904.54,grocery,debit,US,34,17,0,8.6,0
TXN001235,2024-12-18T05:34:00,4.18,restaurant,credit,US,77,7,0,9.8,0
TXN001236,2024-06-16T00:59:00,79.26,retail,digital_wallet,CA,62,17,1,15.2,0
TXN001237,2024-04-11T00:06:00,9.01,online,digital_wallet,UK,56,21,0,2.3,0
TXN001238,2024-01-15T05:27:00,215.25,online,digital_wallet,JP,63,21,0,6.5,0
TXN001239,2024-03-13T13:47:00,27.45,retail,debit,FR,73,3,0,6.2,0
TXN001240,2024-11-05T08:02:00,265.73,healthcare,digital_wallet,UK,61,23,1,0.9,0
TXN001241,2024-08-02T04:57:00,114.48,online,debit,FR,61,3,0,44.4,0
TXN001242,2024-06-06T21:40:00,202.24,healthcare,credit,JP,31,13,0,11.9,0
TXN001243,2024-05-07T10:27:00,1588.36,healthcare,digital_wallet,JP,34,22,1,0.4,0
TXN001244,2024-12-18T12:04:00,1482.69,retail,digital_wallet,CA,67,7,0,17.1,0
TXN001245,2024-10-28T02:43:00,109.25,travel,digital_wallet,JP,27,9,1,5.7,0
TXN001246,2024-12-22T17:02:00,434.77,grocery,debit,DE,28,5,0,0.9,0
TXN001247,2024-12-05T02:03:00,1075.95,retail,debit,FR,63,1,0,1.3,0
TXN001248,2024-05-10T03:06:00,42.79,healthcare,credit,AU,78,10,1,2.4,0
TXN001249,2024-11-16T11:01:00,170.72,healthcare,credit,AU,27,15,0,2.5,0
TXN001250,2024-04-12T23:45:00,10.28,travel,digital_wallet,JP,30,18,1,1.9,0
TXN001251,2024-08-06T21:48:00,16.39,healthcare,credit,UK,24,16,0,8.0,0
TXN001252,2024-05-21T05:30:00,500.53,grocery,credit,US,55,9,0,6.0,0
TXN001253,2024-01-25T09:48:00,102.79,restaurant,digital_wallet,UK,25,21,0,1.6,0
TXN001254,2024-08-11T07:08:00,43.34,healthcare,credit,DE,59,3,0,3.6,0
TXN001255,2024-10-15T21:16:00,11.1,retail,credit,UK,25,9,0,1.1,0
TXN001256,2024-09-21T13:50:00,28.68,healthcare,digital_wallet,DE,79,9,1,1.1,0
TXN001257,2024-06-02T19:10:00,14.13,retail,debit,US,51,7,0,4.3,0
TXN001258,2024-08-02T19:21:00,86.67,restaurant,debit,UK,42,20,1,3.2,0
TXN001259,2024-07-08T10:01:00,6.52,restaurant,digital_wallet,FR,51,6,0,11.0,0
TXN001260,2024-11-15T08:28:00,28732.38,online,debit,UK,51,12,0,11.5,1
TXN001261,2024-08-26T20:50:00,184.56,online,credit,US,37,7,1,7.2,0
TXN001262,2024-05-22T08:27:00,61.64,travel,digital_wallet,AU,47,3,0,9.3,0
TXN001263,2024-09-01T14:05:00,161.87,online,digital_wallet,DE,63,11,1,0.7,0
TXN001264,2024-08-21T17:26:00,131.25,healthcare,digital_wallet,CA,56,22,0,3.7,0
TXN001265,2024-10-26T23:19:00,34.44,travel,credit,US,61,9,0,7.7,0
TXN001266,2024-12-09T00:36:00,2.3,travel,digital_wallet,JP,74,23,1,3.2,0
TXN001267,2024-03-23T11:51:00,15.77,travel,debit,AU,39,5,0,47.2,0
TXN001268,2024-02-15T19:45:00,196.54,retail,debit,FR,51,20,0,8.3,0
TXN001269,2024-05-28T02:02:00,24.99,retail,credit,FR,76,7,0,5.3,0
TXN001270,2024-04-28T14:16:00,26.99,grocery,debit,UK,70,15,0,0.8,0
TXN001271,2024-10-13T00:11:00,312.25,healthcare,credit,US,40,17,1,2.1,0
TXN001272,2024-10-23T21:12:00,58.95,restaurant,credit,JP,19,4,0,1.7,0
TXN001273,2024-07-08T05:25:00,254.8,grocery,digital_wallet,CA,47,13,0,49.4,0
TXN001274,2024-02-23T23:42:00,11.87,restaurant,credit,FR,32,10,0,14.7,0
TXN001275,2024-04-04T00:26:00,18.94,healthcare,credit,FR,80,3,0,1.3,0
TXN001276,2024-10-22T13:13:00,634.72,online,debit,US,60,5,0,0.5,0
TXN001277,2024-01-22T10:35:00,80.28,grocery,digital_wallet,FR,70,16,0,28.6,0
TXN001278,2024-09-02T09:57:00,25.85,restaurant,digital_wallet,CA,18,6,0,13.2,0
TXN001279,2024-02-15T12:20:00,182.69,restaurant,debit,DE,32,16,1,2.0,0
TXN001280,2024-01-26T20:52:00,520.43,retail,digital_wallet,AU,47,3,0,2.6,0
TXN001281,2024-01-04T02:49:00,251.36,restaurant,debit,CA,49,1,0,3.4,0
TXN001282,2024-12-13T14:02:00,539.07,online,digital_wallet,UK,23,11,1,5.0,0
TXN001283,2024-08-20T14:57:00,126.51,online,credit,FR,38,15,0,2.8,0
TXN001284,2024-01-06T16:17:00,303.07,retail,credit,FR,59,2,0,16.9,0
TXN001285,2024-09-22T06:05:00,60.82,grocery,debit,US,18,1,0,4.2,0
TXN001286,2024-12-22T02:44:00,72.05,healthcare,digital_wallet,FR,48,12,0,2.7,0
TXN001287,2024-02-11T11:02:00,58.81,restaurant,digital_wallet,JP,45,22,0,0.3,0
TXN001288,2024-08-09T01:55:00,4.53,online,digital_wallet,AU,34,18,1,1.8,0
TXN001289,2024-06-13T04:02:00,30.34,restaurant,digital_wallet,JP,80,4,0,8.6,0
TXN001290,2024-11-21T21:33:00,95.58,retail,debit,JP,62,21,0,11.0,0
TXN001291,2024-01-22T05:05:00,96.53,retail,debit,JP,19,3,1,8.8,0
TXN001292,2024-06-20T16:17:00,1.66,retail,debit,DE,28,2,0,0.4,0
TXN001293,2024-07-19T13:06:00,40272.83,restaurant,digital_wallet,AU,46,7,0,12.8,1
TXN001294,2024-02-23T02:50:00,24.26,grocery,digital_wallet,UK,65,7,0,6.1,0
TXN001295,2024-10-02T05:12:00,6.14,travel,digital_wallet,AU,78,3,0,8.4,0
TXN001296,2024-10-18T03:35:00,149.71,online,debit,UK,28,4,0,10.6,0
TXN001297,2024-12-09T08:02:00,375.69,travel,credit,US,44,18,0,3.2,0
TXN001298,2024-02-09T16:18:00,10.76,online,credit,CA,43,5,0,6.5,0
TXN001299,2024-11-28T07:14:00,1.07,grocery,debit,UK,48,20,1,0.7,0
TXN001300,2024-07-13T03:45:00,140.41,retail,debit,FR,75,11,0,3.0,0
TXN001301,2024-11-24T20:41:00,3.69,grocery,debit,UK,30,23,0,12.8,0
TXN001302,2024-10-26T17:39:00,31928.4,restaurant,digital_wallet,DE,68,3,0,6.7,1
TXN001303,2024-09-04T20:53:00,6.74,grocery,digital_wallet,CA,74,12,0,11.8,0
TXN001304,2024-03-01T03:03:00,10.37,online,credit,UK,60,17,0,13.8,0
TXN001305,2024-09-21T15:35:00,8.62,healthcare,digital_wallet,FR,71,7,1,6.7,0
TXN001306,2024-06-07T10:14:00,127.99,travel,debit,CA,66,21,0,0.1,0
TXN001307,2024-07-02T15:17:00,12.62,grocery,debit,FR,73,16,1,0.8,0
TXN001308,2024-09-26T10:23:00,68.35,restaurant,digital_wallet,FR,32,3,0,16.4,0
TXN001309,2024-01-28T23:37:00,33.88,retail,debit,JP,23,8,0,7.6,0
TXN001310,2024-04-17T23:47:00,19.69,online,credit,UK,66,8,0,8.3,0
TXN001311,2024-07-16T11:14:00,8.81,retail,digital_wallet,CA,78,13,0,6.5,0
TXN001312,2024-02-28T20:40:00,13.06,restaurant,credit,AU,75,17,0,6.6,0
TXN001313,2024-05-04T10:21:00,93.46,healthcare,digital_wallet,UK,66,1,1,9.2,0
TXN001314,2024-02-06T02:47:00,17.49,restaurant,digital_wallet,UK,59,7,0,48.6,0
TXN001315,2024-06-04T04:59:00,3.52,healthcare,debit,JP,59,19,1,2.0,0
TXN001316,2024-02-05T18:46:00,166.64,grocery,digital_wallet,CA,47,22,1,14.9,0
TXN001317,2024-11-01T11:15:00,34.7,grocery,credit,CA,43,10,0,4.5,0
TXN001318,2024-05-08T23:27:00,792.19,grocery,debit,US,24,1,1,17.4,0
TXN001319,2024-01-26T01:18:00,12.75,healthcare,debit,US,26,12,0,5.5,0
TXN001320,2024-05-10T21:14:00,87.39,online,digital_wallet,DE,72,3,1,14.9,0
TXN001321,2024-03-18T14:53:00,24.24,travel,digital_wallet,JP,70,3,1,7.3,0
TXN001322,2024-02-12T15:46:00,1703.03,travel,credit,FR,73,4,0,1.9,0
TXN001323,2024-11-16T03:04:00,72.53,grocery,credit,DE,57,17,0,22.5,0
TXN001324,2024-04-19T18:27:00,120.22,travel,credit,JP,49,3,0,8.6,0
TXN001325,2024-03-08T01:12:00,26.99,healthcare,debit,JP,27,13,0,2.1,0
TXN001326,2024-07-08T21:22:00,237.89,online,credit,AU,37,23,0,2.7,0
TXN001327,2024-03-10T03:37:00,158.12,online,debit,UK,31,4,0,17.2,0
TXN001328,2024-01-07T07:12:00,107.73,online,debit,AU,44,8,1,20.6,0
TXN001329,2024-07-18T19:05:00,59.02,grocery,digital_wallet,US,53,14,1,14.2,0
TXN001330,2024-12-02T12:12:00,26.55,healthcare,digital_wallet,AU,44,15,0,9.1,0
TXN001331,2024-03-21T10:07:00,5.12,grocery,credit,DE,67,16,0,2.8,0
TXN001332,2024-04-02T02:31:00,8.29,grocery,digital_wallet,FR,73,23,1,0.5,0
TXN001333,2024-05-11T17:02:00,9.3,travel,digital_wallet,DE,37,2,0,3.3,0
TXN001334,2024-06-19T06:07:00,91.36,travel,debit,UK,76,13,1,1.6,0
TXN001335,2024-06-21T14:55:00,89.8,travel,debit,FR,57,0,1,0.8,0
TXN001336,2024-04-20T10:25:00,48.23,healthcare,credit,UK,66,17,1,1.8,0
TXN001337,2024-05-26T01:07:00,42.61,online,digital_wallet,FR,78,16,0,18.8,0
TXN001338,2024-04-13T12:10:00,40.6,online,credit,FR,46,6,0,3.3,0
TXN001339,2024-11-17T04:49:00,36.75,grocery,credit,JP,79,4,1,18.4,0
TXN001340,2024-03-28T12:42:00,36515.15,grocery,credit,CA,31,5,0,39.6,1
TXN001341,2024-02-09T15:56:00,23.71,grocery,digital_wallet,AU,27,23,0,4.7,0
TXN001342,2024-03-07T21:31:00,13.93,travel,debit,US,79,22,1,6.8,0
TXN001343,2024-09-07T05:36:00,2.39,retail,credit,US,23,22,0,13.5,0
TXN001344,2024-10-17T23:38:00,61.6,grocery,digital_wallet,CA,73,19,0,15.8,0
TXN001345,2024-05-01T11:02:00,137.29,healthcare,digital_wallet,UK,63,5,0,31.7,0
TXN001346,2024-05-12T20:14:00,13.44,grocery,credit,AU,35,15,1,15.6,0
TXN001347,2024-07-10T23:46:00,117.73,retail,debit,UK,32,10,0,14.8,0
TXN001348,2024-09-09T22:20:00,13.21,grocery,debit,UK,49,6,0,0.7,0
TXN001349,2024-12-18T02:06:00,11.1,grocery,digital_wallet,CA,48,20,0,7.7,0
TXN001350,2024-09-05T09:44:00,1.01,online,digital_wallet,AU,48,1,1,7.0,0
TXN001351,2024-02-18T02:52:00,445.7,restaurant,debit,CA,25,11,1,6.1,0
TXN001352,2024-06-21T20:29:00,22.98,online,digital_wallet,AU,78,2,0,2.0,0
TXN001353,2024-10-17T04:58:00,56.29,online,digital_wallet,FR,44,3,0,3.9,0
TXN001354,2024-09-15T04:32:00,181.84,grocery,credit,DE,26,4,0,5.5,0
TXN001355,2024-11-11T08:04:00,77.99,restaurant,credit,US,46,18,0,13.7,0
TXN001356,2024-10-28T00:21:00,17.74,grocery,debit,UK,22,9,1,1.0,0
TXN001357,2024-10-11T05:16:00,6.17,online,digital_wallet,JP,42,6,0,0.9,0
TXN001358,2024-11-22T10:06:00,321.64,grocery,credit,UK,28,14,0,3.1,0
TXN001359,2024-05-17T05:48:00,48.33,grocery,digital_wallet,FR,52,1,0,15.3,0
TXN001360,2024-05-28T07:55:00,46.6,online,credit,JP,67,11,0,0.1,0
TXN001361,2024-11-02T00:48:00,10.45,grocery,digital_wallet,AU,77,23,1,13.5,0
TXN001362,2024-09-23T04:02:00,66.14,grocery,debit,CA,19,17,0,5.0,0
TXN001363,2024-06-25T19:40:00,8.4,retail,debit,UK,44,2,1,1.6,0
TXN001364,2024-11-18T02:24:00,38.3,restaurant,credit,DE,33,23,1,1.7,0
TXN001365,2024-07-05T23:21:00,12.83,restaurant,digital_wallet,CA,36,7,0,4.0,0
TXN001366,2024-01-21T14:48:00,32.16,online,digital_wallet,FR,40,1,1,8.2,0
TXN001367,2024-12-19T11:06:00,17.97,online,digital_wallet,JP,59,17,1,0.7,0
TXN001368,2024-03-25T12:18:00,65.8,healthcare,credit,CA,51,4,0,3.3,0
TXN001369,2024-11-17T22:45:00,129.54,online,debit,JP,24,10,0,1.3,0
TXN001370,2024-04-11T13:30:00,449.97,healthcare,digital_wallet,JP,27,2,0,3.3,0
TXN001371,2024-06-05T15:54:00,70.19,retail,debit,US,46,2,0,8.5,0
TXN001372,2024-08-15T00:59:00,251.82,retail,credit,UK,74,10,0,1.7,0
TXN001373,2024-09-03T19:38:00,2.56,restaurant,debit,AU,48,5,0,5.3,0
TXN001374,2024-03-11T03:58:00,1.75,restaurant,credit,FR,68,2,0,9.0,0
TXN001375,2024-12-25T06:43:00,295.19,travel,debit,DE,47,14,1,10.6,0
TXN001376,2024-06-22T04:34:00,18.22,travel,debit,DE,65,0,0,6.0,0
TXN001377,2024-06-27T14:13:00,32.01,travel,credit,CA,19,14,0,11.9,0
TXN001378,2024-09-20T18:32:00,171.64,travel,digital_wallet,CA,80,20,0,20.9,0
TXN001379,2024-07-23T06:15:00,122.76,online,credit,DE,59,14,0,1.2,0
TXN001380,2024-06-26T15:39:00,14.66,travel,debit,UK,63,4,0,12.5,0
TXN001381,2024-01-26T17:34:00,18.47,healthcare,credit,JP,74,7,0,9.6,0
TXN001382,2024-03-04T19:10:00,64.32,restaurant,digital_wallet,AU,71,13,1,5.1,0
TXN001383,2024-03-18T08:46:00,65.58,healthcare,credit,CA,46,16,0,15.4,0
TXN001384,2024-06-23T08:07:00,62.2,retail,digital_wallet,DE,18,20,0,19.9,0
TXN001385,2024-06-21T07:15:00,28.52,healthcare,debit,DE,44,22,0,6.1,0
TXN001386,2024-06-25T13:10:00,278.95,online,debit,FR,39,18,0,16.5,0
TXN001387,2024-09-03T00:35:00,101.0,retail,debit,AU,68,17,0,0.5,0
TXN001388,2024-02-20T19:25:00,55.23,grocery,debit,JP,44,9,0,2.7,0
TXN001389,2024-03-09T22:18:00,91.28,healthcare,digital_wallet,FR,75,16,0,6.3,0
TXN001390,2024-06-09T23:34:00,219.15,retail,credit,DE,79,14,0,15.8,0
TXN001391,2024-05-21T11:51:00,177.86,travel,digital_wallet,UK,34,17,0,9.0,0
TXN001392,2024-02-12T21:14:00,143.64,retail,credit,UK,79,12,0,18.9,0
TXN001393,2024-02-02T21:28:00,145.38,travel,credit,US,69,16,0,17.2,0
TXN001394,2024-10-10T12:43:00,56.48,retail,credit,AU,68,5,0,5.1,0
TXN001395,2024-01-23T11:57:00,76.83,restaurant,credit,CA,23,7,1,0.1,0
TXN001396,2024-05-13T12:09:00,52.94,restaurant,credit,US,52,16,0,1.2,0
TXN001397,2024-02-07T06:12:00,130.02,travel,debit,FR,61,14,0,20.4,0
TXN001398,2024-07-12T18:13:00,219.67,grocery,debit,FR,23,23,0,0.6,0
TXN001399,2024-01-20T07:24:00,45.25,healthcare,credit,UK,37,4,1,0.9,0
TXN001400,2024-07-05T06:24:00,46.26,retail,credit,DE,65,6,0,29.0,0
TXN001401,2024-08-27T01:49:00,4.87,online,debit,DE,21,7,1,0.4,0
TXN001402,2024-03-16T23:29:00,33.26,online,credit,UK,50,12,0,1.5,0
TXN001403,2024-09-14T10:23:00,998.62,travel,digital_wallet,US,68,4,0,3.1,0
TXN001404,2024-06-14T07:23:00,269.43,healthcare,credit,AU,18,22,0,7.4,0
TXN001405,2024-11-15T06:42:00,19.82,retail,credit,FR,35,12,0,13.9,0
TXN001406,2024-02-28T07:36:00,1521.36,restaurant,digital_wallet,DE,31,1,0,7.0,0
TXN001407,2024-06-19T04:39:00,133.42,travel,credit,AU,51,3,1,7.4,0
TXN001408,2024-11-07T06:49:00,44.44,restaurant,digital_wallet,CA,60,3,0,3.3,0
TXN001409,2024-02-11T22:29:00,84.73,healthcare,debit,CA,20,8,1,9.6,0
TXN001410,2024-03-13T19:10:00,22.49,restaurant,digital_wallet,UK,54,13,0,28.4,0
TXN001411,2024-02-24T15:32:00,155.94,online,digital_wallet,US,53,21,0,12.1,0
TXN001412,2024-01-12T04:10:00,8.12,restaurant,digital_wallet,FR,28,9,1,49.8,0
TXN001413,2024-04-15T08:30:00,13.59,online,credit,DE,44,2,0,12.8,0
TXN001414,2024-09-24T15:42:00,194.87,restaurant,debit,US,24,12,1,3.0,0
TXN001415,2024-01-27T00:33:00,6.43,online,digital_wallet,US,72,6,1,0.1,0
TXN001416,2024-09-08T08:31:00,44.42,retail,debit,FR,19,0,0,41.4,0
TXN001417,2024-07-01T15:08:00,65.0,restaurant,credit,FR,67,19,0,7.9,0
TXN001418,2024-12-27T01:40:00,904.37,healthcare,digital_wallet,JP,50,3,0,23.2,0
TXN001419,2024-11-02T02:46:00,352.05,travel,debit,AU,23,1,0,1.2,0
TXN001420,2024-02-18T03:35:00,194.83,restaurant,digital_wallet,JP,62,6,0,0.2,0
TXN001421,2024-09-21T20:04:00,9.27,grocery,digital_wallet,UK,38,15,0,2.0,0
TXN001422,2024-10-03T07:07:00,70.85,healthcare,credit,UK,74,2,0,22.8,0
TXN001423,2024-09-14T06:02:00,115.01,healthcare,digital_wallet,JP,56,20,1,14.7,0
TXN001424,2024-06-14T18:12:00,143.53,retail,debit,AU,20,14,0,3.9,0
TXN001425,2024-10-08T03:36:00,43.25,restaurant,digital_wallet,UK,23,18,0,7.1,0
TXN001426,2024-10-19T08:43:00,43.13,grocery,digital_wallet,US,27,7,0,16.5,0
TXN001427,2024-10-15T21:37:00,38.76,healthcare,credit,AU,62,10,0,6.9,0
TXN001428,2024-04-21T03:08:00,13.42,restaurant,debit,US,39,15,0,4.1,0
TXN001429,2024-11-23T08:07:00,2.44,online,digital_wallet,AU,62,18,1,18.0,0
TXN001430,2024-02-06T06:11:00,288.79,grocery,credit,DE,41,20,0,19.9,0
TXN001431,2024-05-27T09:32:00,1326.89,online,digital_wallet,JP,73,21,1,59.0,0
TXN001432,2024-01-21T02:53:00,21.09,retail,debit,FR,20,1,0,2.2,0
TXN001433,2024-12-23T17:06:00,51.23,online,debit,DE,60,4,0,12.0,0
TXN001434,2024-05-19T05:43:00,4.65,online,credit,DE,47,4,0,5.4,0
TXN001435,2024-04-09T19:11:00,9.88,restaurant,credit,DE,48,19,0,33.5,0
TXN001436,2024-09-25T17:57:00,51.87,retail,debit,DE,25,7,1,8.5,0
TXN001437,2024-12-22T16:12:00,128.39,healthcare,debit,AU,52,23,0,4.1,0
TXN001438,2024-12-27T23:48:00,24.53,retail,digital_wallet,CA,41,23,1,4.4,0
TXN001439,2024-07-25T07:32:00,19.62,online,credit,AU,33,18,0,0.9,0
TXN001440,2024-09-09T16:56:00,111.6,grocery,credit,UK,65,21,0,6.2,0
TXN001441,2024-02-14T17:13:00,202.74,online,digital_wallet,AU,72,20,0,1.6,0
TXN001442,2024-03-16T18:31:00,2.95,grocery,digital_wallet,JP,64,6,1,11.6,0
TXN001443,2024-07-03T18:04:00,20.32,restaurant,debit,JP,32,3,0,9.2,0
TXN001444,2024-09-08T05:22:00,141.77,retail,credit,US,22,17,0,18.0,0
TXN001445,2024-07-22T07:32:00,10.71,restaurant,debit,UK,70,1,0,6.3,0
TXN001446,2024-03-14T23:34:00,139.84,retail,credit,US,23,20,1,36.1,0
TXN001447,2024-07-15T19:15:00,6.3,restaurant,credit,DE,48,0,0,2.9,0
TXN001448,2024-12-01T10:07:00,30.16,healthcare,digital_wallet,CA,23,23,0,3.0,0
TXN001449,2024-06-22T02:19:00,179.69,online,digital_wallet,FR,71,1,0,5.2,0
TXN001450,2024-10-26T19:25:00,226.88,grocery,credit,UK,24,14,0,4.0,0
TXN001451,2024-01-05T22:57:00,11.95,restaurant,digital_wallet,UK,30,6,0,3.3,0
TXN001452,2024-07-02T06:00:00,18.51,grocery,digital_wallet,DE,32,16,0,8.9,0
TXN001453,2024-11-17T21:38:00,5.93,healthcare,digital_wallet,FR,24,16,0,11.6,0
TXN001454,2024-11-18T19:17:00,455.38,retail,credit,US,43,18,1,13.0,0
TXN001455,2024-04-01T11:44:00,38.76,online,debit,JP,39,3,1,25.2,0
TXN001456,2024-09-23T18:03:00,34.95,retail,debit,UK,27,0,0,14.6,0
TXN001457,2024-10-23T00:12:00,67.47,restaurant,credit,DE,62,3,0,41.7,0
TXN001458,2024-07-28T10:50:00,10.32,restaurant,credit,FR,61,20,0,0.7,0
TXN001459,2024-12-07T22:06:00,39.01,grocery,credit,CA,60,3,1,5.9,0
TXN001460,2024-08-26T22:05:00,17.98,restaurant,debit,AU,57,4,1,19.4,0
TXN001461,2024-02-02T21:42:00,8784.81,online,debit,CA,68,7,0,6.3,1
TXN001462,2024-04-05T02:36:00,55.49,travel,credit,US,56,7,0,7.1,0
TXN001463,2024-04-16T03:55:00,11.99,restaurant,credit,DE,54,1,0,11.9,0
TXN001464,2024-02-02T00:34:00,3088.2,travel,credit,CA,60,11,0,11.7,0
TXN001465,2024-01-13T09:57:00,144.81,healthcare,digital_wallet,UK,46,15,1,8.6,0
TXN001466,2024-03-25T15:01:00,52.99,restaurant,digital_wallet,UK,54,21,0,10.8,0
TXN001467,2024-09-13T10:21:00,29.07,travel,credit,UK,46,22,0,16.2,0
TXN001468,2024-11-25T13:32:00,148.24,retail,digital_wallet,US,53,9,0,11.8,0
TXN001469,2024-03-17T12:17:00,697.12,retail,debit,US,50,16,0,3.4,0
TXN001470,2024-02-23T23:40:00,2.95,grocery,digital_wallet,DE,22,1,0,0.6,0
TXN001471,2024-02-21T07:37:00,26.33,travel,credit,DE,24,8,0,3.1,0
TXN001472,2024-05-05T08:22:00,14.77,travel,digital_wallet,JP,51,4,1,5.8,0
TXN001473,2024-04-09T06:52:00,106.28,restaurant,credit,DE,61,4,1,0.4,0
TXN001474,2024-12-15T12:42:00,27.67,online,credit,CA,36,21,0,8.8,0
TXN001475,2024-12-04T08:22:00,8.57,travel,debit,UK,36,14,0,13.7,0
TXN001476,2024-02-14T16:24:00,10.86,restaurant,digital_wallet,DE,59,14,0,5.5,0
TXN001477,2024-01-15T23:10:00,234.85,retail,credit,US,34,6,1,18.7,0
TXN001478,2024-09-13T00:51:00,42.82,healthcare,digital_wallet,US,66,9,1,3.0,0
TXN001479,2024-04-25T14:01:00,72.18,travel,digital_wallet,JP,69,0,1,9.9,0
TXN001480,2024-04-14T06:10:00,37.79,healthcare,digital_wallet,AU,37,22,0,30.6,0
TXN001481,2024-05-17T04:02:00,5.96,grocery,digital_wallet,DE,59,10,0,2.0,0
TXN001482,2024-12-16T14:45:00,55.0,restaurant,digital_wallet,AU,63,2,0,15.4,0
TXN001483,2024-07-25T11:58:00,13.82,healthcare,debit,AU,22,19,1,1.8,0
TXN001484,2024-12-25T08:18:00,91.48,restaurant,digital_wallet,UK,46,17,0,17.9,0
TXN001485,2024-08-09T17:10:00,86.35,online,debit,JP,73,17,0,20.8,0
TXN001486,2024-03-01T04:11:00,10.81,retail,digital_wallet,US,46,16,0,11.8,0
TXN001487,2024-09-26T11:04:00,27.51,online,debit,AU,61,6,0,10.8,0
TXN001488,2024-05-03T15:48:00,33.68,grocery,debit,UK,76,16,0,14.7,0
TXN001489,2024-05-21T20:52:00,194.51,restaurant,digital_wallet,JP,27,0,0,2.8,0
TXN001490,2024-12-18T00:08:00,249.96,healthcare,credit,UK,68,15,0,8.3,0
TXN001491,2024-01-08T21:47:00,18.6,grocery,digital_wallet,US,18,5,0,10.5,0
TXN001492,2024-08-27T13:06:00,36.67,online,digital_wallet,CA,48,4,0,4.2,0
TXN001493,2024-05-06T12:57:00,23.31,retail,credit,US,50,16,0,11.5,0
TXN001494,2024-01-16T11:11:00,91.14,retail,debit,JP,66,7,0,2.2,0
TXN001495,2024-02-01T13:11:00,59.01,grocery,credit,JP,62,20,1,8.4,0
TXN001496,2024-07-06T05:58:00,569.15,travel,credit,DE,32,21,0,6.6,0
TXN001497,2024-03-16T21:55:00,168.61,online,debit,CA,29,13,1,9.0,0
TXN001498,2024-12-27T21:58:00,6.18,online,debit,JP,33,23,0,4.1,0
TXN001499,2024-06-25T00:34:00,16.39,retail,digital_wallet,CA,21,12,0,3.6,0
TXN001500,2024-09-08T21:34:00,36.6,retail,digital_wallet,AU,41,3,1,9.3,0
TXN001501,2024-06-27T20:38:00,8.17,retail,digital_wallet,FR,28,20,0,5.7,0
TXN001502,2024-07-06T11:36:00,92.29,travel,credit,JP,36,23,0,9.6,0
TXN001503,2024-04-16T05:18:00,30.02,restaurant,digital_wallet,US,64,10,0,11.0,0
TXN001504,2024-01-27T15:32:00,42.87,restaurant,digital_wallet,CA,76,7,1,2.2,0
TXN001505,2024-01-08T14:06:00,1.97,restaurant,debit,AU,62,17,0,3.4,0
TXN001506,2024-04-03T22:13:00,12.93,online,debit,UK,77,1,1,18.7,0
TXN001507,2024-11-24T01:32:00,125.62,healthcare,digital_wallet,JP,66,9,1,17.6,0
TXN001508,2024-12-07T04:05:00,5.46,restaurant,digital_wallet,US,54,2,0,10.0,0
TXN001509,2024-08-18T19:48:00,157.82,online,credit,FR,52,9,0,7.0,0
TXN001510,2024-09-12T19:16:00,22.71,restaurant,credit,DE,62,20,1,12.3,0
TXN001511,2024-10-26T23:47:00,18.28,restaurant,digital_wallet,AU,32,3,0,6.2,0
TXN001512,2024-11-11T12:45:00,55.7,grocery,debit,JP,23,17,0,2.4,0
TXN001513,2024-03-21T15:56:00,18.56,healthcare,digital_wallet,DE,76,23,0,3.2,0
TXN001514,2024-02-21T15:58:00,8.32,online,credit,DE,46,10,0,3.6,0
TXN001515,2024-09-10T11:42:00,103.14,restaurant,credit,US,28,19,0,3.2,0
TXN001516,2024-03-23T02:40:00,277.62,healthcare,debit,CA,66,17,0,1.0,0
TXN001517,2024-01-04T12:15:00,11.6,travel,digital_wallet,JP,64,11,0,2.9,0
TXN001518,2024-09-25T09:29:00,88.82,healthcare,credit,FR,24,8,0,4.4,0
TXN001519,2024-04-15T22:34:00,58.93,restaurant,digital_wallet,CA,67,5,0,4.7,0
TXN001520,2024-06-14T10:34:00,16.5,travel,digital_wallet,UK,68,21,1,28.5,0
TXN001521,2024-04-14T19:05:00,129.74,retail,debit,CA,70,4,0,0.6,0
TXN001522,2024-06-03T17:42:00,41.48,grocery,digital_wallet,UK,33,2,0,3.2,0
TXN001523,2024-06-20T02:55:00,154.83,restaurant,credit,DE,69,6,0,1.0,0
TXN001524,2024-02-25T08:52:00,795.88,travel,digital_wallet,US,55,4,0,9.2,0
TXN001525,2024-06-16T09:49:00,1.64,travel,digital_wallet,FR,57,8,0,13.7,0
TXN001526,2024-03-12T09:16:00,70.39,retail,credit,FR,44,19,0,22.9,0
TXN001527,2024-06-12T21:57:00,43.66,retail,debit,AU,48,15,0,1.5,0
TXN001528,2024-01-27T19:23:00,558.68,travel,debit,JP,36,8,0,26.1,0
TXN001529,2024-11-12T02:39:00,212.85,online,credit,AU,49,3,0,14.5,0
TXN001530,2024-01-02T15:34:00,3.82,grocery,digital_wallet,CA,62,4,0,10.7,0
TXN001531,2024-03-13T20:46:00,261.93,healthcare,digital_wallet,JP,40,8,1,1.4,0
TXN001532,2024-09-23T19:46:00,50.17,grocery,digital_wallet,UK,42,21,1,8.2,0
TXN001533,2024-01-21T15:31:00,8390.39,travel,debit,CA,61,6,0,4.9,0
TXN001534,2024-11-26T19:20:00,16.89,retail,digital_wallet,AU,64,23,0,1.2,0
TXN001535,2024-05-16T04:54:00,31.98,retail,digital_wallet,UK,26,22,0,14.1,0
TXN001536,2024-10-02T05:12:00,357.34,grocery,debit,AU,65,11,0,0.0,0
TXN001537,2024-09-10T04:27:00,11.37,grocery,debit,US,52,21,0,9.5,0
TXN001538,2024-07-12T18:35:00,103.0,travel,digital_wallet,DE,37,22,1,1.8,0
TXN001539,2024-06-25T09:29:00,41.4,grocery,debit,US,51,1,0,8.8,0
TXN001540,2024-03-26T12:27:00,8.21,retail,debit,UK,23,5,0,8.8,0
TXN001541,2024-06-02T15:47:00,68.99,travel,debit,JP,70,19,0,0.0,0
TXN001542,2024-02-16T13:05:00,272.08,restaurant,credit,CA,31,1,1,1.7,0
TXN001543,2024-07-21T12:40:00,57.79,travel,debit,JP,28,22,0,7.1,0
TXN001544,2024-05-07T00:59:00,8.82,healthcare,digital_wallet,FR,29,8,1,24.4,0
TXN001545,2024-08-19T00:42:00,33.73,retail,debit,JP,37,13,0,2.1,0
TXN001546,2024-12-03T12:31:00,206.75,retail,debit,JP,72,9,1,4.8,0
TXN001547,2024-07-23T03:09:00,33.09,healthcare,digital_wallet,AU,36,9,0,4.4,0
TXN001548,2024-02-07T10:59:00,62.56,restaurant,digital_wallet,DE,71,9,1,4.3,0
TXN001549,2024-08-09T17:47:00,98.11,healthcare,credit,FR,63,22,0,5.8,0
TXN001550,2024-04-10T10:51:00,131.92,grocery,debit,FR,60,5,0,7.6,0
TXN001551,2024-12-17T09:16:00,46.25,restaurant,debit,DE,42,4,0,1.6,0
TXN001552,2024-01-21T18:13:00,56.37,restaurant,credit,UK,37,19,0,21.0,0
TXN001553,2024-02-04T17:43:00,129.78,healthcare,digital_wallet,JP,72,7,1,4.2,0
TXN001554,2024-03-17T09:02:00,12.05,travel,digital_wallet,DE,45,21,0,3.5,0
TXN001555,2024-06-19T23:13:00,24.47,grocery,credit,DE,68,19,0,13.2,0
TXN001556,2024-08-26T03:54:00,10.8,restaurant,digital_wallet,US,24,3,0,3.3,0
TXN001557,2024-07-11T10:58:00,110.11,healthcare,credit,FR,25,11,1,50.8,0
TXN001558,2024-03-11T01:58:00,3.66,online,credit,JP,54,6,1,7.4,0
TXN001559,2024-06-24T13:09:00,16.7,restaurant,digital_wallet,DE,21,22,0,15.2,0
TXN001560,2024-03-22T08:44:00,14.89,travel,digital_wallet,CA,46,22,1,21.0,0
TXN001561,2024-09-11T01:57:00,34266.94,retail,credit,CA,35,11,0,4.5,1
TXN001562,2024-03-18T00:37:00,21.65,restaurant,debit,CA,78,2,1,19.4,0
TXN001563,2024-08-06T11:17:00,20.09,restaurant,digital_wallet,US,67,14,0,2.7,0
TXN001564,2024-07-11T20:24:00,1054.02,restaurant,credit,US,55,6,0,1.7,0
TXN001565,2024-03-23T02:21:00,262.02,grocery,debit,AU,68,17,0,8.6,0
TXN001566,2024-02-10T18:47:00,258.57,retail,credit,AU,29,18,0,19.9,0
TXN001567,2024-03-14T13:49:00,895.77,travel,digital_wallet,JP,25,18,0,5.2,0
TXN001568,2024-11-20T04:32:00,195.29,restaurant,debit,CA,38,23,0,44.2,0
TXN001569,2024-04-26T08:33:00,939.32,travel,credit,DE,25,16,0,9.9,0
TXN001570,2024-08-05T19:49:00,5.67,healthcare,debit,CA,59,9,1,0.8,0
TXN001571,2024-07-01T21:27:00,87.57,retail,debit,FR,55,21,0,13.1,0
TXN001572,2024-05-05T23:10:00,252.5,grocery,digital_wallet,US,32,8,1,0.1,0
TXN001573,2024-02-06T06:40:00,433.47,online,credit,AU,60,9,0,22.4,0
TXN001574,2024-01-28T21:33:00,8.71,online,credit,FR,21,0,0,12.0,0
TXN001575,2024-05-23T21:18:00,131.78,healthcare,debit,JP,79,5,0,11.8,0
TXN001576,2024-06-07T12:56:00,80.02,retail,credit,FR,71,13,1,0.4,0
TXN001577,2024-12-07T12:33:00,13.56,retail,credit,DE,77,2,0,3.4,0
TXN001578,2024-06-04T00:22:00,40.51,retail,credit,DE,64,15,0,21.3,0
TXN001579,2024-12-12T03:21:00,151.5,online,debit,JP,45,2,0,1.7,0
TXN001580,2024-10-03T04:11:00,43.49,healthcare,credit,CA,42,5,0,14.0,0
TXN001581,2024-10-03T14:01:00,107.79,online,digital_wallet,CA,65,20,0,2.6,0
TXN001582,2024-03-24T16:46:00,39.34,travel,digital_wallet,DE,47,15,0,33.9,0
TXN001583,2024-06-14T15:20:00,36.92,healthcare,credit,JP,56,11,0,6.7,0
TXN001584,2024-06-07T05:18:00,32.67,restaurant,digital_wallet,CA,38,14,1,31.3,0
TXN001585,2024-01-21T07:36:00,37.84,retail,debit,AU,50,6,0,24.3,0
TXN001586,2024-01-18T05:06:00,14.59,grocery,credit,DE,27,18,1,2.9,0
TXN001587,2024-07-02T05:35:00,261.46,grocery,digital_wallet,CA,30,23,1,5.0,0
TXN001588,2024-02-16T14:34:00,17.68,grocery,debit,US,68,6,0,27.9,0
TXN001589,2024-09-21T18:05:00,20.48,online,digital_wallet,DE,48,21,0,6.7,0
TXN001590,2024-07-06T19:09:00,242.76,healthcare,digital_wallet,FR,68,4,1,6.6,0
TXN001591,2024-12-10T19:10:00,32139.07,retail,digital_wallet,UK,68,18,1,0.3,1
TXN001592,2024-10-18T00:41:00,24.71,healthcare,debit,US,34,16,0,54.0,0
TXN001593,2024-01-14T02:51:00,272.0,restaurant,debit,JP,19,10,0,6.3,0
TXN001594,2024-05-27T21:42:00,45872.81,online,credit,JP,54,12,1,11.5,1
TXN001595,2024-11-12T11:11:00,646.05,grocery,debit,AU,28,23,0,7.1,0
TXN001596,2024-08-04T01:38:00,5.62,healthcare,debit,UK,50,8,1,2.6,0
TXN001597,2024-04-22T22:51:00,8.77,healthcare,credit,CA,30,16,1,3.4,0
TXN001598,2024-02-19T12:45:00,101.12,travel,debit,US,46,13,0,0.4,0
TXN001599,2024-07-27T10:32:00,755.66,grocery,debit,FR,54,9,0,9.7,0
TXN001600,2024-08-23T19:49:00,10.23,restaurant,digital_wallet,CA,32,2,0,11.6,0
TXN001601,2024-05-19T11:33:00,15.02,online,debit,UK,58,6,0,0.7,0
TXN001602,2024-06-04T16:54:00,9.55,retail,credit,DE,77,6,0,12.0,0
TXN001603,2024-07-24T17:28:00,104.53,travel,digital_wallet,AU,45,16,0,4.3,0
TXN001604,2024-01-21T10:59:00,88.95,travel,credit,UK,56,6,1,2.1,0
TXN001605,2024-04-14T17:48:00,48.57,restaurant,digital_wallet,AU,37,0,0,5.2,0
TXN001606,2024-11-21T06:19:00,1514.33,online,digital_wallet,AU,57,3,0,5.9,0
TXN001607,2024-03-21T00:49:00,150.55,travel,debit,AU,49,2,0,4.4,0
TXN001608,2024-02-20T08:05:00,45.26,grocery,digital_wallet,UK,33,13,1,7.2,0
TXN001609,2024-12-23T13:09:00,32.11,healthcare,debit,JP,64,7,0,2.8,0
TXN001610,2024-04-20T00:43:00,119.36,healthcare,credit,FR,67,12,0,11.3,0
TXN001611,2024-10-08T12:52:00,29.23,restaurant,credit,AU,44,18,0,4.6,0
TXN001612,2024-12-08T20:13:00,91.59,healthcare,debit,FR,27,13,1,16.2,0
TXN001613,2024-01-11T15:53:00,251.89,restaurant,digital_wallet,CA,49,6,0,6.5,0
TXN001614,2024-10-11T02:20:00,23.6,restaurant,digital_wallet,DE,21,21,0,7.1,0
TXN001615,2024-08-16T06:23:00,84.71,travel,debit,JP,44,20,0,17.6,0
TXN001616,2024-01-26T03:33:00,250.33,travel,debit,JP,72,15,0,11.3,0
TXN001617,2024-11-12T16:38:00,199.85,restaurant,debit,US,55,20,0,9.5,0
TXN001618,2024-05-15T14:26:00,1584.29,healthcare,debit,FR,71,9,0,3.0,0
TXN001619,2024-03-23T05:05:00,92.84,retail,debit,CA,68,21,1,6.4,0
TXN001620,2024-07-28T05:22:00,25.63,retail,debit,JP,24,4,0,9.7,0
TXN001621,2024-11-04T09:37:00,4.56,retail,digital_wallet,UK,56,4,1,1.1,0
TXN001622,2024-02-15T13:33:00,0.53,healthcare,debit,US,39,2,0,25.4,0
TXN001623,2024-06-01T16:48:00,38.9,retail,debit,US,69,0,1,13.1,0
TXN001624,2024-03-03T13:27:00,43.99,retail,debit,FR,47,16,0,3.2,0
TXN001625,2024-11-25T11:39:00,2.53,online,debit,AU,53,9,0,6.1,0
TXN001626,2024-05-15T01:28:00,36.56,healthcare,digital_wallet,CA,54,22,0,7.0,0
TXN001627,2024-09-19T00:25:00,32.32,online,digital_wallet,AU,28,10,0,27.6,0
TXN001628,2024-05-07T01:32:00,32.77,healthcare,debit,DE,54,7,0,6.7,0
TXN001629,2024-08-19T22:10:00,798.5,retail,credit,FR,53,21,0,2.0,0
TXN001630,2024-06-28T17:49:00,560.21,grocery,debit,DE,77,9,0,6.2,0
TXN001631,2024-06-03T06:06:00,51.43,grocery,credit,AU,70,0,0,1.2,0
TXN001632,2024-02-07T11:48:00,43.32,online,debit,DE,80,15,1,12.6,0
TXN001633,2024-07-21T12:15:00,10.97,restaurant,credit,DE,44,4,1,1.6,0
TXN001634,2024-07-11T02:21:00,38.29,restaurant,digital_wallet,FR,49,4,0,5.5,0
TXN001635,2024-07-18T13:26:00,4.71,grocery,digital_wallet,AU,26,17,0,4.6,0
TXN001636,2024-01-14T04:48:00,89.9,healthcare,digital_wallet,FR,61,16,1,3.1,0
TXN001637,2024-06-23T03:19:00,1433.57,travel,debit,CA,44,6,0,8.5,0
TXN001638,2024-10-11T04:23:00,26.68,restaurant,digital_wallet,CA,45,0,0,3.5,0
TXN001639,2024-04-26T06:27:00,84.1,healthcare,debit,US,53,21,0,4.6,0
TXN001640,2024-03-19T10:57:00,48.3,travel,debit,CA,69,21,1,0.2,0
TXN001641,2024-08-13T00:56:00,68.58,grocery,debit,FR,56,9,0,4.3,0
TXN001642,2024-10-25T08:39:00,6.9,healthcare,credit,FR,29,6,1,8.1,0
TXN001643,2024-08-04T15:21:00,156.34,travel,debit,JP,46,1,1,14.4,0
TXN001644,2024-10-01T22:38:00,63.62,grocery,digital_wallet,CA,30,7,0,23.3,0
TXN001645,2024-11-04T14:18:00,62.36,online,debit,FR,72,7,0,2.5,0
TXN001646,2024-08-19T22:26:00,42.16,grocery,debit,JP,64,14,0,6.4,0
TXN001647,2024-08-04T16:29:00,11.24,grocery,digital_wallet,AU,27,1,1,7.6,0
TXN001648,2024-06-19T12:05:00,50.26,healthcare,digital_wallet,US,28,5,0,9.1,0
TXN001649,2024-05-17T22:33:00,22.15,retail,credit,FR,50,11,1,29.5,0
TXN001650,2024-10-07T03:06:00,18.02,online,debit,AU,30,10,0,4.3,0
TXN001651,2024-05-16T22:36:00,39.42,healthcare,debit,CA,21,22,1,2.8,0
TXN001652,2024-08-13T02:03:00,20.37,restaurant,debit,UK,30,20,0,0.9,0
TXN001653,2024-01-08T21:15:00,307.28,travel,digital_wallet,CA,53,0,1,2.2,0
TXN001654,2024-11-27T23:35:00,43.39,grocery,digital_wallet,FR,39,22,0,8.9,0
TXN001655,2024-07-26T14:48:00,145.26,online,debit,DE,80,9,0,4.1,0
TXN001656,2024-10-18T04:29:00,2.9,healthcare,credit,UK,31,14,0,11.4,0
TXN001657,2024-07-18T17:48:00,64.26,online,credit,US,63,18,0,17.9,0
TXN001658,2024-12-26T10:00:00,17.28,healthcare,digital_wallet,FR,74,5,0,6.1,0
TXN001659,2024-08-10T10:26:00,176.19,retail,digital_wallet,FR,68,18,0,13.9,0
TXN001660,2024-05-18T06:28:00,99.62,travel,digital_wallet,CA,28,7,1,9.0,0
TXN001661,2024-05-12T00:56:00,2806.24,restaurant,credit,AU,39,15,0,6.8,0
TXN001662,2024-01-11T20:26:00,146.46,grocery,debit,FR,55,16,0,13.9,0
TXN001663,2024-03-08T23:53:00,87.11,grocery,digital_wallet,UK,58,21,0,34.2,0
TXN001664,2024-12-09T06:06:00,113.05,online,digital_wallet,JP,41,21,0,1.6,0
TXN001665,2024-10-03T23:55:00,168.5,grocery,digital_wallet,AU,52,21,1,0.5,0
TXN001666,2024-04-24T09:27:00,37.66,retail,digital_wallet,JP,25,16,0,7.5,0
TXN001667,2024-04-15T22:37:00,0.93,travel,debit,AU,66,7,0,0.2,0
TXN001668,2024-01-20T23:49:00,159.44,online,debit,DE,52,12,0,7.8,0
TXN001669,2024-04-28T05:57:00,101.89,restaurant,digital_wallet,FR,71,14,0,5.5,0
TXN001670,2024-09-02T12:33:00,70.16,restaurant,credit,UK,27,11,0,0.8,0
TXN001671,2024-05-20T20:12:00,70.29,healthcare,debit,FR,21,16,0,6.3,0
TXN001672,2024-05-24T02:20:00,125.86,online,credit,UK,78,3,0,5.5,0
TXN001673,2024-04-16T19:06:00,31.26,travel,debit,FR,34,13,0,3.2,0
TXN001674,2024-11-15T20:38:00,208.37,travel,credit,CA,72,1,0,4.0,0
TXN001675,2024-02-11T19:14:00,565.99,healthcare,debit,UK,35,1,1,18.8,0
TXN001676,2024-11-14T10:13:00,2703.38,online,debit,UK,63,1,0,22.1,0
TXN001677,2024-03-28T17:34:00,55.82,travel,credit,US,38,18,0,5.8,0
TXN001678,2024-03-03T05:56:00,26.14,travel,debit,AU,60,18,0,1.7,0
TXN001679,2024-03-02T00:14:00,1513.23,grocery,debit,US,49,16,0,0.9,0
TXN001680,2024-05-22T22:07:00,35.05,restaurant,credit,JP,52,8,0,30.9,0
TXN001681,2024-12-10T04:31:00,11.41,online,digital_wallet,US,20,16,0,5.5,0
TXN001682,2024-07-18T06:57:00,1127.7,healthcare,credit,US,73,17,0,5.1,0
TXN001683,2024-04-06T09:46:00,36.13,retail,debit,CA,72,8,1,16.5,0
TXN001684,2024-05-12T23:19:00,77.3,restaurant,credit,DE,27,12,1,19.3,0
TXN001685,2024-04-12T18:37:00,14.44,healthcare,digital_wallet,CA,25,1,0,6.1,0
TXN001686,2024-07-11T23:30:00,11.62,travel,credit,DE,29,22,0,8.1,0
TXN001687,2024-06-20T11:43:00,43.72,grocery,digital_wallet,CA,63,22,0,20.3,0
TXN001688,2024-01-04T15:19:00,31.58,grocery,digital_wallet,DE,70,12,0,1.7,0
TXN001689,2024-11-15T19:07:00,19.79,retail,credit,JP,64,8,1,9.3,0
TXN001690,2024-09-27T22:57:00,174.1,healthcare,debit,JP,18,0,0,9.4,0
TXN001691,2024-07-04T01:26:00,79.42,healthcare,debit,FR,40,9,1,5.6,0
TXN001692,2024-10-22T21:49:00,84.32,grocery,debit,UK,64,3,0,0.6,0
TXN001693,2024-09-27T06:33:00,58.43,restaurant,debit,US,27,22,0,1.3,0
TXN001694,2024-09-02T15:13:00,4.06,healthcare,digital_wallet,US,36,13,0,30.6,0
TXN001695,2024-11-07T10:31:00,49.49,online,credit,CA,34,1,0,0.9,0
TXN001696,2024-10-09T22:47:00,7.84,restaurant,credit,FR,67,21,0,1.3,0
TXN001697,2024-07-07T15:59:00,90.79,travel,credit,DE,36,11,1,10.0,0
TXN001698,2024-11-15T07:54:00,91.43,grocery,debit,AU,55,18,0,30.4,0
TXN001699,2024-02-06T05:35:00,140.86,online,debit,CA,79,2,0,5.3,0
TXN001700,2024-04-13T00:12:00,75.33,grocery,debit,FR,26,2,0,1.5,0
TXN001701,2024-09-19T05:40:00,128.87,online,digital_wallet,AU,49,11,0,9.0,0
TXN001702,2024-03-01T18:38:00,13696.41,grocery,debit,AU,28,2,0,31.7,1
TXN001703,2024-11-19T04:15:00,32.65,travel,debit,CA,74,6,1,11.6,0
TXN001704,2024-05-23T21:50:00,136.66,grocery,debit,US,53,6,0,13.4,0
TXN001705,2024-11-01T16:18:00,19.74,grocery,digital_wallet,CA,59,7,0,12.2,0
TXN001706,2024-10-07T04:28:00,34.94,retail,credit,CA,19,17,1,0.2,0
TXN001707,2024-05-24T01:38:00,7761.08,travel,digital_wallet,JP,39,13,1,17.7,1
TXN001708,2024-12-11T10:12:00,83.16,grocery,digital_wallet,US,41,11,0,18.8,0
TXN001709,2024-04-28T22:19:00,65.83,retail,digital_wallet,CA,53,11,0,9.3,0
TXN001710,2024-11-09T18:22:00,261.33,travel,credit,DE,55,13,1,34.3,0
TXN001711,2024-05-09T20:47:00,32.06,grocery,digital_wallet,DE,37,0,0,20.8,0
TXN001712,2024-02-24T07:50:00,2.99,grocery,credit,US,65,6,0,6.3,0
TXN001713,2024-06-11T16:09:00,3.4,online,debit,UK,27,13,0,2.5,0
TXN001714,2024-08-24T10:07:00,189.0,travel,digital_wallet,FR,57,21,0,5.6,0
TXN001715,2024-07-25T06:20:00,16.72,travel,debit,DE,71,18,0,26.2,0
TXN001716,2024-09-09T17:28:00,73.79,travel,credit,US,76,15,1,7.7,0
TXN001717,2024-09-26T03:02:00,41.74,restaurant,credit,AU,72,8,0,35.5,0
TXN001718,2024-09-14T01:33:00,16.91,healthcare,digital_wallet,UK,27,6,0,1.2,0
TXN001719,2024-06-21T14:28:00,53.48,restaurant,debit,DE,38,16,0,15.3,0
TXN001720,2024-03-07T20:31:00,20.4,grocery,digital_wallet,UK,68,6,0,7.5,0
TXN001721,2024-02-15T08:38:00,76.69,online,credit,DE,41,5,0,15.4,0
TXN001722,2024-03-09T20:48:00,558.17,healthcare,credit,UK,63,0,1,9.2,0
TXN001723,2024-02-04T15:25:00,10.44,travel,debit,CA,60,5,0,10.9,0
TXN001724,2024-01-04T02:27:00,38.75,retail,debit,FR,78,3,0,10.0,0
TXN001725,2024-03-05T18:17:00,320.06,healthcare,credit,CA,19,13,1,1.7,0
TXN001726,2024-03-09T02:54:00,199.95,healthcare,credit,US,77,7,0,6.5,0
TXN001727,2024-01-02T14:44:00,24.77,retail,debit,US,44,23,1,1.4,0
TXN001728,2024-02-04T18:29:00,13.95,restaurant,debit,UK,24,14,0,11.9,0
TXN001729,2024-02-24T19:55:00,716.85,retail,digital_wallet,AU,49,6,0,2.2,0
TXN001730,2024-07-16T20:44:00,43.61,restaurant,debit,UK,60,17,0,1.2,0
TXN001731,2024-01-28T22:18:00,126.18,retail,credit,JP,30,15,0,15.5,0
TXN001732,2024-05-16T12:14:00,1449.5,restaurant,digital_wallet,CA,47,11,0,30.7,0
TXN001733,2024-07-20T13:23:00,74.75,grocery,credit,FR,71,5,0,3.8,0
TXN001734,2024-09-13T14:25:00,35071.83,healthcare,debit,UK,75,13,0,12.3,1
TXN001735,2024-09-06T10:36:00,6.16,retail,credit,AU,54,3,0,0.2,0
TXN001736,2024-02-02T21:21:00,71.76,travel,credit,US,70,15,0,2.6,0
TXN001737,2024-09-11T23:29:00,7.04,online,debit,CA,52,23,1,18.6,0
TXN001738,2024-12-10T21:32:00,40.1,retail,digital_wallet,UK,64,6,1,8.0,0
TXN001739,2024-06-18T15:02:00,245.26,healthcare,digital_wallet,AU,46,16,0,11.3,0
TXN001740,2024-05-22T01:39:00,346.67,restaurant,digital_wallet,JP,44,11,1,12.2,0
TXN001741,2024-04-19T22:01:00,34.03,grocery,debit,DE,64,8,0,19.4,0
TXN001742,2024-08-12T09:25:00,664.27,retail,credit,UK,77,21,1,2.8,0
TXN001743,2024-07-13T06:37:00,30.83,online,debit,FR,55,17,0,2.0,0
TXN001744,2024-05-15T19:02:00,102.5,travel,digital_wallet,CA,72,0,0,7.7,0
TXN001745,2024-05-22T20:21:00,1.49,travel,credit,UK,20,21,0,1.6,0
TXN001746,2024-12-21T17:49:00,29.51,online,debit,JP,65,14,1,12.7,0
TXN001747,2024-05-09T03:24:00,33859.69,travel,digital_wallet,DE,35,11,0,21.6,1
TXN001748,2024-03-27T18:04:00,399.98,retail,debit,CA,50,15,1,7.6,0
TXN001749,2024-06-24T13:29:00,124.8,travel,digital_wallet,CA,71,15,0,4.0,0
TXN001750,2024-03-04T13:21:00,54.8,healthcare,debit,US,21,20,0,1.0,0
TXN001751,2024-03-06T07:57:00,88.87,grocery,digital_wallet,DE,39,10,0,12.2,0
TXN001752,2024-07-25T22:28:00,13.61,healthcare,debit,AU,68,18,0,31.3,0
TXN001753,2024-01-16T01:38:00,30.86,online,credit,FR,71,14,0,0.1,0
TXN001754,2024-04-13T12:29:00,54.87,grocery,credit,JP,37,1,0,4.6,0
TXN001755,2024-11-03T17:28:00,177.69,restaurant,credit,FR,80,19,0,8.5,0
TXN001756,2024-06-20T05:50:00,31.05,grocery,debit,AU,64,9,1,15.5,0
TXN001757,2024-11-24T03:25:00,300.29,online,digital_wallet,US,57,13,0,3.7,0
TXN001758,2024-04-25T19:43:00,117.63,restaurant,credit,UK,30,9,0,6.0,0
TXN001759,2024-01-17T22:15:00,11.53,retail,digital_wallet,AU,49,1,0,0.1,0
TXN001760,2024-01-27T07:54:00,86.75,retail,digital_wallet,UK,36,5,1,12.8,0
TXN001761,2024-02-02T05:13:00,54.64,grocery,credit,AU,33,21,0,23.0,0
TXN001762,2024-02-20T06:27:00,54.95,retail,digital_wallet,US,32,6,0,19.1,0
TXN001763,2024-10-03T01:03:00,9.37,healthcare,credit,DE,29,23,1,18.9,0
TXN001764,2024-04-13T04:19:00,51.6,travel,digital_wallet,DE,50,8,0,5.0,0
TXN001765,2024-07-02T13:27:00,587.91,restaurant,debit,AU,40,8,1,14.5,0
TXN001766,2024-05-14T03:05:00,8.36,travel,credit,FR,68,16,1,1.2,0
TXN001767,2024-02-11T06:02:00,4.49,online,credit,US,51,8,0,2.2,0
TXN001768,2024-11-06T01:05:00,343.83,retail,digital_wallet,DE,67,7,0,3.3,0
TXN001769,2024-08-22T08:56:00,33.79,grocery,credit,JP,38,3,0,1.3,0
TXN001770,2024-03-12T02:23:00,119.83,retail,credit,FR,33,10,0,0.4,0
TXN001771,2024-07-09T19:34:00,3.89,healthcare,debit,DE,47,8,0,3.2,0
TXN001772,2024-03-12T22:49:00,735.24,grocery,debit,CA,56,6,0,20.0,0
TXN001773,2024-11-18T16:10:00,104.94,retail,credit,US,22,23,1,38.9,0
TXN001774,2024-07-07T07:44:00,25.12,online,debit,CA,77,20,1,15.3,0
TXN001775,2024-12-18T02:35:00,68.77,online,debit,CA,58,20,0,10.9,0
TXN001776,2024-08-10T03:19:00,26.38,retail,credit,AU,28,5,1,1.1,0
TXN001777,2024-10-05T22:07:00,5.45,retail,credit,US,18,0,0,1.2,0
TXN001778,2024-09-11T08:52:00,70.45,online,digital_wallet,FR,30,9,1,6.4,0
TXN001779,2024-07-15T05:30:00,600.49,grocery,digital_wallet,US,58,13,0,43.5,0
TXN001780,2024-07-25T02:24:00,26.25,travel,digital_wallet,CA,77,12,0,2.0,0
TXN001781,2024-08-15T08:20:00,48.56,retail,digital_wallet,UK,65,0,0,19.8,0
TXN001782,2024-12-11T16:28:00,193.81,travel,debit,DE,47,17,0,9.0,0
TXN001783,2024-01-19T00:08:00,81.52,grocery,credit,UK,75,13,0,17.5,0
TXN001784,2024-08-17T16:15:00,88.64,healthcare,digital_wallet,FR,71,11,1,5.8,0
TXN001785,2024-03-02T09:31:00,300.81,online,digital_wallet,JP,41,18,1,8.3,0
TXN001786,2024-07-02T19:27:00,164.1,retail,debit,AU,49,17,0,1.6,0
TXN001787,2024-12-28T18:17:00,55.87,grocery,debit,AU,34,10,0,8.3,0
TXN001788,2024-02-10T07:13:00,117.66,online,debit,US,74,11,0,1.6,0
TXN001789,2024-09-15T12:12:00,15.24,restaurant,digital_wallet,FR,34,4,0,18.0,0
TXN001790,2024-04-23T17:35:00,52.51,restaurant,debit,FR,45,6,1,0.0,0
TXN001791,2024-05-06T08:57:00,15.92,travel,debit,CA,57,4,0,10.4,0
TXN001792,2024-09-08T07:50:00,272.63,travel,debit,JP,25,6,0,0.7,0
TXN001793,2024-02-14T13:22:00,78.8,travel,digital_wallet,US,50,9,0,0.4,0
TXN001794,2024-05-02T22:42:00,166.97,online,debit,UK,73,9,0,6.2,0
TXN001795,2024-04-25T20:52:00,13.65,healthcare,debit,AU,22,12,1,5.9,0
TXN001796,2024-12-19T19:04:00,37.8,grocery,digital_wallet,DE,71,13,1,7.0,0
TXN001797,2024-02-03T14:40:00,82.26,retail,credit,US,60,20,0,2.2,0
TXN001798,2024-07-06T04:26:00,124.12,healthcare,debit,FR,51,15,1,0.2,0
TXN001799,2024-07-25T20:15:00,96.17,online,credit,AU,74,0,0,14.5,0
TXN001800,2024-04-12T01:39:00,120.54,grocery,credit,FR,28,2,0,19.5,0
TXN001801,2024-01-26T03:58:00,113.35,restaurant,credit,US,74,21,0,24.9,0
TXN001802,2024-03-26T15:38:00,5.29,grocery,digital_wallet,JP,48,1,0,1.0,0
TXN001803,2024-09-25T04:11:00,831.6,restaurant,credit,DE,20,6,0,9.0,0
TXN001804,2024-01-26T21:31:00,71.83,grocery,digital_wallet,US,25,11,0,3.9,0
TXN001805,2024-10-16T01:45:00,5.52,restaurant,debit,UK,25,20,0,12.8,0
TXN001806,2024-05-14T00:24:00,188.97,retail,credit,FR,77,23,0,21.3,0
TXN001807,2024-06-02T20:10:00,141.33,online,debit,US,30,12,0,10.2,0
TXN001808,2024-05-20T10:04:00,48.14,restaurant,debit,US,32,1,0,2.4,0
TXN001809,2024-04-21T19:12:00,2126.25,travel,digital_wallet,DE,60,7,0,14.5,0
TXN001810,2024-06-21T12:13:00,6.93,online,digital_wallet,US,28,14,0,1.7,0
TXN001811,2024-08-14T03:33:00,165.48,retail,debit,AU,36,12,1,19.8,0
TXN001812,2024-11-07T13:03:00,46.49,travel,credit,DE,72,3,1,0.4,0
TXN001813,2024-03-17T20:03:00,44.47,healthcare,debit,JP,62,14,1,1.7,0
TXN001814,2024-03-11T02:11:00,19.12,retail,credit,DE,46,22,1,0.2,0
TXN001815,2024-02-06T04:44:00,26.73,retail,debit,US,48,9,0,13.1,0
TXN001816,2024-07-01T06:44:00,1243.06,retail,debit,FR,44,12,1,12.9,0
TXN001817,2024-06-23T03:19:00,29.36,grocery,credit,FR,65,4,0,59.5,0
TXN001818,2024-10-27T19:50:00,31.5,retail,digital_wallet,DE,60,18,1,37.6,0
TXN001819,2024-08-17T22:25:00,16.45,retail,digital_wallet,JP,67,5,1,51.1,0
TXN001820,2024-07-15T17:30:00,36.14,online,credit,CA,26,14,0,6.7,0
TXN001821,2024-07-20T06:16:00,50.69,retail,debit,JP,30,12,0,40.3,0
TXN001822,2024-12-12T03:24:00,61.62,restaurant,debit,US,58,10,0,1.3,0
TXN001823,2024-10-26T22:26:00,18.43,retail,credit,FR,56,5,1,4.0,0
TXN001824,2024-01-15T08:05:00,263.42,healthcare,debit,US,47,5,1,10.6,0
TXN001825,2024-09-15T10:47:00,99.38,travel,credit,FR,65,7,0,18.1,0
TXN001826,2024-03-25T20:02:00,726.39,online,digital_wallet,US,18,7,1,3.2,0
TXN001827,2024-10-03T10:38:00,9.53,retail,digital_wallet,DE,71,1,0,14.4,0
TXN001828,2024-12-11T10:33:00,23.09,healthcare,digital_wallet,JP,58,7,0,0.8,0
TXN001829,2024-06-14T02:24:00,49.42,online,debit,FR,47,6,0,13.5,0
TXN001830,2024-09-17T21:47:00,139.59,travel,credit,AU,77,11,1,0.2,0
TXN001831,2024-11-09T10:54:00,36.74,healthcare,debit,FR,58,18,0,1.7,0
TXN001832,2024-01-09T02:26:00,6.47,healthcare,credit,DE,56,4,0,1.8,0
TXN001833,2024-09-08T02:43:00,27.34,retail,credit,US,48,20,0,28.1,0
TXN001834,2024-01-09T05:24:00,142.35,restaurant,digital_wallet,CA,80,14,1,3.8,0
TXN001835,2024-10-13T04:22:00,611.2,grocery,digital_wallet,UK,22,16,0,0.6,0
TXN001836,2024-07-06T21:18:00,25.04,restaurant,credit,DE,66,3,0,9.3,0
TXN001837,2024-03-24T23:32:00,22.01,healthcare,digital_wallet,DE,55,0,1,1.3,0
TXN001838,2024-08-16T11:44:00,259.66,online,debit,DE,63,0,1,0.9,0
TXN001839,2024-09-22T07:06:00,17.6,healthcare,credit,AU,33,10,0,11.5,0
TXN001840,2024-09-22T02:04:00,11.38,travel,debit,FR,48,10,1,14.5,0
TXN001841,2024-11-20T15:52:00,62.24,restaurant,debit,AU,78,17,0,23.6,0
TXN001842,2024-11-04T13:30:00,235.32,healthcare,credit,FR,59,16,0,2.6,0
TXN001843,2024-06-08T11:59:00,295.18,online,credit,UK,38,14,0,24.3,0
TXN001844,2024-12-26T22:32:00,13.6,healthcare,credit,CA,38,5,1,11.5,0
TXN001845,2024-10-26T14:37:00,1745.54,online,debit,DE,44,0,0,0.8,0
TXN001846,2024-10-24T09:24:00,55.03,healthcare,debit,FR,37,0,0,1.5,0
TXN001847,2024-12-16T00:36:00,184.02,grocery,credit,CA,42,18,0,1.6,0
TXN001848,2024-08-14T03:50:00,23.74,online,debit,CA,76,2,0,7.3,0
TXN001849,2024-02-27T22:22:00,19.43,healthcare,credit,DE,21,12,0,9.4,0
TXN001850,2024-05-09T12:28:00,73.94,travel,debit,JP,57,13,0,37.4,0
TXN001851,2024-09-28T02:42:00,20.29,retail,debit,AU,64,18,0,1.7,0
TXN001852,2024-06-21T17:13:00,35.42,healthcare,credit,UK,18,14,0,6.6,0
TXN001853,2024-03-03T21:08:00,45.76,retail,debit,JP,20,5,0,4.4,0
TXN001854,2024-09-15T16:21:00,38.37,restaurant,digital_wallet,FR,58,1,0,33.6,0
TXN001855,2024-05-25T17:07:00,406.94,travel,debit,DE,52,9,0,9.1,0
TXN001856,2024-03-06T06:21:00,6.8,online,credit,AU,21,19,0,10.9,0
TXN001857,2024-07-26T06:32:00,7.55,healthcare,credit,JP,43,23,1,2.6,0
TXN001858,2024-10-17T21:47:00,453.01,restaurant,credit,UK,37,23,0,7.3,0
TXN001859,2024-04-03T04:32:00,37.56,travel,credit,JP,64,21,0,20.8,0
TXN001860,2024-01-17T06:54:00,25.44,retail,debit,DE,36,8,0,7.7,0
TXN001861,2024-10-06T18:50:00,131.17,restaurant,debit,JP,74,15,1,2.1,0
TXN001862,2024-02-26T23:19:00,227.3,travel,digital_wallet,AU,36,8,1,16.7,0
TXN001863,2024-12-07T17:37:00,26.35,restaurant,debit,AU,48,1,0,2.2,0
TXN001864,2024-07-02T10:02:00,69.68,retail,debit,UK,39,2,0,7.0,0
TXN001865,2024-05-14T17:56:00,17.48,restaurant,debit,DE,67,21,1,3.9,0
TXN001866,2024-03-25T01:43:00,19.47,travel,digital_wallet,AU,24,8,0,15.0,0
TXN001867,2024-10-25T06:51:00,67.91,travel,credit,JP,20,19,1,1.8,0
TXN001868,2024-05-05T04:15:00,100.76,restaurant,digital_wallet,JP,33,11,0,10.0,0
TXN001869,2024-01-02T11:58:00,7.46,restaurant,credit,US,65,0,0,17.8,0
TXN001870,2024-09-25T22:48:00,24.74,retail,digital_wallet,US,55,18,1,8.6,0
TXN001871,2024-07-22T21:48:00,318.27,online,digital_wallet,FR,21,13,1,3.8,0
TXN001872,2024-08-07T08:10:00,21.79,restaurant,credit,UK,48,15,0,2.9,0
TXN001873,2024-12-16T21:26:00,67.14,online,digital_wallet,DE,40,18,0,6.3,0
TXN001874,2024-02-12T20:27:00,12.81,restaurant,credit,JP,33,14,1,9.5,0
TXN001875,2024-10-02T15:56:00,180.18,restaurant,debit,AU,30,3,0,10.2,0
TXN001876,2024-05-27T08:42:00,55.33,retail,digital_wallet,AU,35,23,0,10.9,0
TXN001877,2024-04-15T20:27:00,193.42,retail,debit,FR,32,3,0,6.8,0
TXN001878,2024-07-12T07:19:00,5.48,healthcare,debit,CA,73,1,0,15.4,0
TXN001879,2024-08-01T16:46:00,23.63,travel,digital_wallet,JP,31,1,0,29.8,0
TXN001880,2024-11-15T12:06:00,45.01,online,debit,US,64,8,0,28.1,0
TXN001881,2024-11-09T12:03:00,21.82,restaurant,debit,US,55,6,1,7.5,0
TXN001882,2024-08-09T17:48:00,17727.44,restaurant,debit,FR,25,16,0,3.0,1
TXN001883,2024-10-06T13:44:00,29.97,online,credit,JP,80,7,1,0.5,0
TXN001884,2024-02-27T11:30:00,111.72,grocery,digital_wallet,FR,69,7,0,3.6,0
TXN001885,2024-03-28T16:53:00,27.34,travel,debit,UK,34,17,1,5.2,0
TXN001886,2024-07-16T13:35:00,105.48,retail,digital_wallet,US,54,7,0,0.8,0
TXN001887,2024-02-24T16:13:00,155.71,retail,debit,US,57,6,1,4.4,0
TXN001888,2024-01-20T00:43:00,11.09,retail,debit,UK,34,7,1,6.1,0
TXN001889,2024-11-15T16:01:00,267.64,healthcare,digital_wallet,AU,48,5,0,0.4,0
TXN001890,2024-04-26T05:30:00,8.31,restaurant,credit,DE,33,8,0,2.8,0
TXN001891,2024-04-24T18:18:00,263.83,travel,credit,US,60,2,1,8.5,0
TXN001892,2024-03-28T01:41:00,181.38,retail,credit,CA,52,11,1,18.9,0
TXN001893,2024-10-09T09:26:00,227.36,travel,digital_wallet,AU,23,6,0,1.1,0
TXN001894,2024-09-14T17:38:00,4.64,healthcare,digital_wallet,US,74,7,0,10.1,0
TXN001895,2024-02-14T04:09:00,940.44,restaurant,debit,FR,33,13,0,5.0,0
TXN001896,2024-11-21T17:31:00,84.63,retail,credit,JP,77,17,1,16.4,0
TXN001897,2024-05-15T19:38:00,1.61,grocery,digital_wallet,DE,28,14,0,7.3,0
TXN001898,2024-10-17T22:29:00,2373.02,retail,debit,UK,67,4,0,4.1,0
TXN001899,2024-05-05T12:30:00,49.92,online,debit,JP,51,21,0,20.6,0
TXN001900,2024-08-08T00:46:00,400.69,travel,digital_wallet,CA,53,5,1,2.5,0
TXN001901,2024-02-17T12:12:00,12.25,travel,credit,CA,36,6,0,4.3,0
TXN001902,2024-03-13T19:10:00,21576.38,restaurant,debit,FR,71,9,1,9.0,1
TXN001903,2024-08-22T19:29:00,89.09,travel,digital_wallet,UK,48,1,1,6.8,0
TXN001904,2024-04-25T22:10:00,13.43,restaurant,digital_wallet,US,34,14,0,2.5,0
TXN001905,2024-09-06T12:58:00,21.64,grocery,digital_wallet,DE,48,18,0,9.8,0
TXN001906,2024-09-10T19:35:00,52.72,online,credit,US,49,15,0,14.1,0
TXN001907,2024-12-04T22:28:00,127.67,grocery,debit,DE,49,8,0,1.3,0
TXN001908,2024-04-18T19:07:00,63.61,retail,debit,UK,24,20,0,9.6,0
TXN001909,2024-11-04T17:25:00,77.23,restaurant,debit,FR,60,0,0,5.3,0
TXN001910,2024-02-25T14:46:00,67.75,restaurant,credit,JP,58,15,1,4.4,0
TXN001911,2024-09-22T14:14:00,139.25,restaurant,debit,US,35,10,0,5.4,0
TXN001912,2024-05-20T19:31:00,65.65,grocery,debit,US,37,10,0,12.3,0
TXN001913,2024-06-22T09:43:00,111.1,travel,debit,AU,63,11,0,8.7,0
TXN001914,2024-07-25T02:11:00,20.27,healthcare,digital_wallet,JP,72,10,0,10.8,0
TXN001915,2024-07-07T20:58:00,165.41,healthcare,credit,AU,74,17,0,7.9,0
TXN001916,2024-04-21T18:06:00,131.91,restaurant,debit,US,50,7,1,10.3,0
TXN001917,2024-02-24T13:40:00,140.1,online,digital_wallet,AU,24,1,0,20.9,0
TXN001918,2024-10-25T04:00:00,16.16,online,credit,AU,22,1,1,14.1,0
TXN001919,2024-03-20T21:20:00,126.4,online,digital_wallet,AU,49,15,0,0.1,0
TXN001920,2024-01-18T09:48:00,7.45,restaurant,credit,UK,36,8,0,6.3,0
TXN001921,2024-11-23T01:30:00,98.19,grocery,digital_wallet,US,63,20,0,6.6,0
TXN001922,2024-06-13T15:23:00,477.53,travel,credit,AU,59,18,0,22.4,0
TXN001923,2024-10-02T14:43:00,13.51,retail,debit,AU,80,22,0,0.8,0
TXN001924,2024-01-23T04:48:00,65.91,retail,debit,CA,18,12,1,41.5,0
TXN001925,2024-01-21T08:59:00,79.09,grocery,digital_wallet,US,64,4,0,1.1,0
TXN001926,2024-07-17T20:58:00,40.52,online,debit,AU,80,5,0,14.0,0
TXN001927,2024-04-21T04:18:00,52.44,travel,credit,CA,44,3,1,4.9,0
TXN001928,2024-11-17T14:44:00,95.46,grocery,digital_wallet,US,51,7,0,6.3,0
TXN001929,2024-12-14T06:28:00,24.53,online,credit,US,43,1,0,5.0,0
TXN001930,2024-09-14T00:54:00,145.88,healthcare,debit,DE,47,7,0,6.6,0
TXN001931,2024-09-05T00:37:00,104.78,retail,credit,FR,76,14,0,18.2,0
TXN001932,2024-08-25T19:58:00,87.02,grocery,digital_wallet,AU,23,20,0,7.5,0
TXN001933,2024-07-15T22:31:00,33.29,retail,credit,US,18,16,1,1.1,0
TXN001934,2024-03-01T17:39:00,5.54,online,debit,AU,25,19,1,13.1,0
TXN001935,2024-02-26T04:24:00,170.86,travel,digital_wallet,DE,68,10,1,13.2,0
TXN001936,2024-03-16T00:46:00,97.03,travel,debit,AU,40,16,1,0.8,0
TXN001937,2024-08-14T18:23:00,20.49,grocery,digital_wallet,CA,57,3,0,17.1,0
TXN001938,2024-02-25T19:07:00,155.15,healthcare,debit,FR,74,15,0,7.2,0
TXN001939,2024-09-20T14:48:00,245.46,restaurant,debit,CA,69,1,0,18.1,0
TXN001940,2024-10-24T15:21:00,49.56,travel,digital_wallet,UK,58,6,0,2.9,0
TXN001941,2024-07-07T18:15:00,11.34,grocery,credit,AU,37,17,0,16.2,0
TXN001942,2024-05-15T19:55:00,179.29,travel,debit,AU,30,3,0,15.2,0
TXN001943,2024-11-27T13:59:00,505.13,travel,digital_wallet,US,53,3,1,13.7,0
TXN001944,2024-09-12T03:51:00,286.25,healthcare,credit,US,46,21,0,1.1,0
TXN001945,2024-09-08T09:49:00,40.03,restaurant,debit,FR,64,22,1,4.5,0
TXN001946,2024-09-17T04:36:00,15.28,restaurant,debit,CA,46,3,0,22.5,0
TXN001947,2024-09-18T20:28:00,138.54,retail,debit,FR,45,3,0,10.5,0
TXN001948,2024-08-14T15:30:00,69.94,restaurant,debit,JP,20,10,0,7.3,0
TXN001949,2024-03-01T10:17:00,42.62,travel,credit,DE,69,9,0,9.3,0
TXN001950,2024-07-09T01:23:00,121.2,travel,credit,AU,58,22,0,0.1,0
TXN001951,2024-07-19T04:04:00,65.12,retail,digital_wallet,UK,44,1,0,5.1,0
TXN001952,2024-03-01T06:16:00,11.29,online,digital_wallet,JP,36,7,0,7.4,0
TXN001953,2024-11-13T01:16:00,23.8,travel,credit,CA,47,7,0,6.9,0
TXN001954,2024-05-13T03:42:00,23.97,retail,debit,US,55,17,1,1.4,0
TXN001955,2024-09-04T06:23:00,72.76,retail,digital_wallet,JP,71,3,1,11.3,0
TXN001956,2024-10-18T16:00:00,10.52,healthcare,credit,UK,68,20,0,3.5,0
TXN001957,2024-11-22T08:16:00,12.11,travel,debit,DE,67,12,0,11.1,0
TXN001958,2024-03-11T16:21:00,44.82,online,digital_wallet,UK,37,14,1,5.9,0
TXN001959,2024-05-11T01:37:00,367.91,restaurant,credit,UK,21,2,0,4.3,0
TXN001960,2024-01-24T22:09:00,130.15,retail,debit,US,41,5,0,16.0,0
TXN001961,2024-09-27T15:01:00,18.7,travel,digital_wallet,FR,18,9,0,7.8,0
TXN001962,2024-08-06T01:29:00,451.15,online,digital_wallet,CA,75,6,0,5.1,0
TXN001963,2024-10-22T16:29:00,130.52,travel,credit,AU,29,12,0,6.5,0
TXN001964,2024-09-17T02:13:00,16.31,retail,credit,AU,53,21,0,9.7,0
TXN001965,2024-06-11T18:03:00,356.39,grocery,digital_wallet,CA,31,18,0,3.5,0
TXN001966,2024-08-02T22:14:00,90.37,healthcare,debit,US,39,4,0,8.7,0
TXN001967,2024-05-11T17:51:00,12.98,travel,credit,FR,46,0,0,18.7,0
TXN001968,2024-01-17T12:49:00,7.19,restaurant,debit,DE,28,22,0,2.6,0
TXN001969,2024-12-14T19:22:00,250.03,restaurant,credit,CA,43,21,1,24.5,0
TXN001970,2024-11-05T13:36:00,28.38,grocery,digital_wallet,AU,20,2,0,9.7,0
TXN001971,2024-05-03T03:37:00,786.72,travel,debit,AU,66,15,0,5.7,0
TXN001972,2024-04-06T07:22:00,80.48,online,digital_wallet,FR,73,3,0,0.5,0
TXN001973,2024-05-12T12:11:00,7.24,travel,credit,AU,76,3,0,1.5,0
TXN001974,2024-07-05T14:03:00,20.61,retail,debit,CA,74,16,0,16.5,0
TXN001975,2024-06-27T17:43:00,0.41,online,debit,JP,53,5,1,4.7,0
TXN001976,2024-08-28T20:53:00,352.76,travel,digital_wallet,UK,53,6,0,1.0,0
TXN001977,2024-04-04T23:05:00,352.22,online,debit,DE,71,19,0,1.4,0
TXN001978,2024-11-21T18:36:00,276.62,grocery,debit,FR,22,12,0,3.0,0
TXN001979,2024-02-03T05:20:00,573.4,online,debit,UK,59,17,0,6.1,0
TXN001980,2024-06-20T07:36:00,24.5,healthcare,digital_wallet,DE,27,2,0,2.6,0
TXN001981,2024-12-09T18:04:00,3720.71,online,digital_wallet,US,42,2,0,17.2,0
TXN001982,2024-04-20T05:58:00,31.28,retail,debit,DE,43,9,0,1.8,0
TXN001983,2024-01-28T12:28:00,4728.83,travel,credit,AU,52,11,0,4.5,0
TXN001984,2024-04-19T17:42:00,156.74,healthcare,debit,AU,39,11,0,20.1,0
TXN001985,2024-11-09T18:50:00,36.89,retail,credit,UK,59,0,0,3.4,0
TXN001986,2024-07-04T05:41:00,75.95,travel,digital_wallet,JP,51,4,1,15.3,0
TXN001987,2024-12-06T12:55:00,4.32,grocery,credit,US,68,10,0,0.5,0
TXN001988,2024-11-15T04:55:00,147.24,healthcare,credit,CA,40,9,0,5.1,0
TXN001989,2024-01-22T22:05:00,9.73,restaurant,credit,US,35,4,0,2.7,0
TXN001990,2024-08-26T11:00:00,574.45,restaurant,digital_wallet,US,72,19,1,1.6,0
TXN001991,2024-03-09T22:20:00,168.82,online,debit,FR,31,6,0,9.0,0
TXN001992,2024-12-05T18:53:00,48.38,travel,digital_wallet,CA,78,4,0,3.3,0
TXN001993,2024-12-06T02:05:00,74.63,grocery,credit,UK,18,17,1,3.9,0
TXN001994,2024-01-27T02:51:00,6.56,travel,digital_wallet,DE,50,9,0,7.8,0
TXN001995,2024-02-14T17:48:00,49.23,grocery,debit,JP,30,22,0,10.6,0
TXN001996,2024-05-02T11:41:00,10558.64,healthcare,credit,CA,34,7,1,2.7,1
TXN001997,2024-10-02T07:59:00,119.71,online,digital_wallet,AU,21,14,0,13.9,0
TXN001998,2024-03-16T03:33:00,40.18,healthcare,debit,UK,52,23,1,44.8,0
TXN001999,2024-01-10T09:10:00,46.79,travel,debit,DE,18,6,1,1.1,0
TXN002000,2024-06-21T13:57:00,62.81,restaurant,credit,CA,38,20,0,27.5,0
TXN002001,2024-08-21T20:49:00,57.93,online,debit,UK,50,1,0,20.0,0
TXN002002,2024-11-05T18:02:00,65.7,healthcare,debit,UK,25,8,0,20.2,0
TXN002003,2024-06-24T15:31:00,12.86,healthcare,debit,AU,23,6,0,46.4,0
TXN002004,2024-05-10T09:10:00,1441.46,travel,credit,CA,69,10,1,5.2,0
TXN002005,2024-07-12T15:20:00,491.21,retail,credit,US,47,5,1,3.7,0
TXN002006,2024-10-10T04:57:00,191.41,grocery,debit,US,18,13,0,13.1,0
TXN002007,2024-04-04T20:00:00,24.37,grocery,digital_wallet,DE,59,10,1,2.1,0
TXN002008,2024-01-10T23:10:00,12.79,retail,debit,JP,22,8,0,6.0,0
TXN002009,2024-11-20T22:14:00,53.91,travel,digital_wallet,UK,64,11,1,26.3,0
TXN002010,2024-10-25T05:53:00,67.26,grocery,credit,DE,41,17,0,1.2,0
TXN002011,2024-11-27T02:41:00,25.27,online,credit,DE,25,3,0,11.1,0
TXN002012,2024-12-03T13:32:00,18.02,travel,digital_wallet,CA,25,21,1,2.3,0
TXN002013,2024-03-27T15:26:00,47.37,healthcare,debit,US,43,1,1,0.3,0
TXN002014,2024-10-16T09:19:00,61.75,online,credit,CA,45,10,1,12.1,0
TXN002015,2024-11-11T08:01:00,19.93,travel,debit,CA,70,7,0,0.9,0
TXN002016,2024-11-01T01:53:00,780.97,online,credit,JP,56,5,1,18.6,0
TXN002017,2024-12-18T04:46:00,46.19,restaurant,digital_wallet,DE,60,1,0,20.0,0
TXN002018,2024-05-02T12:05:00,50.82,online,debit,FR,78,3,0,7.1,0
TXN002019,2024-06-16T14:42:00,54.98,healthcare,credit,UK,53,11,0,14.0,0
TXN002020,2024-07-13T19:38:00,7.8,retail,debit,CA,57,7,0,16.5,0
TXN002021,2024-08-07T01:23:00,410.01,travel,debit,AU,27,2,0,14.0,0
TXN002022,2024-04-08T04:49:00,52.34,retail,digital_wallet,UK,49,4,1,4.1,0
TXN002023,2024-06-12T01:05:00,98.72,retail,digital_wallet,AU,79,10,0,14.4,0
TXN002024,2024-11-20T06:19:00,56.7,travel,debit,JP,73,9,0,6.8,0
TXN002025,2024-05-23T03:28:00,24.15,restaurant,credit,FR,22,10,0,5.8,0
TXN002026,2024-10-24T08:07:00,54.86,travel,debit,JP,37,6,0,1.9,0
TXN002027,2024-02-10T11:38:00,109.5,healthcare,credit,AU,57,6,1,6.1,0
TXN002028,2024-07-28T20:04:00,55.51,restaurant,credit,JP,39,21,0,8.8,0
TXN002029,2024-06-04T21:05:00,112.9,travel,debit,AU,45,20,0,11.8,0
TXN002030,2024-02-19T13:04:00,12.75,retail,credit,JP,21,9,0,4.8,0
TXN002031,2024-04-21T12:29:00,168.56,healthcare,digital_wallet,US,39,4,0,2.3,0
TXN002032,2024-10-05T05:24:00,15.44,online,debit,US,20,19,1,26.0,0
TXN002033,2024-07-23T06:09:00,504.08,grocery,credit,FR,19,2,0,9.0,0
TXN002034,2024-03-20T12:25:00,90.79,online,credit,CA,65,19,0,2.1,0
TXN002035,2024-08-10T18:16:00,40.02,grocery,credit,JP,40,3,0,2.5,0
TXN002036,2024-12-24T11:14:00,1030.42,retail,digital_wallet,DE,33,6,1,7.0,0
TXN002037,2024-06-02T02:35:00,2.02,grocery,digital_wallet,AU,58,18,1,11.1,0
TXN002038,2024-06-20T21:26:00,644.5,restaurant,digital_wallet,CA,69,11,0,7.5,0
TXN002039,2024-01-01T23:55:00,81.2,travel,credit,FR,72,23,0,2.4,0
TXN002040,2024-09-06T02:08:00,149.63,restaurant,debit,AU,59,18,0,5.5,0
TXN002041,2024-08-16T01:03:00,10.76,healthcare,digital_wallet,AU,59,7,1,12.9,0
TXN002042,2024-12-08T05:02:00,2.07,travel,credit,UK,61,11,0,2.6,0
TXN002043,2024-08-14T02:02:00,2.53,retail,credit,JP,65,10,0,1.1,0
TXN002044,2024-12-05T06:19:00,34.52,grocery,digital_wallet,DE,52,13,0,5.9,0
TXN002045,2024-07-26T20:18:00,12.26,grocery,debit,AU,60,10,1,20.3,0
TXN002046,2024-05-17T06:11:00,11.11,restaurant,digital_wallet,AU,39,8,0,2.6,0
TXN002047,2024-11-01T09:00:00,91.29,retail,digital_wallet,DE,23,17,0,5.2,0
TXN002048,2024-07-12T16:38:00,385.04,retail,credit,DE,65,5,0,14.3,0
TXN002049,2024-07-14T03:37:00,12.96,grocery,digital_wallet,UK,27,16,0,5.7,0
TXN002050,2024-07-09T06:47:00,12.32,healthcare,credit,JP,28,6,0,1.4,0
TXN002051,2024-02-06T14:15:00,0.49,restaurant,debit,CA,47,5,1,4.0,0
TXN002052,2024-03-17T21:34:00,115.64,restaurant,debit,FR,38,22,1,6.4,0
TXN002053,2024-01-05T22:17:00,294.44,restaurant,digital_wallet,JP,31,23,0,3.8,0
TXN002054,2024-10-11T23:23:00,54.95,travel,digital_wallet,US,31,4,1,27.0,0
TXN002055,2024-08-03T12:44:00,5.59,online,credit,US,58,7,1,2.6,0
TXN002056,2024-12-18T05:25:00,432.47,grocery,debit,JP,51,10,0,12.2,0
TXN002057,2024-04-02T06:33:00,611.21,travel,digital_wallet,FR,44,10,0,8.9,0
TXN002058,2024-10-04T01:24:00,36.48,restaurant,credit,UK,73,13,0,18.3,0
TXN002059,2024-08-16T14:56:00,1553.39,restaurant,digital_wallet,CA,44,8,0,8.2,0
TXN002060,2024-10-19T19:23:00,106.29,travel,digital_wallet,FR,44,1,1,12.2,0
TXN002061,2024-07-13T00:51:00,206.47,travel,debit,CA,77,16,0,17.2,0
TXN002062,2024-01-23T22:03:00,388.39,travel,debit,JP,70,22,0,3.8,0
TXN002063,2024-10-07T11:43:00,387.94,grocery,digital_wallet,JP,72,10,0,8.0,0
TXN002064,2024-04-25T15:42:00,131.82,travel,debit,UK,64,17,0,8.9,0
TXN002065,2024-07-10T17:14:00,8.31,retail,digital_wallet,CA,22,3,0,21.5,0
TXN002066,2024-07-25T18:45:00,148.18,healthcare,digital_wallet,US,45,14,1,1.5,0
TXN002067,2024-11-08T19:30:00,11.77,travel,credit,US,75,20,1,1.2,0
TXN002068,2024-12-13T14:55:00,57.97,retail,credit,UK,34,1,0,0.6,0
TXN002069,2024-10-21T12:37:00,105.52,grocery,debit,DE,44,0,0,3.4,0
TXN002070,2024-11-10T12:04:00,603.36,online,digital_wallet,JP,53,0,0,38.6,0
TXN002071,2024-06-11T10:03:00,63.58,travel,digital_wallet,CA,35,9,0,8.4,0
TXN002072,2024-09-13T09:46:00,15.92,travel,digital_wallet,JP,26,8,1,8.1,0
TXN002073,2024-10-07T15:16:00,94.2,online,debit,CA,53,23,0,5.9,0
TXN002074,2024-03-12T18:19:00,1447.89,grocery,debit,US,69,11,0,9.5,0
TXN002075,2024-10-13T11:06:00,310.34,restaurant,credit,UK,70,16,1,1.0,0
TXN002076,2024-06-07T16:23:00,128.96,restaurant,debit,US,30,17,0,15.7,0
TXN002077,2024-11-04T18:52:00,44.76,restaurant,debit,DE,76,11,0,0.6,0
TXN002078,2024-03-23T23:10:00,6.07,restaurant,digital_wallet,FR,21,19,0,4.6,0
TXN002079,2024-06-26T13:41:00,109.54,grocery,digital_wallet,UK,30,14,0,27.7,0
TXN002080,2024-07-06T18:47:00,55.17,healthcare,debit,AU,22,5,0,0.2,0
TXN002081,2024-04-05T23:47:00,149.57,online,credit,FR,48,0,1,7.6,0
TXN002082,2024-04-04T23:25:00,29.39,grocery,digital_wallet,CA,40,6,0,20.6,0
TXN002083,2024-02-11T10:32:00,355.04,travel,digital_wallet,AU,29,11,1,0.5,0
TXN002084,2024-11-03T16:27:00,27.95,retail,credit,CA,75,11,1,6.7,0
TXN002085,2024-03-02T22:16:00,13.51,grocery,digital_wallet,AU,26,11,1,3.1,0
TXN002086,2024-05-18T16:32:00,14.66,online,credit,FR,56,3,0,3.0,0
TXN002087,2024-07-03T12:51:00,694.28,healthcare,digital_wallet,US,39,1,0,30.2,0
TXN002088,2024-11-14T03:17:00,284.17,retail,digital_wallet,CA,62,16,1,0.1,0
TXN002089,2024-12-04T01:37:00,509.65,travel,credit,CA,51,11,1,6.0,0
TXN002090,2024-10-24T19:11:00,9.62,grocery,credit,JP,50,2,0,7.5,0
TXN002091,2024-02-13T07:54:00,318.03,grocery,credit,UK,19,3,1,14.0,0
TXN002092,2024-10-16T00:14:00,9.01,retail,credit,CA,41,15,0,4.1,0
TXN002093,2024-02-24T06:43:00,123.68,online,digital_wallet,US,25,23,0,3.8,0
TXN002094,2024-06-02T17:59:00,89.18,retail,credit,DE,44,13,0,6.3,0
TXN002095,2024-08-17T07:28:00,101.29,retail,debit,JP,68,9,0,7.0,0
TXN002096,2024-04-14T20:29:00,360.57,healthcare,credit,UK,21,1,0,9.5,0
TXN002097,2024-01-14T20:00:00,31.18,grocery,debit,CA,79,21,0,15.3,0
TXN002098,2024-01-14T21:39:00,25.98,online,digital_wallet,AU,74,16,0,15.5,0
TXN002099,2024-12-20T01:48:00,0.87,grocery,digital_wallet,JP,52,23,0,2.9,0
TXN002100,2024-06-10T05:55:00,51.28,grocery,credit,JP,37,5,0,14.7,0
TXN002101,2024-11-19T22:55:00,79.8,restaurant,digital_wallet,JP,69,7,1,2.6,0
TXN002102,2024-12-26T10:39:00,19.91,healthcare,debit,US,25,17,0,11.3,0
TXN002103,2024-03-28T18:31:00,28.01,restaurant,credit,DE,23,3,0,51.2,0
TXN002104,2024-10-11T03:10:00,38.11,healthcare,debit,US,48,21,0,11.3,0
TXN002105,2024-11-28T18:35:00,65.29,restaurant,credit,JP,67,1,0,17.9,0
TXN002106,2024-05-24T11:00:00,16.48,healthcare,digital_wallet,AU,71,23,0,2.9,0
TXN002107,2024-01-06T16:06:00,23.44,grocery,debit,AU,49,10,0,11.2,0
TXN002108,2024-07-02T14:53:00,201.05,online,credit,AU,45,6,0,6.0,0
TXN002109,2024-02-06T17:20:00,66.7,restaurant,digital_wallet,UK,31,3,1,1.9,0
TXN002110,2024-08-13T19:14:00,61.89,travel,credit,JP,33,12,1,1.4,0
TXN002111,2024-08-13T04:19:00,38.71,online,credit,JP,62,15,0,11.0,0
TXN002112,2024-01-17T22:05:00,62.49,retail,debit,FR,39,1,0,0.3,0
TXN002113,2024-07-10T00:37:00,1.73,online,debit,CA,70,12,1,21.3,0
TXN002114,2024-05-24T17:37:00,90.72,healthcare,debit,JP,46,7,1,6.3,0
TXN002115,2024-04-07T18:22:00,57.16,online,digital_wallet,UK,32,14,1,11.0,0
TXN002116,2024-08-13T07:41:00,128.39,travel,debit,UK,60,4,0,1.1,0
TXN002117,2024-03-27T15:19:00,461.33,healthcare,debit,DE,37,19,0,8.6,0
TXN002118,2024-08-12T02:16:00,83.88,restaurant,debit,UK,50,23,0,5.4,0
TXN002119,2024-08-05T04:39:00,990.67,restaurant,debit,CA,30,6,0,11.2,0
TXN002120,2024-10-23T16:22:00,98.26,online,credit,CA,33,0,0,22.7,0
TXN002121,2024-05-11T02:19:00,1102.85,travel,credit,FR,70,3,0,24.4,0
TXN002122,2024-07-26T00:59:00,93.79,healthcare,credit,FR,20,22,0,0.6,0
TXN002123,2024-01-18T14:04:00,170.17,grocery,debit,US,75,5,0,2.7,0
TXN002124,2024-08-09T13:46:00,448.69,travel,debit,FR,45,4,1,34.9,0
TXN002125,2024-05-08T12:16:00,145.5,travel,credit,US,60,4,0,9.4,0
TXN002126,2024-11-05T22:28:00,69.89,restaurant,debit,DE,57,3,0,0.3,0
TXN002127,2024-09-10T18:59:00,16.8,restaurant,debit,US,47,22,0,6.9,0
TXN002128,2024-01-18T08:17:00,9.09,retail,debit,US,60,6,0,0.9,0
TXN002129,2024-08-19T20:21:00,1024.83,healthcare,debit,AU,23,21,0,7.8,0
TXN002130,2024-12-12T16:54:00,124.12,grocery,credit,AU,42,13,0,38.5,0
TXN002131,2024-02-01T12:19:00,79.04,restaurant,digital_wallet,CA,57,10,1,12.6,0
TXN002132,2024-08-09T01:16:00,16.14,grocery,digital_wallet,DE,54,20,0,6.5,0
TXN002133,2024-11-18T20:29:00,79.76,online,credit,AU,69,20,0,17.7,0
TXN002134,2024-07-18T07:04:00,13.65,travel,digital_wallet,UK,70,4,1,9.0,0
TXN002135,2024-12-07T11:49:00,7.53,restaurant,credit,FR,38,10,0,37.0,0
TXN002136,2024-11-22T04:16:00,24.99,travel,debit,UK,40,16,0,6.9,0
TXN002137,2024-11-04T21:55:00,53.53,healthcare,credit,FR,21,19,0,8.8,0
TXN002138,2024-01-12T02:41:00,236.61,online,debit,FR,73,10,0,4.8,0
TXN002139,2024-06-07T06:31:00,49.4,restaurant,credit,US,38,15,0,0.4,0
TXN002140,2024-01-19T03:47:00,76.25,restaurant,debit,US,25,7,1,2.7,0
TXN002141,2024-05-08T01:16:00,45.53,retail,debit,AU,61,14,0,22.9,0
TXN002142,2024-03-13T22:47:00,1.83,grocery,digital_wallet,US,46,7,0,15.5,0
TXN002143,2024-03-12T08:35:00,10.73,restaurant,digital_wallet,AU,59,15,0,5.7,0
TXN002144,2024-04-15T09:57:00,11.54,grocery,credit,UK,18,3,0,10.8,0
TXN002145,2024-03-26T04:29:00,3.38,healthcare,credit,CA,56,11,0,5.0,0
TXN002146,2024-05-22T21:00:00,41.74,restaurant,debit,UK,36,1,0,5.5,0
TXN002147,2024-08-25T02:59:00,102.82,healthcare,debit,UK,24,1,1,1.5,0
TXN002148,2024-12-11T19:05:00,247.54,restaurant,digital_wallet,FR,48,22,0,7.6,0
TXN002149,2024-04-04T17:32:00,30.67,retail,debit,US,42,23,0,28.4,0
TXN002150,2024-09-05T16:21:00,17.72,retail,debit,FR,29,21,0,6.2,0
TXN002151,2024-10-22T13:07:00,20.98,grocery,digital_wallet,CA,19,5,1,19.8,0
TXN002152,2024-06-21T18:18:00,18.52,grocery,debit,CA,76,11,1,3.9,0
TXN002153,2024-03-06T01:15:00,12.77,retail,credit,AU,68,23,0,1.3,0
TXN002154,2024-10-16T12:10:00,217.15,restaurant,debit,CA,73,22,0,13.8,0
TXN002155,2024-02-22T22:01:00,67.87,retail,debit,US,80,9,0,8.7,0
TXN002156,2024-10-05T16:21:00,120.29,healthcare,credit,FR,48,0,1,3.8,0
TXN002157,2024-10-01T17:32:00,51.52,healthcare,credit,US,54,3,1,5.8,0
TXN002158,2024-12-16T16:39:00,25.04,restaurant,digital_wallet,US,20,3,0,18.4,0
TXN002159,2024-04-25T23:46:00,4.53,online,digital_wallet,CA,25,7,0,7.7,0
TXN002160,2024-10-22T09:16:00,53.6,online,digital_wallet,CA,61,6,0,9.0,0
TXN002161,2024-11-16T16:02:00,12.73,retail,digital_wallet,US,72,0,0,0.5,0
TXN002162,2024-04-14T08:05:00,27.59,travel,digital_wallet,JP,44,13,0,3.5,0
TXN002163,2024-07-21T15:07:00,21.76,grocery,debit,DE,18,3,0,0.6,0
TXN002164,2024-11-10T21:26:00,60.23,online,debit,FR,54,2,1,10.4,0
TXN002165,2024-08-13T19:29:00,50.85,online,debit,AU,51,8,0,10.9,0
TXN002166,2024-07-04T02:39:00,129.11,healthcare,credit,UK,35,17,0,2.5,0
TXN002167,2024-12-09T22:26:00,10.4,retail,digital_wallet,US,69,18,0,29.5,0
TXN002168,2024-10-23T05:06:00,368.35,grocery,digital_wallet,UK,24,6,1,9.6,0
TXN002169,2024-08-15T08:24:00,967.85,travel,digital_wallet,US,30,19,1,10.2,0
TXN002170,2024-04-17T21:57:00,0.78,healthcare,digital_wallet,FR,20,21,0,3.7,0
TXN002171,2024-08-10T18:05:00,333.73,online,debit,JP,71,11,0,5.3,0
TXN002172,2024-08-13T19:26:00,10.66,restaurant,debit,FR,42,13,0,2.2,0
TXN002173,2024-02-18T20:58:00,31.42,grocery,credit,AU,27,0,0,2.4,0
TXN002174,2024-12-15T18:16:00,76.41,grocery,debit,FR,20,0,0,0.3,0
TXN002175,2024-09-25T14:26:00,120.77,retail,debit,US,23,7,1,8.4,0
TXN002176,2024-07-04T13:28:00,64.7,healthcare,digital_wallet,US,19,15,0,9.9,0
TXN002177,2024-09-01T05:52:00,305.73,healthcare,credit,FR,74,16,0,3.2,0
TXN002178,2024-09-01T13:37:00,145.42,retail,credit,UK,23,19,0,24.4,0
TXN002179,2024-02-28T03:02:00,52.59,restaurant,credit,JP,18,0,1,5.0,0
TXN002180,2024-01-04T21:43:00,74.38,online,debit,JP,31,2,0,8.7,0
TXN002181,2024-01-26T23:24:00,74.74,grocery,credit,DE,69,9,1,0.4,0
TXN002182,2024-02-09T10:05:00,140.62,grocery,debit,FR,42,4,0,10.9,0
TXN002183,2024-09-17T08:35:00,121.43,grocery,credit,CA,21,16,1,9.0,0
TXN002184,2024-09-02T21:35:00,48.15,grocery,credit,CA,41,21,0,10.1,0
TXN002185,2024-05-16T14:24:00,11.85,retail,debit,UK,49,15,0,1.6,0
TXN002186,2024-02-21T14:28:00,53.32,online,credit,US,80,9,0,0.7,0
TXN002187,2024-02-05T20:15:00,195.67,restaurant,credit,DE,61,6,0,2.4,0
TXN002188,2024-11-28T16:50:00,522.68,retail,debit,AU,23,10,1,12.7,0
TXN002189,2024-08-16T07:55:00,123.29,grocery,digital_wallet,US,74,18,1,2.2,0
TXN002190,2024-04-17T21:58:00,194.07,retail,credit,AU,31,17,1,14.4,0
TXN002191,2024-08-21T19:00:00,25.22,healthcare,digital_wallet,AU,61,14,0,29.5,0
TXN002192,2024-08-21T14:19:00,413.0,retail,debit,UK,59,0,0,10.4,0
TXN002193,2024-12-04T10:55:00,65.13,healthcare,credit,UK,63,4,0,10.4,0
TXN002194,2024-08-24T16:48:00,89.72,healthcare,digital_wallet,US,72,0,1,1.9,0
TXN002195,2024-08-15T05:33:00,38.05,grocery,debit,JP,76,5,1,17.5,0
TXN002196,2024-07-23T17:02:00,9.4,online,digital_wallet,DE,74,17,1,9.9,0
TXN002197,2024-02-03T12:49:00,4.26,travel,debit,AU,71,14,0,7.2,0
TXN002198,2024-05-25T20:21:00,25.6,travel,digital_wallet,DE,37,23,0,1.0,0
TXN002199,2024-06-16T06:38:00,38.14,retail,credit,DE,42,2,1,9.1,0
TXN002200,2024-10-18T02:42:00,35549.23,healthcare,digital_wallet,UK,46,3,0,9.8,1
TXN002201,2024-08-03T23:04:00,8335.43,retail,debit,AU,69,18,1,3.6,0
TXN002202,2024-06-23T23:52:00,105.09,healthcare,digital_wallet,CA,28,7,0,2.8,0
TXN002203,2024-11-03T08:05:00,299.84,travel,debit,CA,45,13,0,4.0,0
TXN002204,2024-08-12T05:08:00,6.25,grocery,digital_wallet,CA,20,18,1,2.0,0
TXN002205,2024-11-06T15:15:00,168.25,online,debit,AU,23,8,0,37.2,0
TXN002206,2024-10-25T18:37:00,85.93,travel,digital_wallet,US,72,21,0,2.8,0
TXN002207,2024-08-23T20:27:00,78.99,online,credit,DE,20,13,0,23.9,0
TXN002208,2024-07-25T02:02:00,80.95,restaurant,credit,US,35,22,0,23.8,0
TXN002209,2024-03-23T17:36:00,12.64,healthcare,credit,US,35,2,0,7.1,0
TXN002210,2024-08-01T21:22:00,35.88,travel,digital_wallet,US,50,22,0,5.3,0
TXN002211,2024-05-26T13:23:00,22.68,travel,debit,DE,38,2,0,1.4,0
TXN002212,2024-11-02T15:45:00,138.58,retail,debit,US,44,5,0,12.1,0
TXN002213,2024-10-02T23:30:00,51.64,healthcare,credit,US,29,16,0,15.6,0
TXN002214,2024-04-17T10:59:00,82.12,grocery,debit,US,74,3,0,0.0,0
TXN002215,2024-12-15T12:50:00,169.6,online,debit,CA,71,2,0,2.4,0
TXN002216,2024-08-17T03:07:00,16.96,travel,digital_wallet,AU,70,8,0,12.4,0
TXN002217,2024-11-16T07:47:00,56.34,online,credit,UK,78,20,0,1.1,0
TXN002218,2024-04-07T11:03:00,922.04,retail,digital_wallet,FR,32,12,0,6.2,0
TXN002219,2024-06-16T04:27:00,2.88,restaurant,debit,US,41,13,1,1.3,0
TXN002220,2024-12-03T02:37:00,80.01,healthcare,debit,JP,74,5,0,12.4,0
TXN002221,2024-03-11T01:33:00,4.06,online,debit,UK,56,14,0,10.3,0
TXN002222,2024-10-06T17:50:00,14.8,grocery,debit,FR,77,16,1,1.3,0
TXN002223,2024-03-28T20:18:00,49.76,healthcare,debit,AU,22,18,0,1.2,0
TXN002224,2024-10-15T22:45:00,9.83,retail,digital_wallet,DE,72,22,1,13.3,0
TXN002225,2024-11-20T01:55:00,72.9,travel,credit,JP,50,23,1,41.7,0
TXN002226,2024-12-11T06:15:00,67.16,online,credit,JP,33,0,1,10.6,0
TXN002227,2024-05-28T13:47:00,507.63,online,debit,JP,67,12,0,7.2,0
TXN002228,2024-05-26T16:07:00,33.46,retail,credit,JP,25,7,0,77.9,0
TXN002229,2024-08-12T01:39:00,15.5,retail,credit,UK,23,10,0,0.0,0
TXN002230,2024-05-11T10:01:00,394.36,healthcare,credit,FR,52,12,1,15.1,0
TXN002231,2024-06-25T08:58:00,152.64,grocery,debit,DE,47,15,0,21.3,0
TXN002232,2024-10-13T01:51:00,229.14,grocery,debit,CA,55,16,0,14.7,0
TXN002233,2024-09-18T15:16:00,51.3,restaurant,credit,UK,41,22,0,11.4,0
TXN002234,2024-09-09T15:22:00,33.71,retail,debit,JP,68,8,1,12.7,0
TXN002235,2024-05-27T19:53:00,14.9,retail,credit,AU,67,10,1,1.6,0
TXN002236,2024-11-23T03:57:00,10.28,retail,credit,DE,27,15,0,6.0,0
TXN002237,2024-07-28T08:01:00,80.82,online,debit,AU,40,23,0,7.9,0
TXN002238,2024-08-06T20:00:00,328.73,grocery,credit,US,74,5,1,16.6,0
TXN002239,2024-06-07T11:22:00,25.29,healthcare,debit,CA,40,3,0,13.5,0
TXN002240,2024-04-08T15:38:00,698.05,grocery,digital_wallet,AU,35,12,1,12.1,0
TXN002241,2024-08-11T23:32:00,1166.22,healthcare,debit,CA,66,22,0,17.9,0
TXN002242,2024-06-18T13:55:00,42.37,online,digital_wallet,DE,68,11,1,9.9,0
TXN002243,2024-02-06T19:32:00,79.25,online,credit,DE,56,8,0,4.2,0
TXN002244,2024-03-23T09:18:00,172.93,restaurant,credit,UK,28,22,0,47.1,0
TXN002245,2024-09-16T14:42:00,278.07,retail,debit,DE,60,22,1,4.7,0
TXN002246,2024-01-17T08:09:00,47.28,grocery,debit,CA,22,1,0,9.1,0
TXN002247,2024-01-02T12:12:00,113.78,restaurant,credit,FR,60,17,0,0.1,0
TXN002248,2024-04-04T19:54:00,51.11,travel,debit,AU,77,1,0,1.5,0
TXN002249,2024-02-18T14:40:00,8.18,healthcare,debit,AU,23,17,0,1.3,0
TXN002250,2024-09-09T15:15:00,119.4,restaurant,debit,AU,80,11,1,43.9,0
TXN002251,2024-05-05T16:42:00,600.14,travel,credit,UK,28,5,0,16.0,0
TXN002252,2024-12-05T01:47:00,40.52,restaurant,credit,CA,50,23,1,22.0,0
TXN002253,2024-09-26T05:31:00,77.03,online,digital_wallet,DE,79,5,1,3.3,0
TXN002254,2024-02-22T18:15:00,43.95,grocery,digital_wallet,CA,34,21,0,12.1,0
TXN002255,2024-06-08T13:52:00,74.82,grocery,digital_wallet,JP,63,8,0,17.5,0
TXN002256,2024-09-18T06:01:00,16.85,grocery,debit,CA,33,7,0,0.0,0
TXN002257,2024-11-06T22:37:00,16.31,restaurant,debit,FR,42,7,1,0.7,0
TXN002258,2024-04-19T17:12:00,22.35,retail,credit,JP,48,16,0,16.9,0
TXN002259,2024-05-17T06:49:00,1.45,retail,debit,FR,30,9,0,42.8,0
TXN002260,2024-05-24T00:15:00,109.15,travel,debit,JP,64,7,1,6.2,0
TXN002261,2024-10-09T11:00:00,5.71,online,debit,CA,74,10,0,4.0,0
TXN002262,2024-05-10T06:19:00,42.32,online,debit,CA,53,16,0,1.7,0
TXN002263,2024-07-21T05:21:00,15.94,online,credit,CA,48,12,0,7.2,0
TXN002264,2024-09-06T13:58:00,143.56,online,debit,CA,31,18,1,2.2,0
TXN002265,2024-05-13T08:31:00,111.85,travel,credit,JP,24,20,0,17.9,0
TXN002266,2024-05-02T01:45:00,19.86,grocery,debit,DE,24,12,1,3.4,0
TXN002267,2024-11-02T14:35:00,35227.01,travel,digital_wallet,DE,68,1,0,15.5,1
TXN002268,2024-07-21T05:40:00,17.6,restaurant,debit,JP,79,1,0,1.2,0
TXN002269,2024-09-12T23:01:00,26.15,online,debit,AU,20,19,0,0.7,0
TXN002270,2024-01-09T17:25:00,18.75,travel,credit,CA,48,5,1,3.7,0
TXN002271,2024-07-19T23:00:00,139.79,grocery,digital_wallet,CA,49,17,0,8.4,0
TXN002272,2024-07-13T04:26:00,15.31,healthcare,credit,FR,30,20,1,1.1,0
TXN002273,2024-04-16T14:32:00,22.0,online,debit,AU,44,23,1,16.0,0
TXN002274,2024-03-21T08:36:00,514.04,healthcare,debit,FR,39,17,0,2.0,0
TXN002275,2024-03-07T13:54:00,293.14,retail,debit,DE,60,20,0,25.0,0
TXN002276,2024-12-09T11:56:00,30.24,grocery,credit,JP,55,22,0,6.0,0
TXN002277,2024-08-11T18:30:00,27.47,retail,debit,UK,58,8,1,0.9,0
TXN002278,2024-12-09T12:29:00,22.33,grocery,debit,DE,39,16,0,4.2,0
TXN002279,2024-04-21T04:33:00,157.57,travel,digital_wallet,AU,29,17,1,4.9,0
TXN002280,2024-03-17T00:33:00,6.4,retail,debit,AU,41,9,0,0.2,0
TXN002281,2024-04-28T23:05:00,11.12,healthcare,digital_wallet,US,33,14,0,4.0,0
TXN002282,2024-04-05T23:46:00,24.74,healthcare,debit,CA,63,19,0,8.7,0
TXN002283,2024-07-04T21:52:00,255.42,online,credit,CA,21,6,0,1.2,0
TXN002284,2024-07-15T20:07:00,53.02,grocery,debit,JP,53,3,0,0.6,0
TXN002285,2024-08-17T19:01:00,57.83,online,credit,JP,72,18,0,24.7,0
TXN002286,2024-05-16T08:26:00,36.62,grocery,credit,FR,27,16,0,17.6,0
TXN002287,2024-07-20T18:09:00,44.06,travel,debit,US,65,7,0,7.6,0
TXN002288,2024-12-05T01:19:00,30.83,online,digital_wallet,US,30,23,1,27.1,0
TXN002289,2024-05-16T13:50:00,148.34,travel,credit,DE,19,12,1,3.0,0
TXN002290,2024-03-01T08:58:00,12.9,online,credit,DE,45,18,0,18.6,0
TXN002291,2024-05-11T09:02:00,2.53,restaurant,credit,DE,28,21,1,8.8,0
TXN002292,2024-03-03T21:34:00,23.23,grocery,credit,FR,77,8,1,9.8,0
TXN002293,2024-03-26T22:33:00,92.79,travel,credit,AU,18,8,0,6.3,0
TXN002294,2024-07-25T16:16:00,31.76,healthcare,debit,CA,60,21,0,15.5,0
TXN002295,2024-03-06T14:24:00,99.57,retail,credit,FR,79,23,0,50.9,0
TXN002296,2024-11-08T14:56:00,523.84,healthcare,credit,DE,18,18,0,2.6,0
TXN002297,2024-04-14T21:04:00,26057.87,travel,debit,FR,38,18,0,12.6,1
TXN002298,2024-02-05T15:19:00,54.75,travel,credit,CA,63,14,1,7.7,0
TXN002299,2024-01-28T22:17:00,5.19,retail,debit,AU,79,22,0,48.7,0
TXN002300,2024-05-21T02:57:00,47.18,healthcare,digital_wallet,DE,49,0,1,1.4,0
TXN002301,2024-09-16T03:52:00,79.99,restaurant,debit,FR,76,0,1,0.5,0
TXN002302,2024-07-13T14:52:00,204.77,online,digital_wallet,CA,66,11,0,2.7,0
TXN002303,2024-08-25T13:57:00,10.81,online,credit,US,20,3,1,5.6,0
TXN002304,2024-02-26T04:42:00,350.94,travel,digital_wallet,JP,65,8,0,3.0,0
TXN002305,2024-01-13T16:38:00,32.13,retail,digital_wallet,DE,36,22,0,0.9,0
TXN002306,2024-04-02T13:08:00,53.48,online,debit,JP,77,7,1,9.6,0
TXN002307,2024-04-14T08:21:00,440.69,healthcare,credit,UK,65,10,0,5.0,0
TXN002308,2024-05-15T17:22:00,76.57,restaurant,credit,UK,18,18,0,5.0,0
TXN002309,2024-02-04T00:19:00,15.32,online,debit,AU,49,4,0,0.2,0
TXN002310,2024-05-26T18:33:00,141.86,online,credit,UK,74,5,0,14.6,0
TXN002311,2024-12-20T01:16:00,161.21,healthcare,digital_wallet,AU,21,14,0,9.9,0
TXN002312,2024-03-13T08:52:00,40.27,online,credit,CA,45,16,1,5.0,0
TXN002313,2024-11-04T23:57:00,76.78,healthcare,digital_wallet,DE,67,9,1,5.4,0
TXN002314,2024-06-28T08:08:00,128.78,restaurant,debit,CA,76,23,0,0.2,0
TXN002315,2024-07-27T14:59:00,42.71,healthcare,credit,FR,36,18,0,4.2,0
TXN002316,2024-07-21T23:42:00,435.83,grocery,credit,AU,32,12,0,32.2,0
TXN002317,2024-09-25T23:56:00,25.93,online,debit,US,60,16,0,5.6,0
TXN002318,2024-10-17T10:41:00,5.09,travel,credit,UK,58,4,0,13.6,0
TXN002319,2024-12-01T04:37:00,95.51,healthcare,credit,US,43,19,0,2.8,0
TXN002320,2024-08-28T06:05:00,269.86,retail,digital_wallet,DE,52,6,1,0.3,0
TXN002321,2024-02-11T02:23:00,59.79,grocery,digital_wallet,CA,49,9,0,25.6,0
TXN002322,2024-01-23T01:56:00,285.39,online,credit,FR,32,19,0,26.5,0
TXN002323,2024-01-05T06:16:00,501.31,restaurant,digital_wallet,US,40,14,0,9.7,0
TXN002324,2024-05-27T06:24:00,35.77,grocery,digital_wallet,JP,42,0,0,12.2,0
TXN002325,2024-06-27T13:47:00,49.99,restaurant,credit,AU,46,23,1,13.8,0
TXN002326,2024-06-01T06:56:00,4.78,grocery,debit,US,18,7,1,0.0,0
TXN002327,2024-01-01T14:12:00,160.28,restaurant,debit,UK,33,23,1,11.6,0
TXN002328,2024-05-15T08:05:00,346.61,healthcare,credit,DE,39,22,1,5.1,0
TXN002329,2024-07-19T19:37:00,80.96,travel,debit,CA,18,17,0,2.4,0
TXN002330,2024-10-18T18:51:00,9.24,retail,debit,US,54,5,0,3.1,0
TXN002331,2024-06-17T11:49:00,27.29,restaurant,debit,CA,71,8,1,4.0,0
TXN002332,2024-07-12T07:39:00,161.08,online,digital_wallet,DE,79,9,1,11.1,0
TXN002333,2024-08-04T03:48:00,158.23,online,digital_wallet,US,24,23,0,3.5,0
TXN002334,2024-05-26T21:54:00,8.33,restaurant,debit,UK,55,21,0,2.4,0
TXN002335,2024-03-14T06:02:00,57.01,grocery,debit,DE,71,14,0,0.3,0
TXN002336,2024-10-24T13:38:00,668.0,grocery,credit,AU,80,20,0,2.4,0
TXN002337,2024-02-05T22:12:00,585.19,online,credit,JP,23,3,0,5.6,0
TXN002338,2024-01-27T12:47:00,132.52,grocery,digital_wallet,AU,20,3,0,15.1,0
TXN002339,2024-09-24T15:27:00,254.27,online,debit,AU,76,16,0,3.1,0
TXN002340,2024-11-17T18:22:00,7.09,restaurant,debit,DE,66,9,0,37.3,0
TXN002341,2024-01-12T01:12:00,32.2,grocery,debit,AU,25,1,1,0.4,0
TXN002342,2024-02-08T19:26:00,18.79,restaurant,digital_wallet,UK,24,15,0,14.0,0
TXN002343,2024-12-04T21:18:00,24.74,online,digital_wallet,UK,65,16,0,1.0,0
TXN002344,2024-04-02T12:11:00,1.63,healthcare,credit,DE,33,21,0,13.0,0
TXN002345,2024-06-03T15:52:00,102.91,online,digital_wallet,UK,36,3,1,0.5,0
TXN002346,2024-12-10T17:27:00,1107.02,healthcare,digital_wallet,US,49,8,0,6.8,0
TXN002347,2024-06-06T10:54:00,67.52,restaurant,credit,JP,33,3,0,39.0,0
TXN002348,2024-04-12T16:07:00,267.85,travel,digital_wallet,JP,58,1,0,1.2,0
TXN002349,2024-08-20T22:40:00,29.55,retail,debit,US,39,18,0,15.8,0
TXN002350,2024-11-11T11:10:00,58.42,restaurant,digital_wallet,UK,29,14,0,4.5,0
TXN002351,2024-04-26T04:03:00,214.83,online,digital_wallet,US,43,16,0,0.0,0
TXN002352,2024-06-02T19:01:00,4.93,restaurant,digital_wallet,US,24,17,0,25.4,0
TXN002353,2024-02-18T11:52:00,18.07,retail,credit,AU,51,3,1,7.6,0
TXN002354,2024-08-13T21:29:00,4.76,restaurant,debit,CA,54,9,1,17.4,0
TXN002355,2024-04-16T20:07:00,8.08,retail,debit,US,23,22,0,37.0,0
TXN002356,2024-01-12T05:46:00,32.49,healthcare,credit,UK,51,9,0,2.7,0
TXN002357,2024-09-04T08:54:00,21.89,grocery,debit,AU,49,13,0,29.4,0
TXN002358,2024-01-20T14:31:00,199.13,online,debit,DE,68,8,0,11.4,0
TXN002359,2024-11-06T08:16:00,1.87,travel,credit,US,57,17,1,1.8,0
TXN002360,2024-07-26T22:29:00,36.37,healthcare,debit,DE,31,19,0,4.5,0
TXN002361,2024-08-28T01:49:00,580.75,retail,credit,CA,70,3,0,14.6,0
TXN002362,2024-01-16T01:40:00,132.29,grocery,credit,CA,61,5,0,3.9,0
TXN002363,2024-09-21T10:01:00,54.66,healthcare,debit,AU,30,3,0,8.0,0
TXN002364,2024-03-23T07:13:00,340.28,grocery,digital_wallet,US,43,9,0,12.4,0
TXN002365,2024-10-17T05:38:00,29.86,restaurant,debit,US,42,10,0,26.9,0
TXN002366,2024-01-06T16:20:00,29.44,restaurant,credit,UK,52,0,1,15.0,0
TXN002367,2024-12-06T10:19:00,94.71,healthcare,debit,DE,27,19,0,30.2,0
TXN002368,2024-07-14T20:10:00,57.75,healthcare,credit,CA,40,16,0,25.1,0
TXN002369,2024-12-16T14:34:00,110.71,retail,credit,JP,71,20,0,7.0,0
TXN002370,2024-01-20T20:38:00,19.1,restaurant,digital_wallet,CA,56,16,0,4.5,0
TXN002371,2024-03-27T15:44:00,718.46,grocery,digital_wallet,JP,19,23,0,8.0,0
TXN002372,2024-06-23T08:59:00,38.05,grocery,debit,CA,67,14,0,2.1,0
TXN002373,2024-03-18T13:37:00,369.78,restaurant,credit,UK,28,0,0,1.6,0
TXN002374,2024-10-18T05:47:00,13.81,healthcare,debit,DE,58,14,0,0.5,0
TXN002375,2024-07-17T02:31:00,288.55,retail,credit,AU,67,12,1,3.9,0
TXN002376,2024-05-04T08:06:00,306.54,healthcare,credit,DE,46,21,0,0.4,0
TXN002377,2024-12-14T03:52:00,32.57,travel,debit,DE,62,5,0,1.0,0
TXN002378,2024-07-25T15:08:00,25.35,online,digital_wallet,UK,44,11,0,4.7,0
TXN002379,2024-04-05T06:04:00,41.21,retail,credit,UK,30,11,0,0.4,0
TXN002380,2024-01-19T03:43:00,85.71,retail,debit,DE,51,11,1,0.1,0
TXN002381,2024-02-24T02:51:00,22.85,restaurant,credit,UK,77,17,1,8.1,0
TXN002382,2024-07-25T02:34:00,4.99,retail,digital_wallet,UK,75,0,1,36.4,0
TXN002383,2024-05-12T06:58:00,261.26,retail,credit,DE,27,20,0,23.5,0
TXN002384,2024-07-05T20:34:00,174.01,healthcare,credit,CA,36,12,0,47.2,0
TXN002385,2024-02-22T06:59:00,155.32,online,digital_wallet,JP,32,3,1,11.4,0
TXN002386,2024-11-10T18:06:00,213.08,grocery,debit,AU,78,7,0,1.0,0
TXN002387,2024-08-26T04:27:00,7.98,healthcare,debit,FR,30,9,0,5.5,0
TXN002388,2024-01-01T04:11:00,334.15,travel,digital_wallet,FR,32,21,0,5.2,0
TXN002389,2024-09-03T07:14:00,8.81,travel,credit,AU,65,23,1,3.2,0
TXN002390,2024-05-24T05:18:00,72.82,healthcare,digital_wallet,US,54,16,1,4.8,0
TXN002391,2024-03-27T13:41:00,404.35,grocery,credit,US,70,7,0,1.6,0
TXN002392,2024-05-28T20:13:00,38.01,retail,debit,DE,65,14,1,8.1,0
TXN002393,2024-12-27T10:40:00,41.9,restaurant,digital_wallet,UK,53,14,1,30.5,0
TXN002394,2024-03-26T21:14:00,3.66,grocery,digital_wallet,US,31,14,0,7.9,0
TXN002395,2024-03-12T07:18:00,64.5,restaurant,credit,DE,70,9,0,5.4,0
TXN002396,2024-11-05T07:20:00,213.39,grocery,credit,US,31,11,1,3.6,0
TXN002397,2024-10-25T19:46:00,1311.34,grocery,credit,DE,69,20,1,5.2,0
TXN002398,2024-09-21T13:36:00,35.87,healthcare,debit,UK,20,12,0,0.6,0
TXN002399,2024-01-11T07:00:00,83.51,restaurant,digital_wallet,US,42,10,0,9.7,0
TXN002400,2024-04-21T16:53:00,12.99,travel,digital_wallet,JP,40,6,1,0.2,0
TXN002401,2024-10-28T09:31:00,58.38,grocery,debit,DE,18,11,1,4.8,0
TXN002402,2024-04-16T10:43:00,722.13,healthcare,credit,US,77,23,0,8.9,0
TXN002403,2024-07-16T20:36:00,40.74,healthcare,debit,CA,69,9,1,4.4,0
TXN002404,2024-08-19T08:38:00,12.61,healthcare,debit,FR,76,7,0,13.4,0
TXN002405,2024-04-04T16:00:00,11.27,restaurant,credit,JP,67,21,1,23.6,0
TXN002406,2024-11-13T22:15:00,74.74,grocery,debit,JP,80,8,1,8.1,0
TXN002407,2024-02-04T16:39:00,11.18,travel,debit,US,51,9,0,2.4,0
TXN002408,2024-09-07T01:03:00,54.33,online,debit,CA,70,6,1,4.9,0
TXN002409,2024-09-28T06:39:00,50.56,travel,digital_wallet,FR,28,8,1,8.4,0
TXN002410,2024-06-27T06:00:00,28.65,travel,digital_wallet,DE,40,8,1,12.8,0
TXN002411,2024-11-16T15:24:00,11.38,travel,digital_wallet,CA,77,1,0,10.6,0
TXN002412,2024-12-25T19:01:00,89.93,grocery,debit,CA,21,3,0,2.6,0
TXN002413,2024-10-05T14:21:00,33.7,travel,credit,US,79,13,0,4.9,0
TXN002414,2024-09-19T08:24:00,6.35,retail,credit,FR,74,18,1,20.4,0
TXN002415,2024-09-24T04:03:00,452.63,online,credit,DE,71,10,0,10.4,0
TXN002416,2024-12-07T12:28:00,63.89,grocery,debit,UK,37,3,1,18.4,0
TXN002417,2024-08-14T01:30:00,27.43,online,debit,CA,68,13,0,1.9,0
TXN002418,2024-11-06T14:30:00,81.54,travel,debit,AU,66,10,0,6.3,0
TXN002419,2024-12-23T07:10:00,25.23,grocery,digital_wallet,AU,26,23,1,12.4,0
TXN002420,2024-08-13T23:29:00,614.52,online,credit,US,80,14,0,9.9,0
TXN002421,2024-10-17T06:39:00,246.43,online,credit,AU,78,2,0,4.2,0
TXN002422,2024-09-20T16:56:00,2466.97,travel,digital_wallet,JP,65,6,0,16.2,0
TXN002423,2024-11-03T03:33:00,221.55,restaurant,digital_wallet,US,61,0,0,9.6,0
TXN002424,2024-04-27T16:46:00,53.57,healthcare,credit,CA,70,10,1,3.0,0
TXN002425,2024-10-11T01:03:00,5.52,retail,debit,AU,69,0,1,1.5,0
TXN002426,2024-05-15T21:18:00,9.11,healthcare,digital_wallet,AU,23,12,0,5.0,0
TXN002427,2024-08-03T14:53:00,0.4,travel,debit,CA,76,20,0,3.2,0
TXN002428,2024-05-10T14:30:00,2.55,restaurant,debit,UK,31,10,1,7.3,0
TXN002429,2024-10-01T22:08:00,26.0,travel,debit,FR,50,11,1,11.1,0
TXN002430,2024-05-05T18:32:00,36.62,travel,debit,US,33,9,0,0.3,0
TXN002431,2024-09-05T21:38:00,6.96,travel,debit,UK,48,11,0,1.1,0
TXN002432,2024-01-06T19:38:00,11.29,restaurant,debit,FR,52,7,1,18.7,0
TXN002433,2024-09-12T02:46:00,77.77,restaurant,digital_wallet,UK,20,21,0,24.0,0
TXN002434,2024-01-05T14:54:00,3.17,online,credit,US,38,9,0,2.1,0
TXN002435,2024-07-03T18:43:00,78.45,healthcare,credit,CA,51,3,1,31.3,0
TXN002436,2024-05-08T00:05:00,47.83,grocery,debit,UK,24,16,0,20.0,0
TXN002437,2024-12-01T18:01:00,73.41,healthcare,digital_wallet,JP,52,7,0,4.2,0
TXN002438,2024-02-15T14:20:00,6.21,grocery,credit,AU,73,6,0,5.5,0
TXN002439,2024-09-25T13:20:00,37.96,grocery,digital_wallet,DE,32,13,1,1.2,0
TXN002440,2024-05-27T20:53:00,20.14,grocery,digital_wallet,FR,69,5,0,0.9,0
TXN002441,2024-04-12T07:14:00,69.8,healthcare,digital_wallet,CA,77,9,0,21.8,0
TXN002442,2024-05-03T15:41:00,5.19,online,debit,US,23,17,0,2.0,0
TXN002443,2024-04-18T05:18:00,60.78,travel,debit,DE,72,10,1,1.7,0
TXN002444,2024-08-18T02:43:00,9983.26,retail,debit,US,76,21,0,15.1,1
TXN002445,2024-10-02T04:43:00,443.57,retail,credit,AU,44,5,0,11.4,0
TXN002446,2024-01-11T20:16:00,47.44,retail,digital_wallet,CA,40,11,1,2.1,0
TXN002447,2024-09-20T08:05:00,7.09,restaurant,digital_wallet,FR,65,23,0,5.3,0
TXN002448,2024-09-10T22:29:00,20.94,healthcare,credit,AU,78,21,0,1.0,0
TXN002449,2024-03-22T15:40:00,115.98,grocery,debit,FR,22,21,1,1.1,0
TXN002450,2024-01-16T01:37:00,1751.14,retail,debit,JP,79,3,0,20.3,0
TXN002451,2024-02-18T14:43:00,126.14,healthcare,digital_wallet,AU,69,12,0,1.1,0
TXN002452,2024-11-11T00:04:00,111.87,grocery,credit,JP,62,13,0,14.1,0
TXN002453,2024-12-12T01:51:00,82.84,travel,debit,JP,21,14,0,6.8,0
TXN002454,2024-06-28T00:48:00,20.26,grocery,debit,US,67,14,0,4.0,0
TXN002455,2024-11-13T23:33:00,72.25,restaurant,debit,DE,76,12,0,3.0,0
TXN002456,2024-10-08T12:22:00,130.65,grocery,credit,JP,48,21,0,25.7,0
TXN002457,2024-11-05T22:43:00,29.65,retail,debit,DE,70,21,1,5.7,0
TXN002458,2024-06-06T00:57:00,35.24,travel,digital_wallet,DE,59,15,1,49.8,0
TXN002459,2024-07-26T04:05:00,45.93,grocery,credit,CA,41,13,0,1.0,0
TXN002460,2024-05-15T00:44:00,30.7,restaurant,credit,JP,49,6,1,1.6,0
TXN002461,2024-02-08T10:01:00,18.12,healthcare,debit,DE,60,23,0,42.9,0
TXN002462,2024-03-18T04:49:00,5.11,grocery,debit,US,43,14,0,0.5,0
TXN002463,2024-11-04T02:42:00,6.6,healthcare,credit,JP,56,20,0,2.5,0
TXN002464,2024-06-20T05:47:00,19.93,grocery,debit,DE,38,11,0,5.4,0
TXN002465,2024-01-08T02:14:00,6.24,restaurant,digital_wallet,AU,78,4,0,20.8,0
TXN002466,2024-09-11T23:07:00,76.69,retail,credit,US,42,8,0,0.7,0
TXN002467,2024-05-20T12:12:00,774.23,retail,credit,JP,50,12,0,8.1,0
TXN002468,2024-05-12T05:35:00,514.0,grocery,digital_wallet,FR,80,10,0,3.0,0
TXN002469,2024-04-20T21:47:00,41.35,grocery,debit,FR,20,22,0,16.2,0
TXN002470,2024-11-09T12:15:00,17.0,online,debit,DE,27,14,0,1.5,0
TXN002471,2024-09-13T16:13:00,3.98,grocery,digital_wallet,JP,50,11,0,4.7,0
TXN002472,2024-02-03T19:52:00,35.63,grocery,credit,JP,30,14,0,33.2,0
TXN002473,2024-01-06T23:41:00,100.85,grocery,credit,FR,46,16,0,3.3,0
TXN002474,2024-10-23T13:42:00,247.99,online,credit,UK,63,6,0,3.2,0
TXN002475,2024-10-07T00:49:00,114.46,restaurant,credit,CA,51,9,0,1.4,0
TXN002476,2024-10-08T17:14:00,9.87,grocery,credit,CA,56,23,1,6.4,0
TXN002477,2024-01-23T20:28:00,112.56,restaurant,digital_wallet,CA,74,20,0,3.6,0
TXN002478,2024-10-16T15:54:00,145.62,restaurant,digital_wallet,AU,48,2,1,13.1,0
TXN002479,2024-08-23T18:48:00,267.0,travel,digital_wallet,US,29,13,0,19.0,0
TXN002480,2024-03-20T15:51:00,6155.31,healthcare,credit,DE,77,21,0,7.4,0
TXN002481,2024-05-17T12:26:00,4.36,restaurant,digital_wallet,FR,51,2,0,4.0,0
TXN002482,2024-07-27T19:09:00,315.39,retail,credit,FR,76,22,1,8.9,0
TXN002483,2024-09-07T21:40:00,4.03,online,debit,DE,38,10,0,5.9,0
TXN002484,2024-07-17T07:50:00,708.88,restaurant,credit,JP,64,18,1,4.4,0
TXN002485,2024-01-19T02:40:00,5.36,healthcare,digital_wallet,DE,59,11,0,2.3,0
TXN002486,2024-11-24T18:47:00,49.68,restaurant,credit,JP,51,5,0,18.4,0
TXN002487,2024-11-03T22:20:00,501.15,healthcare,debit,JP,40,18,1,8.4,0
TXN002488,2024-06-21T05:58:00,286.47,grocery,credit,DE,57,0,1,1.4,0
TXN002489,2024-01-08T02:26:00,118.41,online,credit,FR,44,3,0,9.1,0
TXN002490,2024-09-11T17:34:00,48.89,online,digital_wallet,DE,22,11,0,44.9,0
TXN002491,2024-06-20T10:20:00,136.24,grocery,credit,DE,45,10,0,11.7,0
TXN002492,2024-10-15T18:57:00,95.41,healthcare,credit,JP,42,16,0,47.6,0
TXN002493,2024-08-09T12:18:00,43.75,restaurant,digital_wallet,AU,19,15,1,7.8,0
TXN002494,2024-07-09T15:29:00,21.82,grocery,digital_wallet,DE,80,2,0,2.6,0
TXN002495,2024-08-12T12:42:00,6.18,restaurant,debit,CA,79,4,0,29.2,0
TXN002496,2024-11-27T16:58:00,366.85,online,digital_wallet,DE,35,15,1,17.2,0
TXN002497,2024-08-03T23:15:00,21.18,online,digital_wallet,AU,56,2,0,3.9,0
TXN002498,2024-06-23T07:06:00,92.89,retail,digital_wallet,JP,49,1,0,27.9,0
TXN002499,2024-02-16T17:03:00,128.65,grocery,credit,UK,31,16,1,9.3,0
TXN002500,2024-09-03T03:28:00,40.64,travel,credit,DE,75,4,1,8.9,0
TXN002501,2024-01-05T09:57:00,91.91,retail,credit,UK,58,16,0,15.1,0
TXN002502,2024-02-05T13:47:00,12.8,retail,credit,AU,70,6,0,6.6,0
TXN002503,2024-12-15T18:10:00,19.6,restaurant,credit,JP,55,7,0,16.6,0
TXN002504,2024-06-26T17:04:00,893.41,grocery,digital_wallet,US,45,20,0,13.1,0
TXN002505,2024-11-26T07:53:00,42868.39,healthcare,digital_wallet,UK,28,1,1,6.4,1
TXN002506,2024-03-24T02:40:00,187.11,grocery,debit,DE,63,6,1,7.6,0
TXN002507,2024-06-09T00:38:00,55.61,travel,credit,DE,24,10,1,0.7,0
TXN002508,2024-11-04T00:29:00,1118.65,healthcare,debit,US,54,21,0,1.4,0
TXN002509,2024-01-15T11:09:00,33.88,online,debit,JP,58,12,1,0.6,0
TXN002510,2024-03-16T08:40:00,28.48,online,debit,CA,54,2,0,7.4,0
TXN002511,2024-07-04T22:59:00,38.03,healthcare,digital_wallet,UK,75,16,1,3.1,0
TXN002512,2024-09-18T12:57:00,29.86,restaurant,digital_wallet,US,23,5,1,16.7,0
TXN002513,2024-06-06T21:03:00,166.81,retail,debit,JP,76,9,0,6.1,0
TXN002514,2024-12-22T08:46:00,20.93,travel,debit,JP,72,13,0,14.7,0
TXN002515,2024-05-16T13:53:00,155.45,travel,credit,DE,26,13,0,15.0,0
TXN002516,2024-04-12T17:37:00,17.85,restaurant,digital_wallet,FR,80,19,1,1.6,0
TXN002517,2024-01-09T06:53:00,114.42,online,digital_wallet,JP,54,9,1,5.8,0
TXN002518,2024-07-16T08:40:00,58.47,retail,digital_wallet,CA,67,21,1,2.9,0
TXN002519,2024-03-28T11:48:00,17.34,travel,digital_wallet,US,65,11,0,5.6,0
TXN002520,2024-04-20T15:10:00,12.63,retail,debit,UK,60,19,1,0.2,0
TXN002521,2024-12-05T10:34:00,5.43,restaurant,debit,UK,69,8,0,0.5,0
TXN002522,2024-06-02T19:06:00,176.99,restaurant,credit,AU,52,4,1,0.8,0
TXN002523,2024-05-13T10:17:00,10.0,restaurant,credit,DE,56,11,0,5.8,0
TXN002524,2024-07-09T18:20:00,184.32,healthcare,credit,US,76,17,0,15.8,0
TXN002525,2024-08-13T06:29:00,2072.41,travel,debit,CA,50,14,1,4.3,0
TXN002526,2024-08-26T20:01:00,47.94,travel,credit,FR,31,12,1,20.6,0
TXN002527,2024-06-08T19:29:00,35.74,restaurant,debit,DE,57,23,0,16.0,0
TXN002528,2024-08-06T12:05:00,70.26,travel,debit,DE,55,15,0,1.0,0
TXN002529,2024-08-02T14:45:00,147.94,healthcare,credit,AU,22,11,1,5.2,0
TXN002530,2024-01-18T18:08:00,40114.09,retail,credit,DE,70,15,0,7.9,1
TXN002531,2024-08-03T22:56:00,7.25,healthcare,digital_wallet,UK,32,17,0,8.6,0
TXN002532,2024-11-19T01:21:00,8.27,healthcare,digital_wallet,US,80,11,1,21.9,0
TXN002533,2024-08-09T21:10:00,42.7,grocery,debit,JP,26,4,0,4.0,0
TXN002534,2024-02-18T21:59:00,5.11,grocery,credit,CA,36,23,0,1.6,0
TXN002535,2024-02-25T18:25:00,40.57,retail,credit,AU,40,19,0,16.2,0
TXN002536,2024-06-13T06:44:00,74.46,online,debit,CA,20,13,0,3.3,0
TXN002537,2024-06-27T02:19:00,19.57,online,digital_wallet,UK,56,16,0,4.0,0
TXN002538,2024-04-24T08:19:00,275.0,healthcare,digital_wallet,US,29,10,0,9.6,0
TXN002539,2024-11-13T08:41:00,202.68,grocery,credit,JP,66,10,0,18.1,0
TXN002540,2024-09-23T10:43:00,19.37,travel,debit,US,53,2,1,3.9,0
TXN002541,2024-12-22T09:12:00,54.31,travel,credit,JP,35,11,0,1.4,0
TXN002542,2024-02-28T21:26:00,12.28,restaurant,debit,UK,32,18,0,11.5,0
TXN002543,2024-03-11T06:41:00,34.38,grocery,credit,AU,37,0,1,15.6,0
TXN002544,2024-09-16T04:39:00,48.84,restaurant,debit,JP,45,2,0,2.7,0
TXN002545,2024-09-13T09:08:00,214.79,restaurant,credit,US,26,19,0,8.6,0
TXN002546,2024-11-27T19:45:00,13.99,healthcare,debit,UK,24,12,0,6.1,0
TXN002547,2024-12-10T12:29:00,43.7,healthcare,digital_wallet,FR,39,11,0,2.3,0
TXN002548,2024-04-05T07:24:00,209.79,retail,credit,AU,21,20,0,20.3,0
TXN002549,2024-07-09T15:30:00,30.35,restaurant,digital_wallet,US,69,3,0,19.5,0
TXN002550,2024-09-04T21:06:00,251.82,travel,digital_wallet,FR,50,19,0,5.6,0
TXN002551,2024-02-18T12:08:00,73.5,healthcare,debit,UK,23,6,0,6.0,0
TXN002552,2024-08-04T10:44:00,21.44,grocery,digital_wallet,US,68,19,1,0.9,0
TXN002553,2024-05-21T08:11:00,96.5,restaurant,digital_wallet,FR,78,19,0,14.0,0
TXN002554,2024-06-10T15:03:00,36.15,healthcare,digital_wallet,DE,77,14,0,20.5,0
TXN002555,2024-02-21T02:53:00,70.82,grocery,debit,UK,47,23,0,5.1,0
TXN002556,2024-12-20T12:44:00,69.27,travel,digital_wallet,AU,73,17,1,7.5,0
TXN002557,2024-07-08T04:39:00,10.94,restaurant,digital_wallet,FR,18,10,0,7.5,0
TXN002558,2024-03-24T05:17:00,3.38,restaurant,digital_wallet,JP,57,16,1,37.9,0
TXN002559,2024-09-24T09:29:00,86.68,restaurant,credit,DE,27,0,0,1.8,0
TXN002560,2024-05-23T12:53:00,14.13,restaurant,debit,FR,58,18,0,3.1,0
TXN002561,2024-09-19T11:21:00,30.59,restaurant,digital_wallet,AU,51,7,1,2.0,0
TXN002562,2024-05-03T15:34:00,32.96,travel,credit,US,41,23,1,8.6,0
TXN002563,2024-03-18T17:24:00,48.7,travel,digital_wallet,AU,37,11,0,12.7,0
TXN002564,2024-10-24T17:01:00,130.76,grocery,digital_wallet,CA,73,17,0,2.2,0
TXN002565,2024-01-02T20:30:00,17.66,restaurant,credit,UK,46,16,0,6.8,0
TXN002566,2024-12-22T16:50:00,93.48,grocery,debit,AU,49,7,0,2.8,0
TXN002567,2024-02-18T01:47:00,552.94,retail,digital_wallet,CA,51,15,0,1.3,0
TXN002568,2024-03-02T16:42:00,969.65,restaurant,debit,FR,65,2,0,19.6,0
TXN002569,2024-09-01T16:58:00,11.3,retail,digital_wallet,CA,18,10,0,0.2,0
TXN002570,2024-05-21T16:46:00,58.45,travel,digital_wallet,JP,64,4,0,2.2,0
TXN002571,2024-07-13T21:26:00,138.45,retail,debit,UK,25,9,1,7.2,0
TXN002572,2024-09-20T13:24:00,11134.46,online,debit,DE,61,13,0,2.6,0
TXN002573,2024-09-06T18:14:00,40.25,healthcare,credit,DE,68,4,0,29.6,0
TXN002574,2024-12-24T11:39:00,523.94,online,digital_wallet,DE,26,14,0,8.6,0
TXN002575,2024-10-12T08:11:00,1922.25,travel,credit,FR,50,16,0,2.7,0
TXN002576,2024-06-22T11:01:00,89.57,travel,credit,UK,68,6,1,10.1,0
TXN002577,2024-05-19T20:56:00,2.61,restaurant,digital_wallet,US,20,9,1,4.4,0
TXN002578,2024-12-14T20:41:00,23.84,restaurant,digital_wallet,UK,28,16,0,7.9,0
TXN002579,2024-12-10T16:49:00,27.54,retail,credit,UK,38,4,0,5.4,0
TXN002580,2024-02-04T17:04:00,93.4,healthcare,debit,DE,53,12,0,4.0,0
TXN002581,2024-05-08T19:39:00,6.75,online,credit,FR,31,10,0,5.7,0
TXN002582,2024-05-03T22:45:00,684.32,healthcare,digital_wallet,DE,54,22,1,2.1,0
TXN002583,2024-04-22T17:33:00,390.35,travel,digital_wallet,DE,72,1,0,0.6,0
TXN002584,2024-03-28T02:31:00,1559.02,online,debit,AU,61,13,0,45.4,0
TXN002585,2024-10-15T00:48:00,15.92,online,credit,CA,42,23,0,0.5,0
TXN002586,2024-10-01T09:39:00,27.79,grocery,debit,FR,60,3,0,1.7,0
TXN002587,2024-10-15T03:57:00,103.77,retail,digital_wallet,DE,47,22,0,8.9,0
TXN002588,2024-02-08T15:05:00,5.03,grocery,digital_wallet,AU,25,1,0,3.9,0
TXN002589,2024-10-26T17:30:00,15.01,grocery,credit,US,50,10,0,11.3,0
TXN002590,2024-07-11T21:53:00,315.77,healthcare,debit,CA,23,4,0,0.9,0
TXN002591,2024-10-11T15:32:00,33.14,retail,debit,AU,24,7,0,6.4,0
TXN002592,2024-02-24T04:47:00,9615.42,grocery,credit,CA,55,9,1,44.5,0
TXN002593,2024-10-22T00:03:00,91.7,retail,debit,JP,29,21,0,5.2,0
TXN002594,2024-12-03T14:17:00,36.13,grocery,debit,AU,66,10,0,4.2,0
TXN002595,2024-04-05T05:59:00,9.99,online,digital_wallet,US,62,10,0,7.0,0
TXN002596,2024-04-08T04:38:00,6.25,retail,digital_wallet,JP,77,4,0,8.2,0
TXN002597,2024-06-11T03:38:00,57.05,restaurant,debit,US,72,18,0,43.6,0
TXN002598,2024-08-19T10:06:00,351.05,online,credit,CA,57,5,0,4.6,0
TXN002599,2024-01-20T10:20:00,103.38,healthcare,credit,UK,77,23,0,9.4,0
TXN002600,2024-04-14T04:42:00,78.31,online,credit,DE,23,20,0,0.8,0
TXN002601,2024-11-13T09:01:00,9.9,online,debit,US,61,6,1,37.0,0
TXN002602,2024-08-23T09:13:00,141.42,retail,credit,AU,72,2,1,10.7,0
TXN002603,2024-04-21T14:14:00,44716.59,travel,credit,DE,59,16,1,2.0,1
TXN002604,2024-03-21T03:01:00,46.88,healthcare,credit,CA,57,6,0,0.3,0
TXN002605,2024-07-27T13:00:00,162.48,online,debit,AU,49,21,1,7.5,0
TXN002606,2024-07-04T01:22:00,6.94,travel,digital_wallet,AU,58,0,1,0.2,0
TXN002607,2024-02-20T08:26:00,69.55,online,digital_wallet,DE,68,10,1,2.3,0
TXN002608,2024-12-06T10:08:00,243.56,online,debit,FR,74,15,1,0.8,0
TXN002609,2024-05-16T06:17:00,35.87,retail,credit,CA,75,3,0,2.7,0
TXN002610,2024-12-08T06:23:00,72.29,retail,digital_wallet,JP,23,18,0,8.1,0
TXN002611,2024-01-08T10:48:00,7.06,travel,credit,CA,41,6,0,4.0,0
TXN002612,2024-02-28T01:17:00,1789.82,retail,digital_wallet,AU,80,14,0,17.9,0
TXN002613,2024-11-12T11:12:00,1154.05,restaurant,digital_wallet,US,52,21,0,15.6,0
TXN002614,2024-01-25T03:10:00,102.49,retail,digital_wallet,US,79,13,1,20.8,0
TXN002615,2024-05-13T10:55:00,753.24,retail,digital_wallet,FR,52,12,0,8.7,0
TXN002616,2024-10-07T08:37:00,57.68,healthcare,credit,US,57,14,0,1.5,0
TXN002617,2024-05-19T06:20:00,76.45,grocery,credit,UK,75,17,1,5.6,0
TXN002618,2024-08-26T06:28:00,9.01,online,digital_wallet,UK,40,9,0,2.9,0
TXN002619,2024-11-01T09:38:00,38.49,grocery,credit,CA,25,4,0,0.5,0
TXN002620,2024-08-17T07:07:00,812.24,online,digital_wallet,DE,54,21,1,2.8,0
TXN002621,2024-06-17T04:46:00,155.66,restaurant,digital_wallet,FR,20,13,0,20.6,0
TXN002622,2024-07-05T04:06:00,15.36,retail,digital_wallet,AU,65,9,1,8.9,0
TXN002623,2024-03-01T00:43:00,307.5,online,digital_wallet,AU,42,16,0,14.3,0
TXN002624,2024-06-28T10:04:00,25.71,travel,digital_wallet,UK,26,2,0,5.5,0
TXN002625,2024-06-02T06:10:00,40.35,retail,credit,DE,29,15,1,0.4,0
TXN002626,2024-11-26T19:57:00,74.32,healthcare,digital_wallet,FR,49,19,1,7.7,0
TXN002627,2024-01-06T10:26:00,7.84,restaurant,debit,UK,32,22,0,5.1,0
TXN002628,2024-06-26T10:33:00,6.77,grocery,debit,CA,62,4,0,32.3,0
TXN002629,2024-07-08T23:19:00,19.47,retail,digital_wallet,JP,49,23,0,2.0,0
TXN002630,2024-05-09T06:03:00,99.16,grocery,debit,AU,30,17,0,5.4,0
TXN002631,2024-07-10T07:49:00,178.54,travel,credit,CA,49,9,0,3.3,0
TXN002632,2024-11-07T07:27:00,85.34,healthcare,debit,JP,59,2,0,9.3,0
TXN002633,2024-01-03T21:02:00,47.12,online,credit,US,29,17,0,51.1,0
TXN002634,2024-08-17T23:06:00,34.02,online,digital_wallet,DE,36,14,1,22.5,0
TXN002635,2024-06-24T12:33:00,17.7,online,debit,UK,30,4,0,1.4,0
TXN002636,2024-05-11T12:51:00,22.36,travel,debit,UK,67,11,0,37.7,0
TXN002637,2024-12-22T22:04:00,11.58,grocery,digital_wallet,AU,69,14,1,2.0,0
TXN002638,2024-02-27T11:09:00,49.66,grocery,digital_wallet,AU,56,9,1,11.7,0
TXN002639,2024-03-04T16:58:00,12.36,grocery,credit,CA,79,6,1,7.8,0
TXN002640,2024-07-11T23:34:00,32.63,travel,digital_wallet,JP,78,12,0,27.5,0
TXN002641,2024-02-04T08:10:00,6.03,online,debit,DE,77,19,0,5.7,0
TXN002642,2024-11-23T05:18:00,14.22,travel,credit,JP,66,21,1,1.6,0
TXN002643,2024-06-16T08:17:00,62.25,restaurant,credit,CA,54,2,0,13.2,0
TXN002644,2024-08-12T11:58:00,249.0,grocery,debit,CA,68,2,0,16.2,0
TXN002645,2024-05-05T14:33:00,229.91,retail,digital_wallet,US,54,5,0,4.6,0
TXN002646,2024-04-23T08:56:00,4.87,healthcare,digital_wallet,FR,54,14,1,8.3,0
TXN002647,2024-06-27T09:08:00,19.98,grocery,credit,CA,67,18,1,4.3,0
TXN002648,2024-06-12T00:41:00,49.27,travel,debit,CA,31,4,0,38.8,0
TXN002649,2024-10-10T23:09:00,3.49,grocery,digital_wallet,FR,64,13,1,6.3,0
TXN002650,2024-05-28T02:13:00,137.63,healthcare,digital_wallet,AU,23,23,0,8.8,0
TXN002651,2024-05-14T19:04:00,69.56,travel,debit,DE,30,21,0,38.9,0
TXN002652,2024-03-12T16:19:00,8.0,restaurant,digital_wallet,US,68,5,1,1.4,0
TXN002653,2024-10-25T19:06:00,26.83,online,credit,CA,73,9,1,23.5,0
TXN002654,2024-03-06T23:19:00,402.12,travel,credit,JP,18,9,0,9.0,0
TXN002655,2024-06-02T23:18:00,62.99,healthcare,digital_wallet,DE,60,17,1,3.1,0
TXN002656,2024-04-20T17:20:00,395.14,online,digital_wallet,JP,56,8,1,26.7,0
TXN002657,2024-10-25T03:45:00,13.61,grocery,credit,DE,40,7,0,7.7,0
TXN002658,2024-03-18T19:31:00,24.65,online,debit,FR,57,22,0,1.0,0
TXN002659,2024-05-15T20:00:00,20.75,restaurant,debit,AU,22,9,1,3.7,0
TXN002660,2024-06-14T03:36:00,2109.93,online,debit,DE,39,11,0,2.9,0
TXN002661,2024-01-20T03:17:00,31.67,restaurant,credit,US,52,14,0,4.0,0
TXN002662,2024-12-09T06:19:00,13.3,online,credit,JP,79,13,0,17.9,0
TXN002663,2024-07-02T03:31:00,33.18,online,digital_wallet,CA,18,15,0,3.0,0
TXN002664,2024-08-08T19:35:00,226.02,retail,credit,AU,75,13,0,7.7,0
TXN002665,2024-12-13T23:08:00,4.68,travel,credit,DE,34,0,0,1.1,0
TXN002666,2024-07-12T03:51:00,27.02,travel,digital_wallet,UK,64,4,0,14.5,0
TXN002667,2024-07-19T12:01:00,40.41,retail,digital_wallet,AU,55,20,0,28.7,0
TXN002668,2024-10-25T21:18:00,34.82,grocery,digital_wallet,CA,30,23,1,12.1,0
TXN002669,2024-04-03T19:21:00,631.23,restaurant,credit,FR,76,21,1,1.1,0
TXN002670,2024-11-14T10:32:00,3.63,grocery,digital_wallet,AU,46,3,0,9.0,0
TXN002671,2024-04-02T08:59:00,41.84,restaurant,credit,US,35,3,0,8.4,0
TXN002672,2024-01-13T10:09:00,17.63,online,debit,CA,54,15,0,0.5,0
TXN002673,2024-01-03T15:54:00,174.7,grocery,debit,AU,67,13,0,12.2,0
TXN002674,2024-02-02T05:53:00,202.05,healthcare,digital_wallet,CA,44,6,1,1.1,0
TXN002675,2024-09-02T20:07:00,14.09,travel,digital_wallet,CA,22,13,0,11.0,0
TXN002676,2024-03-02T11:40:00,31.11,travel,credit,AU,51,0,1,6.5,0
TXN002677,2024-01-09T09:32:00,202.33,healthcare,credit,FR,67,8,0,17.0,0
TXN002678,2024-09-25T20:35:00,12.15,grocery,debit,CA,46,17,1,0.6,0
TXN002679,2024-05-14T11:44:00,21.64,travel,debit,CA,66,22,1,9.3,0
TXN002680,2024-07-23T05:34:00,1276.32,travel,debit,JP,26,10,1,6.4,0
TXN002681,2024-11-22T19:03:00,7.56,healthcare,digital_wallet,AU,43,1,1,16.7,0
TXN002682,2024-08-02T02:05:00,29.21,travel,digital_wallet,FR,68,14,1,0.3,0
TXN002683,2024-05-02T17:16:00,8.65,restaurant,debit,CA,39,10,1,12.4,0
TXN002684,2024-02-17T14:57:00,276.53,retail,credit,DE,31,3,1,3.5,0
TXN002685,2024-09-04T01:58:00,144.9,healthcare,credit,JP,37,1,1,9.8,0
TXN002686,2024-03-09T12:49:00,153.53,travel,credit,US,30,1,1,2.1,0
TXN002687,2024-11-23T15:16:00,23.26,grocery,credit,UK,69,20,0,7.3,0
TXN002688,2024-11-14T08:08:00,26.67,grocery,credit,FR,78,11,1,4.8,0
TXN002689,2024-12-10T23:00:00,29.36,retail,digital_wallet,AU,38,8,0,4.3,0
TXN002690,2024-12-15T02:30:00,318.64,healthcare,debit,JP,80,23,1,47.1,0
TXN002691,2024-06-13T22:37:00,27.94,online,digital_wallet,US,39,23,0,13.5,0
TXN002692,2024-09-13T20:29:00,135.61,healthcare,digital_wallet,CA,78,1,1,1.8,0
TXN002693,2024-02-06T02:34:00,27.88,restaurant,credit,FR,57,20,0,2.2,0
TXN002694,2024-12-03T05:32:00,45.9,grocery,debit,FR,65,1,0,3.5,0
TXN002695,2024-01-17T16:07:00,24.0,travel,debit,DE,62,21,0,3.5,0
TXN002696,2024-06-20T17:16:00,80.05,grocery,credit,DE,43,17,0,0.5,0
TXN002697,2024-07-24T12:42:00,471.89,online,debit,JP,32,5,1,4.9,0
TXN002698,2024-03-16T10:14:00,21486.19,travel,credit,DE,67,7,0,8.6,1
TXN002699,2024-11-19T13:40:00,33.42,travel,credit,DE,63,2,0,0.1,0
TXN002700,2024-01-13T12:45:00,390.16,grocery,debit,UK,50,15,0,14.9,0
TXN002701,2024-11-21T00:19:00,31.94,retail,credit,FR,44,9,0,0.8,0
TXN002702,2024-03-11T12:08:00,32.74,grocery,digital_wallet,US,79,19,1,3.6,0
TXN002703,2024-05-22T08:08:00,172.98,travel,digital_wallet,UK,49,12,0,0.7,0
TXN002704,2024-01-21T18:43:00,5.08,healthcare,credit,FR,64,0,1,5.1,0
TXN002705,2024-04-08T02:12:00,158.3,restaurant,credit,AU,71,10,0,6.0,0
TXN002706,2024-01-19T23:18:00,306.73,healthcare,credit,FR,68,9,0,9.4,0
TXN002707,2024-11-13T09:18:00,15.95,healthcare,digital_wallet,JP,32,17,0,2.6,0
TXN002708,2024-12-27T19:11:00,15.01,retail,credit,FR,24,15,0,5.1,0
TXN002709,2024-09-06T06:57:00,9.76,travel,digital_wallet,UK,36,7,1,37.3,0
TXN002710,2024-10-07T23:58:00,82.12,restaurant,digital_wallet,FR,76,7,0,16.3,0
TXN002711,2024-09-15T22:43:00,14.72,healthcare,credit,US,34,0,0,2.7,0
TXN002712,2024-01-19T23:54:00,506.54,online,credit,UK,62,3,0,3.1,0
TXN002713,2024-10-20T13:02:00,93.91,grocery,debit,US,55,9,0,5.9,0
TXN002714,2024-07-14T21:43:00,2.17,healthcare,debit,FR,25,21,1,10.0,0
TXN002715,2024-11-12T13:36:00,96.68,healthcare,debit,CA,76,15,1,15.5,0
TXN002716,2024-11-17T00:03:00,58.72,grocery,debit,CA,79,22,0,29.2,0
TXN002717,2024-10-08T14:38:00,19.17,online,debit,US,70,16,0,11.7,0
TXN002718,2024-05-20T01:38:00,60.03,healthcare,credit,JP,40,18,0,1.7,0
TXN002719,2024-03-27T12:41:00,35.87,restaurant,digital_wallet,DE,78,6,0,19.0,0
TXN002720,2024-05-16T20:45:00,20.59,restaurant,debit,CA,43,20,1,74.6,0
TXN002721,2024-06-07T08:31:00,41.69,grocery,debit,CA,37,9,0,0.8,0
TXN002722,2024-01-28T13:46:00,218.27,grocery,digital_wallet,FR,21,9,0,6.3,0
TXN002723,2024-04-23T20:50:00,60.83,retail,debit,UK,65,10,0,0.3,0
TXN002724,2024-12-25T15:34:00,258.67,restaurant,digital_wallet,AU,28,3,0,5.9,0
TXN002725,2024-02-19T06:03:00,101.52,retail,digital_wallet,US,43,14,0,33.7,0
TXN002726,2024-12-26T12:57:00,239.37,online,debit,UK,36,18,0,9.2,0
TXN002727,2024-02-13T21:37:00,53.6,healthcare,debit,AU,73,15,0,7.7,0
TXN002728,2024-12-22T19:52:00,373.21,online,debit,AU,71,14,0,6.4,0
TXN002729,2024-04-13T23:28:00,124.91,restaurant,debit,UK,30,7,1,3.4,0
TXN002730,2024-12-16T03:05:00,100.48,travel,debit,US,18,0,1,17.7,0
TXN002731,2024-09-16T06:02:00,6.44,travel,debit,CA,58,20,0,27.2,0
TXN002732,2024-06-06T16:24:00,249.07,retail,credit,CA,53,9,0,13.5,0
TXN002733,2024-11-12T22:06:00,71.57,online,credit,US,23,6,0,2.7,0
TXN002734,2024-04-04T07:00:00,86.62,travel,debit,DE,56,5,0,9.3,0
TXN002735,2024-03-01T04:34:00,43.59,restaurant,debit,US,25,10,0,0.0,0
TXN002736,2024-10-15T06:54:00,18.45,online,debit,AU,27,0,0,12.5,0
TXN002737,2024-08-14T22:05:00,18.38,restaurant,digital_wallet,DE,32,10,1,10.7,0
TXN002738,2024-06-14T16:18:00,87.34,healthcare,digital_wallet,JP,75,5,0,23.8,0
TXN002739,2024-06-12T11:21:00,72.06,restaurant,debit,CA,30,18,0,19.3,0
TXN002740,2024-04-06T22:24:00,360.7,retail,credit,FR,60,2,0,2.1,0
TXN002741,2024-01-05T10:12:00,32.84,travel,debit,AU,59,13,0,13.0,0
TXN002742,2024-01-24T20:58:00,326.15,travel,digital_wallet,CA,76,6,0,15.3,0
TXN002743,2024-09-24T20:44:00,15.88,retail,credit,DE,21,16,0,1.3,0
TXN002744,2024-08-05T11:32:00,81.88,travel,debit,DE,36,21,0,0.0,0
TXN002745,2024-09-09T20:29:00,203.5,grocery,credit,US,23,16,1,35.1,0
TXN002746,2024-12-24T11:04:00,706.68,retail,digital_wallet,AU,31,0,0,8.8,0
TXN002747,2024-09-16T12:54:00,62.06,healthcare,credit,CA,41,7,0,0.5,0
TXN002748,2024-11-02T08:09:00,1.68,retail,digital_wallet,AU,43,2,0,8.1,0
TXN002749,2024-07-02T05:24:00,58.83,travel,debit,DE,32,13,0,5.2,0
TXN002750,2024-09-09T21:56:00,19.18,restaurant,credit,DE,27,12,0,16.6,0
TXN002751,2024-02-07T20:26:00,5264.97,retail,debit,AU,52,16,1,11.2,1
TXN002752,2024-11-14T07:02:00,115.58,travel,digital_wallet,CA,46,22,0,0.7,0
TXN002753,2024-01-11T10:53:00,4.55,restaurant,credit,DE,20,6,0,0.2,0
TXN002754,2024-12-02T23:15:00,0.66,healthcare,credit,AU,62,10,1,2.1,0
TXN002755,2024-05-08T06:51:00,34.3,online,debit,US,21,3,0,25.5,0
TXN002756,2024-05-17T02:54:00,107.67,restaurant,debit,UK,68,2,1,3.9,0
TXN002757,2024-08-23T22:51:00,28.89,travel,credit,AU,46,22,0,23.0,0
TXN002758,2024-02-06T19:35:00,8.03,healthcare,debit,FR,60,17,0,12.8,0
TXN002759,2024-05-12T18:44:00,74.76,healthcare,digital_wallet,FR,57,19,0,12.6,0
TXN002760,2024-02-10T18:18:00,79.47,healthcare,digital_wallet,AU,78,13,0,0.4,0
TXN002761,2024-05-12T14:31:00,12.98,grocery,digital_wallet,AU,25,20,0,2.4,0
TXN002762,2024-05-18T12:24:00,61.25,restaurant,digital_wallet,AU,62,20,0,7.4,0
TXN002763,2024-06-24T17:20:00,30.42,online,credit,AU,51,8,0,3.5,0
TXN002764,2024-07-14T05:19:00,10.86,restaurant,credit,DE,34,2,0,6.7,0
TXN002765,2024-10-23T05:01:00,90.29,healthcare,debit,DE,50,11,0,1.9,0
TXN002766,2024-04-10T19:34:00,36.5,online,debit,JP,62,6,1,7.8,0
TXN002767,2024-02-08T20:56:00,124.87,travel,debit,AU,46,18,0,0.5,0
TXN002768,2024-11-23T03:01:00,1525.35,retail,credit,FR,37,21,0,5.8,0
TXN002769,2024-12-28T18:56:00,203.04,travel,digital_wallet,UK,57,7,0,34.0,0
TXN002770,2024-02-10T10:38:00,154.81,grocery,credit,UK,68,14,0,7.7,0
TXN002771,2024-05-07T13:54:00,131.74,grocery,debit,FR,42,13,1,9.6,0
TXN002772,2024-04-03T07:57:00,251.68,grocery,digital_wallet,FR,54,16,0,7.6,0
TXN002773,2024-03-26T02:12:00,1388.49,grocery,credit,AU,68,15,1,6.4,0
TXN002774,2024-05-21T05:06:00,9.5,healthcare,credit,US,45,5,0,3.8,0
TXN002775,2024-02-25T17:11:00,126.1,restaurant,debit,US,62,1,0,11.9,0
TXN002776,2024-05-22T18:07:00,806.95,retail,credit,UK,62,15,0,2.6,0
TXN002777,2024-06-08T23:14:00,22.02,retail,credit,US,31,6,1,8.6,0
TXN002778,2024-07-22T05:21:00,178.21,retail,debit,US,50,0,1,3.9,0
TXN002779,2024-09-20T07:43:00,101.59,healthcare,digital_wallet,FR,31,3,0,18.7,0
TXN002780,2024-12-09T16:31:00,4.68,retail,credit,AU,22,2,0,6.7,0
TXN002781,2024-05-07T22:11:00,127.62,online,debit,AU,35,22,0,2.4,0
TXN002782,2024-02-07T08:11:00,397.59,travel,debit,AU,29,23,1,2.0,0
TXN002783,2024-07-20T19:43:00,8.04,travel,credit,US,32,21,0,6.0,0
TXN002784,2024-03-23T22:45:00,22.49,restaurant,digital_wallet,CA,65,17,0,28.3,0
TXN002785,2024-04-24T08:28:00,174.1,retail,digital_wallet,AU,28,16,0,0.0,0
TXN002786,2024-03-27T01:21:00,28.78,restaurant,credit,UK,45,11,0,21.8,0
TXN002787,2024-01-16T18:46:00,6.47,online,debit,AU,52,14,0,2.2,0
TXN002788,2024-02-23T07:59:00,173.52,travel,digital_wallet,AU,37,2,0,3.1,0
TXN002789,2024-07-17T12:50:00,73.51,healthcare,digital_wallet,CA,41,15,1,20.8,0
TXN002790,2024-07-03T09:40:00,46.94,grocery,debit,CA,20,7,0,1.7,0
TXN002791,2024-03-23T00:24:00,46.45,grocery,credit,AU,62,11,0,1.6,0
TXN002792,2024-06-17T09:23:00,10.32,online,debit,DE,31,15,0,30.8,0
TXN002793,2024-08-25T17:33:00,108.05,online,credit,DE,67,14,0,14.7,0
TXN002794,2024-03-24T22:29:00,74.71,retail,digital_wallet,DE,44,16,0,6.5,0
TXN002795,2024-12-01T23:48:00,123.71,restaurant,credit,FR,42,2,1,17.1,0
TXN002796,2024-11-17T05:23:00,22.36,grocery,credit,US,30,20,0,6.0,0
TXN002797,2024-05-01T18:01:00,13.77,restaurant,debit,UK,53,20,1,1.3,0
TXN002798,2024-01-16T18:40:00,91.73,travel,credit,FR,59,0,0,24.4,0
TXN002799,2024-04-03T13:14:00,16.93,retail,credit,FR,54,23,1,16.7,0
TXN002800,2024-02-17T11:29:00,10.94,healthcare,debit,JP,37,16,1,16.5,0
TXN002801,2024-05-03T04:12:00,2139.51,travel,credit,CA,74,5,0,1.8,0
TXN002802,2024-03-08T13:58:00,475.25,grocery,debit,AU,73,6,0,15.3,0
TXN002803,2024-12-19T05:11:00,26.66,grocery,credit,AU,38,5,0,0.4,0
TXN002804,2024-02-02T08:18:00,47.25,restaurant,digital_wallet,JP,18,19,0,7.2,0
TXN002805,2024-05-09T04:21:00,87.15,travel,debit,JP,27,15,0,7.1,0
TXN002806,2024-12-03T10:37:00,190.58,healthcare,digital_wallet,UK,51,16,0,3.2,0
TXN002807,2024-11-13T05:50:00,36.81,restaurant,digital_wallet,CA,33,20,0,33.3,0
TXN002808,2024-08-14T06:59:00,6.68,retail,credit,JP,26,7,0,6.9,0
TXN002809,2024-08-10T11:13:00,503.61,restaurant,credit,CA,40,7,1,13.2,0
TXN002810,2024-05-18T06:11:00,5.54,grocery,credit,FR,77,12,0,7.0,0
TXN002811,2024-11-03T12:18:00,440.64,travel,credit,AU,44,18,1,12.9,0
TXN002812,2024-03-07T09:15:00,65.2,healthcare,credit,US,52,14,0,18.7,0
TXN002813,2024-07-18T07:22:00,9.52,grocery,credit,FR,72,18,0,5.6,0
TXN002814,2024-05-21T20:20:00,12.4,healthcare,digital_wallet,JP,41,0,0,5.1,0
TXN002815,2024-11-22T23:26:00,8.59,retail,credit,AU,67,12,0,10.5,0
TXN002816,2024-01-27T12:56:00,55.58,restaurant,debit,JP,80,6,0,4.9,0
TXN002817,2024-12-14T09:25:00,13.71,online,digital_wallet,JP,50,15,0,1.5,0
TXN002818,2024-07-25T23:37:00,33.27,healthcare,debit,FR,23,3,0,4.3,0
TXN002819,2024-10-22T22:22:00,75.49,grocery,credit,UK,29,8,0,28.4,0
TXN002820,2024-06-07T06:44:00,1027.18,restaurant,credit,UK,57,23,1,9.1,0
TXN002821,2024-04-18T10:08:00,665.06,retail,debit,US,69,2,0,11.2,0
TXN002822,2024-04-05T07:25:00,35.2,travel,debit,US,64,10,1,3.5,0
TXN002823,2024-05-20T21:52:00,72.82,grocery,digital_wallet,UK,22,1,1,3.2,0
TXN002824,2024-06-23T17:03:00,27.89,retail,digital_wallet,US,55,22,1,16.1,0
TXN002825,2024-06-02T18:02:00,144.3,travel,digital_wallet,DE,25,14,1,10.8,0
TXN002826,2024-05-06T08:42:00,28.06,restaurant,credit,AU,67,12,1,4.0,0
TXN002827,2024-07-12T03:06:00,103.77,healthcare,credit,UK,50,14,1,4.4,0
TXN002828,2024-11-28T02:35:00,31.45,retail,debit,UK,52,21,0,10.0,0
TXN002829,2024-05-24T05:02:00,352.89,healthcare,digital_wallet,US,34,2,0,8.8,0
TXN002830,2024-10-13T07:01:00,36.35,healthcare,debit,DE,43,7,0,9.8,0
TXN002831,2024-08-11T12:48:00,29.17,online,credit,AU,32,21,1,2.1,0
TXN002832,2024-07-02T01:13:00,58.62,retail,credit,FR,29,17,0,3.0,0
TXN002833,2024-02-24T20:32:00,837.26,healthcare,debit,JP,74,22,1,7.6,0
TXN002834,2024-08-07T13:12:00,61.89,online,debit,UK,63,23,0,23.2,0
TXN002835,2024-07-02T07:12:00,1192.8,grocery,debit,US,56,22,0,33.6,0
TXN002836,2024-07-21T21:33:00,202.67,retail,credit,FR,29,7,0,7.8,0
TXN002837,2024-10-27T01:46:00,31.46,online,debit,AU,58,4,0,11.6,0
TXN002838,2024-06-18T10:00:00,50.34,healthcare,credit,UK,42,13,0,2.3,0
TXN002839,2024-11-23T04:42:00,10.57,grocery,debit,CA,33,17,0,0.6,0
TXN002840,2024-02-04T21:28:00,2.68,healthcare,credit,UK,30,23,0,2.1,0
TXN002841,2024-04-16T22:57:00,72.1,grocery,credit,US,49,9,0,6.3,0
TXN002842,2024-10-21T12:51:00,254.46,healthcare,digital_wallet,JP,70,1,0,4.4,0
TXN002843,2024-06-01T21:59:00,89.58,restaurant,digital_wallet,AU,43,17,0,27.9,0
TXN002844,2024-09-28T00:14:00,25.22,retail,digital_wallet,FR,38,4,1,6.2,0
TXN002845,2024-02-12T00:08:00,229.18,online,credit,UK,70,4,1,2.7,0
TXN002846,2024-02-01T17:53:00,4076.63,retail,digital_wallet,CA,50,5,0,21.7,0
TXN002847,2024-09-18T03:58:00,11.4,travel,debit,DE,53,9,0,8.6,0
TXN002848,2024-09-07T14:27:00,260.23,restaurant,debit,AU,41,20,1,6.9,0
TXN002849,2024-12-05T06:54:00,25.0,travel,credit,UK,71,15,1,15.0,0
TXN002850,2024-12-23T11:53:00,229.07,retail,digital_wallet,JP,40,23,1,1.1,0
TXN002851,2024-08-14T16:45:00,75.59,restaurant,credit,CA,18,8,0,4.3,0
TXN002852,2024-02-19T04:36:00,2417.29,restaurant,debit,AU,78,6,1,1.6,0
TXN002853,2024-10-08T01:45:00,17.68,travel,debit,AU,28,2,0,4.3,0
TXN002854,2024-04-20T19:01:00,15.89,grocery,credit,AU,58,21,0,12.9,0
TXN002855,2024-01-15T03:45:00,166.8,travel,digital_wallet,DE,35,13,0,1.8,0
TXN002856,2024-10-05T02:49:00,407.6,online,debit,AU,56,1,1,9.6,0
TXN002857,2024-05-26T20:04:00,156.77,restaurant,digital_wallet,JP,69,9,0,13.2,0
TXN002858,2024-04-21T04:26:00,163.22,restaurant,debit,AU,79,15,1,2.7,0
TXN002859,2024-05-25T08:12:00,133.11,online,debit,AU,70,10,0,12.3,0
TXN002860,2024-07-19T11:40:00,18.76,retail,debit,AU,55,22,0,5.7,0
TXN002861,2024-05-20T20:38:00,11.92,retail,credit,US,43,0,1,0.4,0
TXN002862,2024-07-09T13:01:00,14.03,restaurant,credit,FR,47,15,1,11.6,0
TXN002863,2024-10-23T12:42:00,89.77,online,digital_wallet,FR,70,4,0,16.0,0
TXN002864,2024-04-10T17:53:00,643.47,travel,credit,AU,43,10,1,7.6,0
TXN002865,2024-06-24T03:15:00,47.72,grocery,credit,CA,44,4,0,17.0,0
TXN002866,2024-12-20T19:17:00,181.32,healthcare,debit,US,56,15,1,8.9,0
TXN002867,2024-05-20T10:15:00,21.3,healthcare,credit,US,76,1,0,5.7,0
TXN002868,2024-04-12T19:15:00,220.99,restaurant,credit,DE,49,23,0,3.9,0
TXN002869,2024-02-17T15:52:00,39.86,restaurant,digital_wallet,AU,51,2,1,38.0,0
TXN002870,2024-10-13T08:00:00,8.62,healthcare,digital_wallet,US,43,7,0,4.5,0
TXN002871,2024-09-19T09:18:00,45.01,healthcare,digital_wallet,JP,54,3,1,30.4,0
TXN002872,2024-06-15T10:09:00,34.57,restaurant,debit,US,52,11,0,11.7,0
TXN002873,2024-06-28T20:46:00,67.81,online,credit,AU,62,8,1,3.6,0
TXN002874,2024-04-04T04:12:00,72.19,grocery,credit,UK,24,11,0,1.2,0
TXN002875,2024-04-12T18:08:00,46.07,healthcare,debit,DE,69,17,1,1.6,0
TXN002876,2024-06-19T21:51:00,10.17,healthcare,credit,JP,67,14,0,3.4,0
TXN002877,2024-05-17T15:37:00,79.57,online,debit,CA,41,17,0,6.8,0
TXN002878,2024-11-26T22:05:00,17.97,grocery,debit,CA,48,12,1,4.8,0
TXN002879,2024-10-17T19:02:00,4.62,online,debit,UK,50,20,0,11.7,0
TXN002880,2024-03-14T19:52:00,32.88,healthcare,credit,AU,51,0,0,1.5,0
TXN002881,2024-03-23T09:45:00,6.72,healthcare,digital_wallet,FR,56,9,0,4.7,0
TXN002882,2024-09-11T11:54:00,88.19,online,debit,UK,56,11,1,6.0,0
TXN002883,2024-02-07T06:39:00,232.05,healthcare,debit,UK,45,18,1,1.1,0
TXN002884,2024-12-09T04:04:00,46.54,online,credit,JP,20,17,1,7.4,0
TXN002885,2024-12-22T06:02:00,3.45,healthcare,debit,DE,79,6,0,1.6,0
TXN002886,2024-08-13T11:10:00,225.72,healthcare,debit,UK,72,16,0,5.5,0
TXN002887,2024-07-07T02:23:00,452.78,restaurant,digital_wallet,AU,54,4,0,0.3,0
TXN002888,2024-12-15T18:07:00,5.07,retail,digital_wallet,DE,68,9,0,24.2,0
TXN002889,2024-03-11T21:39:00,1105.85,restaurant,debit,JP,31,5,0,8.3,0
TXN002890,2024-08-05T05:12:00,37.11,travel,debit,US,67,7,0,1.6,0
TXN002891,2024-12-08T07:28:00,304.29,travel,debit,UK,50,15,0,1.2,0
TXN002892,2024-11-28T04:12:00,117.91,restaurant,digital_wallet,UK,29,3,0,13.7,0
TXN002893,2024-08-13T19:37:00,66.62,healthcare,credit,UK,69,2,0,6.7,0
TXN002894,2024-05-08T18:23:00,264.73,healthcare,credit,JP,46,22,0,5.6,0
TXN002895,2024-10-22T18:53:00,95.89,restaurant,digital_wallet,JP,21,20,1,4.5,0
TXN002896,2024-01-15T06:14:00,14.85,travel,debit,DE,65,11,0,9.9,0
TXN002897,2024-03-22T21:08:00,62.23,retail,credit,FR,27,20,1,1.2,0
TXN002898,2024-02-26T01:52:00,146.36,retail,debit,AU,27,7,0,8.2,0
TXN002899,2024-09-09T01:30:00,2486.63,retail,digital_wallet,FR,20,6,0,19.3,0
TXN002900,2024-03-03T21:11:00,2.2,retail,digital_wallet,AU,59,18,0,8.5,0
TXN002901,2024-09-22T12:36:00,70.16,travel,debit,JP,58,9,0,26.8,0
TXN002902,2024-09-01T18:37:00,7.69,restaurant,debit,CA,73,21,0,4.0,0
TXN002903,2024-11-07T12:53:00,1573.77,grocery,digital_wallet,FR,21,4,0,43.8,0
TXN002904,2024-04-16T05:14:00,5.24,restaurant,credit,US,31,21,0,14.1,0
TXN002905,2024-10-12T11:08:00,116.58,healthcare,debit,CA,67,5,0,3.9,0
TXN002906,2024-10-24T23:18:00,63.44,grocery,debit,FR,70,23,0,2.3,0
TXN002907,2024-12-16T11:51:00,70.37,retail,debit,JP,27,3,0,21.9,0
TXN002908,2024-06-11T11:00:00,82.87,travel,debit,UK,46,12,0,4.9,0
TXN002909,2024-04-20T07:51:00,130.47,travel,credit,FR,24,21,1,0.2,0
TXN002910,2024-04-05T01:01:00,161.31,retail,credit,JP,38,2,0,7.8,0
TXN002911,2024-02-04T22:36:00,19.81,grocery,credit,JP,63,4,1,14.6,0
TXN002912,2024-04-14T08:26:00,214.76,restaurant,debit,JP,49,12,0,2.7,0
TXN002913,2024-08-09T01:53:00,21.14,restaurant,digital_wallet,UK,35,22,0,4.3,0
TXN002914,2024-03-09T12:36:00,7.44,online,digital_wallet,CA,52,12,0,16.3,0
TXN002915,2024-09-08T17:16:00,1250.03,travel,debit,AU,21,0,1,8.7,0
TXN002916,2024-02-07T20:14:00,42.15,retail,debit,JP,57,22,1,5.8,0
TXN002917,2024-12-23T06:26:00,10.67,grocery,digital_wallet,UK,44,17,0,0.7,0
TXN002918,2024-03-07T08:15:00,1035.57,restaurant,debit,JP,46,18,0,9.9,0
TXN002919,2024-02-08T23:17:00,11.23,retail,credit,JP,79,9,0,0.3,0
TXN002920,2024-02-23T11:23:00,181.74,grocery,digital_wallet,AU,63,15,0,28.1,0
TXN002921,2024-06-16T02:26:00,184.48,restaurant,credit,DE,54,19,0,2.6,0
TXN002922,2024-01-17T08:44:00,852.56,healthcare,credit,US,49,22,1,3.7,0
TXN002923,2024-01-06T18:25:00,18.97,healthcare,credit,DE,55,5,0,2.2,0
TXN002924,2024-04-20T03:44:00,40.84,restaurant,credit,CA,33,2,0,35.1,0
TXN002925,2024-12-17T10:19:00,3.89,online,digital_wallet,FR,77,7,0,18.7,0
TXN002926,2024-08-15T14:04:00,179.96,travel,credit,JP,23,12,0,0.4,0
TXN002927,2024-09-28T13:47:00,45.89,restaurant,digital_wallet,JP,79,15,1,14.6,0
TXN002928,2024-04-13T20:56:00,62.88,retail,digital_wallet,CA,20,15,0,0.7,0
TXN002929,2024-05-08T12:09:00,20.66,retail,credit,AU,29,16,1,4.6,0
TXN002930,2024-12-06T06:35:00,5.61,retail,digital_wallet,FR,23,13,0,8.4,0
TXN002931,2024-08-24T11:53:00,90.45,online,credit,FR,27,15,1,0.7,0
TXN002932,2024-12-02T08:47:00,21.42,restaurant,debit,UK,35,17,0,3.6,0
TXN002933,2024-10-09T12:59:00,184.95,grocery,digital_wallet,FR,79,2,0,7.6,0
TXN002934,2024-11-22T18:51:00,105.6,online,debit,JP,60,21,0,0.8,0
TXN002935,2024-03-02T12:02:00,9.62,travel,debit,AU,39,5,1,1.2,0
TXN002936,2024-01-03T18:59:00,19.65,travel,digital_wallet,AU,25,9,0,10.7,0
TXN002937,2024-12-19T15:40:00,35.46,retail,digital_wallet,FR,31,16,0,31.1,0
TXN002938,2024-02-27T10:59:00,36.55,grocery,credit,AU,27,22,0,4.3,0
TXN002939,2024-12-11T16:31:00,9.23,travel,credit,UK,40,5,0,0.1,0
TXN002940,2024-06-05T03:47:00,287.52,travel,digital_wallet,AU,62,19,0,19.0,0
TXN002941,2024-06-06T19:47:00,24.71,grocery,debit,DE,53,15,0,0.2,0
TXN002942,2024-06-28T06:02:00,51.71,healthcare,credit,AU,51,2,0,11.4,0
TXN002943,2024-06-11T17:38:00,381.26,retail,credit,JP,47,4,0,5.4,0
TXN002944,2024-07-08T07:45:00,5.06,restaurant,debit,CA,80,6,0,4.3,0
TXN002945,2024-10-08T17:16:00,1.27,retail,digital_wallet,UK,62,6,0,18.2,0
TXN002946,2024-04-09T01:02:00,39.62,healthcare,credit,DE,50,4,0,10.3,0
TXN002947,2024-11-17T02:03:00,74.82,online,digital_wallet,US,43,4,0,12.9,0
TXN002948,2024-05-24T00:50:00,3607.5,grocery,debit,JP,54,15,0,8.4,0
TXN002949,2024-02-11T02:37:00,13.35,travel,debit,UK,59,9,0,1.5,0
TXN002950,2024-11-22T08:35:00,156.76,retail,credit,CA,18,23,0,1.9,0
TXN002951,2024-07-17T00:49:00,5.19,healthcare,debit,DE,55,6,0,7.5,0
TXN002952,2024-04-27T20:02:00,13.49,online,digital_wallet,US,32,13,0,2.5,0
TXN002953,2024-06-22T23:25:00,227.95,restaurant,credit,JP,20,16,0,0.3,0
TXN002954,2024-06-12T14:36:00,323.89,retail,debit,FR,72,18,0,11.5,0
TXN002955,2024-10-05T09:48:00,15.73,healthcare,digital_wallet,DE,50,19,0,4.4,0
TXN002956,2024-02-28T10:07:00,10508.38,travel,credit,UK,60,6,0,13.3,1
TXN002957,2024-01-04T06:43:00,33.13,grocery,credit,CA,49,21,0,17.6,0
TXN002958,2024-08-11T17:09:00,47.26,travel,debit,JP,62,13,1,30.6,0
TXN002959,2024-06-17T07:10:00,6.62,grocery,debit,UK,71,16,0,10.8,0
TXN002960,2024-10-13T23:23:00,28.45,grocery,digital_wallet,JP,26,0,1,5.4,0
TXN002961,2024-06-20T16:25:00,123.89,restaurant,digital_wallet,CA,79,10,0,7.1,0
TXN002962,2024-11-10T02:00:00,3.58,online,debit,CA,19,1,0,0.8,0
TXN002963,2024-03-18T10:44:00,112.02,online,credit,CA,66,21,0,1.8,0
TXN002964,2024-06-04T16:16:00,23.26,retail,credit,DE,21,11,0,0.1,0
TXN002965,2024-11-11T05:59:00,459.54,healthcare,credit,AU,60,9,0,12.6,0
TXN002966,2024-02-12T07:32:00,2.79,online,debit,DE,72,2,1,4.3,0
TXN002967,2024-01-12T19:19:00,8.97,online,digital_wallet,AU,56,21,1,7.7,0
TXN002968,2024-07-24T09:51:00,40.33,grocery,digital_wallet,DE,23,15,0,4.8,0
TXN002969,2024-04-01T09:40:00,2.79,healthcare,credit,CA,56,14,0,8.3,0
TXN002970,2024-02-20T22:34:00,10.38,online,credit,DE,58,17,1,0.1,0
TXN002971,2024-06-22T16:37:00,61.02,healthcare,digital_wallet,JP,28,2,0,1.3,0
TXN002972,2024-05-09T06:47:00,9.02,grocery,credit,CA,26,1,1,1.4,0
TXN002973,2024-09-04T03:24:00,42.2,online,digital_wallet,AU,27,2,0,2.9,0
TXN002974,2024-06-08T21:22:00,61.83,healthcare,debit,UK,59,3,1,10.6,0
TXN002975,2024-06-22T17:47:00,19.32,grocery,digital_wallet,CA,61,22,1,17.3,0
TXN002976,2024-09-24T05:26:00,28.72,travel,credit,FR,67,6,1,2.6,0
TXN002977,2024-05-03T08:22:00,4.72,retail,digital_wallet,CA,21,10,0,1.9,0
TXN002978,2024-10-04T19:00:00,5.09,travel,credit,JP,46,19,0,4.4,0
TXN002979,2024-01-23T08:54:00,1515.25,travel,digital_wallet,DE,62,21,0,34.9,0
TXN002980,2024-08-05T18:21:00,45.51,healthcare,credit,DE,52,5,0,0.0,0
TXN002981,2024-07-06T12:34:00,60.04,retail,digital_wallet,JP,28,11,1,1.9,0
TXN002982,2024-11-26T15:52:00,131.95,healthcare,digital_wallet,US,66,14,0,0.0,0
TXN002983,2024-03-01T14:02:00,0.99,travel,credit,UK,67,20,1,0.6,0
TXN002984,2024-05-15T01:15:00,14.06,restaurant,debit,US,18,5,0,9.8,0
TXN002985,2024-10-05T20:34:00,401.43,retail,digital_wallet,FR,74,14,1,5.0,0
TXN002986,2024-04-07T12:12:00,57.75,online,digital_wallet,AU,60,6,1,14.1,0
TXN002987,2024-12-13T12:25:00,23.71,retail,digital_wallet,UK,35,13,0,14.9,0
TXN002988,2024-03-25T20:00:00,134.2,restaurant,credit,US,58,5,0,28.2,0
TXN002989,2024-07-23T10:01:00,255.82,restaurant,digital_wallet,JP,29,21,0,3.5,0
TXN002990,2024-08-05T01:24:00,143.17,healthcare,debit,DE,27,15,0,3.1,0
TXN002991,2024-05-16T13:33:00,72.01,retail,credit,FR,74,16,1,10.9,0
TXN002992,2024-03-24T02:14:00,121.57,online,credit,UK,54,8,0,4.3,0
TXN002993,2024-04-26T15:29:00,6.12,travel,debit,UK,73,6,0,3.1,0
TXN002994,2024-03-03T03:22:00,199.72,travel,digital_wallet,FR,56,15,0,8.0,0
TXN002995,2024-04-14T06:53:00,30.98,online,digital_wallet,JP,27,10,0,0.8,0
TXN002996,2024-12-01T13:16:00,386.97,restaurant,digital_wallet,FR,74,5,0,1.7,0
TXN002997,2024-01-22T14:24:00,22.64,travel,debit,AU,28,18,1,8.6,0
TXN002998,2024-04-27T08:40:00,709.09,online,debit,DE,42,15,1,11.3,0
TXN002999,2024-12-09T15:02:00,55.69,retail,debit,FR,31,17,1,10.3,0
TXN003000,2024-09-19T01:55:00,1.24,grocery,debit,CA,37,15,1,2.3,0
TXN003001,2024-02-06T20:01:00,90.96,travel,digital_wallet,UK,18,6,0,0.2,0
TXN003002,2024-05-07T07:09:00,100.53,travel,debit,JP,26,5,0,0.7,0
TXN003003,2024-05-03T00:54:00,20.99,restaurant,credit,AU,60,23,1,10.6,0
TXN003004,2024-08-24T07:40:00,34.31,healthcare,digital_wallet,JP,72,23,1,2.3,0
TXN003005,2024-05-24T21:27:00,24.7,restaurant,digital_wallet,DE,78,14,1,2.1,0
TXN003006,2024-10-18T03:56:00,37.19,travel,credit,JP,25,21,0,13.3,0
TXN003007,2024-03-02T18:17:00,31.58,restaurant,debit,AU,52,8,0,6.1,0
TXN003008,2024-08-01T17:08:00,4.7,online,debit,JP,66,17,0,13.4,0
TXN003009,2024-12-27T23:35:00,140.91,healthcare,credit,AU,57,2,0,5.7,0
TXN003010,2024-10-09T15:37:00,2047.97,online,debit,CA,66,3,0,35.0,0
TXN003011,2024-11-17T15:28:00,1110.84,grocery,credit,FR,51,20,0,12.9,0
TXN003012,2024-05-15T18:00:00,55.82,online,credit,AU,48,3,0,0.0,0
TXN003013,2024-08-08T02:42:00,8.39,restaurant,digital_wallet,JP,39,1,0,18.2,0
TXN003014,2024-05-27T15:05:00,340.3,restaurant,credit,FR,48,9,1,3.1,0
TXN003015,2024-06-14T04:03:00,38.82,grocery,credit,UK,71,16,0,4.5,0
TXN003016,2024-10-03T13:54:00,58.63,retail,digital_wallet,CA,58,2,0,15.4,0
TXN003017,2024-12-15T08:36:00,24.46,retail,digital_wallet,AU,69,2,0,5.4,0
TXN003018,2024-08-16T07:15:00,13.22,restaurant,debit,UK,76,4,1,6.0,0
TXN003019,2024-09-17T09:07:00,451.12,retail,debit,FR,78,8,0,1.5,0
TXN003020,2024-03-27T17:56:00,264.94,travel,digital_wallet,AU,34,7,0,1.4,0
TXN003021,2024-05-07T09:15:00,7.88,retail,digital_wallet,US,45,10,1,7.4,0
TXN003022,2024-04-20T18:25:00,5.72,online,credit,CA,71,8,0,0.1,0
TXN003023,2024-10-26T19:37:00,24.88,online,debit,DE,18,19,0,18.5,0
TXN003024,2024-10-01T03:45:00,51.24,retail,credit,AU,60,22,0,11.8,0
TXN003025,2024-06-26T02:50:00,1502.11,online,digital_wallet,UK,32,0,0,3.4,0
TXN003026,2024-12-01T14:12:00,139.93,online,credit,FR,80,10,0,8.8,0
TXN003027,2024-07-08T00:58:00,101.64,grocery,credit,CA,55,2,0,5.0,0
TXN003028,2024-10-13T18:26:00,109.61,restaurant,digital_wallet,US,23,14,0,11.5,0
TXN003029,2024-05-08T10:22:00,32.97,retail,debit,DE,77,23,1,31.1,0
TXN003030,2024-01-18T04:42:00,156.17,restaurant,debit,CA,63,2,0,20.4,0
TXN003031,2024-01-24T00:06:00,141.87,travel,credit,FR,73,0,0,10.6,0
TXN003032,2024-08-01T04:15:00,593.65,online,digital_wallet,CA,67,8,0,2.1,0
TXN003033,2024-02-04T21:42:00,43.0,travel,digital_wallet,US,18,7,0,7.4,0
TXN003034,2024-08-11T19:36:00,322.46,travel,credit,JP,33,20,1,30.6,0
TXN003035,2024-06-06T19:24:00,206.92,retail,debit,DE,35,3,0,6.0,0
TXN003036,2024-03-26T00:18:00,52.09,healthcare,digital_wallet,UK,25,8,0,0.6,0
TXN003037,2024-08-18T17:04:00,219.6,retail,credit,UK,25,5,0,1.1,0
TXN003038,2024-02-14T18:24:00,42300.51,healthcare,debit,AU,72,10,1,32.8,1
TXN003039,2024-10-11T06:45:00,17.38,grocery,debit,UK,32,12,0,15.7,0
TXN003040,2024-04-17T18:09:00,120.5,healthcare,credit,JP,80,7,0,1.9,0
TXN003041,2024-02-09T01:17:00,117.68,healthcare,digital_wallet,US,57,13,0,26.9,0
TXN003042,2024-09-11T20:29:00,56.9,retail,digital_wallet,DE,41,4,0,2.5,0
TXN003043,2024-11-18T00:14:00,214.71,restaurant,debit,DE,49,8,0,3.7,0
TXN003044,2024-02-22T21:13:00,35.65,grocery,credit,DE,56,2,0,16.5,0
TXN003045,2024-09-19T01:35:00,14.98,online,debit,US,80,2,0,49.2,0
TXN003046,2024-11-02T06:04:00,102.12,online,credit,AU,32,14,0,1.9,0
TXN003047,2024-05-01T11:24:00,19.9,retail,digital_wallet,DE,70,9,0,2.3,0
TXN003048,2024-04-15T17:51:00,965.25,restaurant,credit,US,64,20,1,24.5,0
TXN003049,2024-06-04T23:34:00,1152.24,online,debit,DE,75,20,0,14.5,0
TXN003050,2024-05-22T13:48:00,103.2,restaurant,credit,UK,20,13,0,1.8,0
TXN003051,2024-08-11T20:40:00,145.09,online,digital_wallet,UK,61,16,0,5.6,0
TXN003052,2024-06-23T14:23:00,116.98,travel,debit,US,51,15,0,4.4,0
TXN003053,2024-01-15T22:29:00,5.19,retail,digital_wallet,US,28,17,1,10.1,0
TXN003054,2024-06-27T04:11:00,105.5,restaurant,digital_wallet,CA,20,20,0,32.3,0
TXN003055,2024-06-10T07:25:00,15.32,online,credit,JP,22,3,0,5.7,0
TXN003056,2024-09-18T19:32:00,0.33,online,debit,UK,56,10,0,3.6,0
TXN003057,2024-07-10T15:06:00,585.78,grocery,debit,US,26,11,1,9.8,0
TXN003058,2024-04-20T08:47:00,46.73,travel,credit,CA,76,5,0,1.3,0
TXN003059,2024-05-06T16:47:00,87.92,retail,credit,FR,38,19,0,0.8,0
TXN003060,2024-05-14T14:04:00,734.23,restaurant,digital_wallet,CA,35,22,0,13.0,0
TXN003061,2024-02-06T21:54:00,31.31,retail,debit,FR,36,14,0,2.3,0
TXN003062,2024-11-18T03:31:00,48.21,restaurant,credit,UK,29,7,0,5.4,0
TXN003063,2024-09-18T12:12:00,67.5,healthcare,digital_wallet,US,29,2,0,7.2,0
TXN003064,2024-11-21T13:28:00,40.18,travel,credit,UK,20,7,0,16.8,0
TXN003065,2024-11-26T15:36:00,211.22,healthcare,credit,CA,27,18,0,12.2,0
TXN003066,2024-08-21T18:41:00,1142.56,restaurant,credit,JP,62,23,0,2.9,0
TXN003067,2024-12-11T12:15:00,10.68,healthcare,debit,FR,63,16,1,48.1,0
TXN003068,2024-12-10T22:46:00,25.83,healthcare,digital_wallet,DE,56,21,0,9.4,0
TXN003069,2024-12-19T00:02:00,22.38,retail,digital_wallet,UK,45,18,0,35.3,0
TXN003070,2024-01-03T23:45:00,1672.56,travel,debit,FR,43,12,0,3.1,0
TXN003071,2024-08-07T07:39:00,119.56,grocery,credit,FR,78,14,0,9.8,0
TXN003072,2024-11-19T18:47:00,114.18,online,digital_wallet,DE,29,22,0,4.6,0
TXN003073,2024-09-08T13:49:00,70.15,restaurant,debit,AU,28,0,0,0.9,0
TXN003074,2024-05-05T10:21:00,79.49,travel,digital_wallet,US,77,4,0,7.5,0
TXN003075,2024-09-25T04:50:00,19.55,travel,digital_wallet,CA,58,7,1,35.1,0
TXN003076,2024-03-28T14:43:00,97.65,retail,digital_wallet,JP,43,3,0,9.6,0
TXN003077,2024-07-13T08:05:00,596.36,grocery,credit,DE,60,21,1,0.4,0
TXN003078,2024-12-21T09:07:00,2466.58,retail,debit,CA,53,2,0,31.1,0
TXN003079,2024-10-25T17:54:00,26.96,retail,digital_wallet,CA,49,1,0,6.5,0
TXN003080,2024-03-16T01:12:00,9.0,grocery,digital_wallet,CA,37,18,1,8.5,0
TXN003081,2024-01-19T05:44:00,33502.68,online,digital_wallet,UK,65,13,0,11.4,1
TXN003082,2024-04-24T18:14:00,34.82,retail,debit,JP,41,4,1,17.7,0
TXN003083,2024-10-24T22:45:00,21.33,online,digital_wallet,FR,35,16,0,3.3,0
TXN003084,2024-09-05T21:48:00,157.05,online,digital_wallet,DE,48,12,0,1.6,0
TXN003085,2024-08-08T09:05:00,13.47,grocery,digital_wallet,CA,43,11,1,1.5,0
TXN003086,2024-11-16T08:36:00,38.7,online,debit,UK,65,11,0,33.9,0
TXN003087,2024-10-22T18:31:00,5.39,travel,debit,AU,41,10,0,2.1,0
TXN003088,2024-01-21T03:41:00,23.58,retail,digital_wallet,CA,66,9,1,25.2,0
TXN003089,2024-11-14T17:15:00,69.05,grocery,digital_wallet,UK,24,19,0,25.3,0
TXN003090,2024-07-23T14:19:00,8.19,online,credit,AU,46,18,0,0.3,0
TXN003091,2024-06-19T14:13:00,60.11,online,debit,FR,48,21,0,4.2,0
TXN003092,2024-12-22T19:59:00,27.2,restaurant,debit,UK,26,8,0,17.9,0
TXN003093,2024-11-21T22:41:00,104.19,retail,digital_wallet,UK,35,11,0,11.0,0
TXN003094,2024-04-17T21:58:00,1787.57,grocery,digital_wallet,JP,64,3,1,0.3,0
TXN003095,2024-08-09T20:24:00,8.28,retail,credit,UK,60,5,0,36.4,0
TXN003096,2024-04-19T14:15:00,180.57,retail,debit,US,20,22,0,23.8,0
TXN003097,2024-10-05T19:52:00,3.52,healthcare,digital_wallet,DE,41,1,1,3.2,0
TXN003098,2024-12-04T13:15:00,177.28,grocery,digital_wallet,JP,80,0,0,7.8,0
TXN003099,2024-03-07T10:38:00,68.16,retail,credit,UK,24,0,0,16.3,0
TXN003100,2024-10-08T16:28:00,115.71,healthcare,credit,UK,36,3,0,5.7,0
TXN003101,2024-07-21T06:05:00,87.26,retail,credit,AU,20,11,0,1.2,0
TXN003102,2024-09-09T17:29:00,9.73,travel,credit,AU,20,13,0,19.4,0
TXN003103,2024-10-19T10:12:00,76.78,travel,digital_wallet,DE,56,17,1,9.4,0
TXN003104,2024-06-13T04:47:00,56.63,grocery,credit,AU,32,9,0,1.2,0
TXN003105,2024-01-09T22:04:00,178.71,restaurant,credit,CA,42,1,0,19.0,0
TXN003106,2024-06-24T10:05:00,445.65,grocery,credit,UK,36,19,0,17.0,0
TXN003107,2024-03-03T21:32:00,133.66,restaurant,credit,DE,19,16,0,46.2,0
TXN003108,2024-09-17T19:09:00,14.18,healthcare,credit,AU,76,11,0,9.9,0
TXN003109,2024-10-14T08:57:00,15.24,grocery,credit,CA,42,11,1,3.3,0
TXN003110,2024-12-05T14:14:00,7.85,grocery,debit,AU,52,17,0,29.3,0
TXN003111,2024-01-10T10:08:00,680.34,restaurant,digital_wallet,DE,78,11,0,6.1,0
TXN003112,2024-04-14T12:14:00,50.72,retail,digital_wallet,DE,68,4,1,10.6,0
TXN003113,2024-10-21T09:39:00,5.55,healthcare,credit,JP,76,4,0,12.8,0
TXN003114,2024-12-06T07:38:00,13.82,grocery,credit,JP,77,8,0,11.4,0
TXN003115,2024-11-19T05:33:00,169.98,restaurant,credit,DE,33,4,0,13.8,0
TXN003116,2024-06-26T22:06:00,340.5,travel,debit,AU,24,15,0,21.9,0
TXN003117,2024-02-15T13:24:00,121.6,restaurant,digital_wallet,AU,26,18,1,5.9,0
TXN003118,2024-11-25T06:09:00,51.92,travel,debit,CA,78,15,1,14.0,0
TXN003119,2024-01-18T07:23:00,10.63,retail,digital_wallet,US,77,17,0,16.4,0
TXN003120,2024-11-07T13:35:00,1060.19,retail,debit,DE,69,3,0,1.9,0
TXN003121,2024-01-18T12:54:00,151.13,travel,credit,FR,33,21,0,16.1,0
TXN003122,2024-06-01T21:22:00,94.86,healthcare,debit,CA,18,20,1,17.0,0
TXN003123,2024-05-19T13:34:00,47.89,retail,debit,JP,46,2,1,44.5,0
TXN003124,2024-12-04T22:55:00,123.09,retail,credit,UK,59,21,0,3.1,0
TXN003125,2024-12-12T13:07:00,15.06,travel,debit,FR,69,16,0,20.3,0
TXN003126,2024-04-03T15:54:00,148.51,grocery,debit,JP,75,11,0,31.5,0
TXN003127,2024-11-10T21:49:00,44.78,online,debit,AU,51,21,0,3.4,0
TXN003128,2024-07-19T13:34:00,203.82,travel,credit,US,70,8,1,15.9,0
TXN003129,2024-04-16T17:06:00,12.34,retail,credit,UK,62,23,0,11.0,0
TXN003130,2024-08-15T17:16:00,3.8,retail,debit,DE,34,22,0,20.7,0
TXN003131,2024-08-12T23:25:00,70.66,retail,digital_wallet,DE,79,3,0,3.4,0
TXN003132,2024-07-21T13:00:00,1053.05,healthcare,debit,CA,41,3,1,7.0,0
TXN003133,2024-07-04T01:13:00,304.76,healthcare,digital_wallet,AU,44,19,0,6.4,0
TXN003134,2024-10-24T22:22:00,39.95,healthcare,digital_wallet,JP,40,6,1,13.8,0
TXN003135,2024-04-16T02:15:00,76.36,retail,credit,AU,44,6,0,4.2,0
TXN003136,2024-12-04T12:54:00,164.32,restaurant,debit,US,69,15,0,3.7,0
TXN003137,2024-06-21T17:59:00,19.76,healthcare,credit,US,38,11,1,0.3,0
TXN003138,2024-11-03T02:31:00,270.35,online,digital_wallet,DE,38,8,0,0.3,0
TXN003139,2024-11-04T11:28:00,8.86,retail,debit,CA,32,2,0,21.0,0
TXN003140,2024-04-17T09:08:00,13.08,healthcare,debit,DE,72,4,0,15.3,0
TXN003141,2024-02-07T11:54:00,19.92,travel,debit,FR,60,13,0,13.4,0
TXN003142,2024-05-19T19:23:00,42.7,healthcare,digital_wallet,US,41,8,0,12.1,0
TXN003143,2024-01-21T21:12:00,493.02,retail,debit,FR,69,13,1,46.0,0
TXN003144,2024-07-24T02:48:00,25.06,online,debit,FR,76,15,0,4.1,0
TXN003145,2024-01-13T14:26:00,33.48,online,credit,DE,20,5,0,5.1,0
TXN003146,2024-09-08T06:34:00,123.27,grocery,debit,CA,73,3,0,22.3,0
TXN003147,2024-07-08T01:02:00,21.64,travel,credit,FR,75,5,0,4.0,0
TXN003148,2024-11-10T00:44:00,2.49,online,credit,JP,23,3,0,7.6,0
TXN003149,2024-08-04T11:34:00,39.15,travel,credit,JP,68,13,0,0.3,0
TXN003150,2024-06-15T17:42:00,10.7,grocery,credit,JP,51,1,0,2.0,0
TXN003151,2024-04-20T17:55:00,74.51,healthcare,digital_wallet,FR,38,17,0,19.4,0
TXN003152,2024-09-02T21:44:00,167.14,grocery,digital_wallet,DE,25,17,0,5.3,0
TXN003153,2024-06-21T13:31:00,224.2,retail,digital_wallet,UK,20,10,0,7.2,0
TXN003154,2024-02-27T08:26:00,111.08,restaurant,debit,CA,25,2,0,0.7,0
TXN003155,2024-02-26T09:59:00,6.74,grocery,credit,AU,45,9,1,4.7,0
TXN003156,2024-03-13T23:45:00,12.22,online,digital_wallet,US,18,6,1,13.3,0
TXN003157,2024-07-17T13:22:00,237.84,online,debit,AU,72,1,1,20.1,0
TXN003158,2024-07-21T16:56:00,12.04,restaurant,credit,AU,36,6,0,0.7,0
TXN003159,2024-09-16T12:35:00,44510.89,restaurant,credit,UK,30,16,1,4.7,1
TXN003160,2024-12-28T15:13:00,9.58,restaurant,credit,UK,41,2,1,5.5,0
TXN003161,2024-12-23T16:28:00,15.98,travel,debit,US,59,8,1,21.3,0
TXN003162,2024-01-18T10:28:00,950.45,travel,digital_wallet,UK,57,16,0,13.1,0
TXN003163,2024-04-16T11:45:00,25.83,grocery,digital_wallet,CA,46,13,0,9.9,0
TXN003164,2024-09-18T19:53:00,27.8,retail,digital_wallet,DE,68,21,0,0.4,0
TXN003165,2024-03-10T21:34:00,51.24,restaurant,debit,AU,36,11,1,1.0,0
TXN003166,2024-09-01T07:04:00,30.34,travel,credit,DE,51,4,1,6.0,0
TXN003167,2024-05-05T02:23:00,573.24,healthcare,credit,JP,37,10,1,4.2,0
TXN003168,2024-10-21T22:54:00,274.42,online,credit,US,39,10,0,0.8,0
TXN003169,2024-11-10T13:25:00,47.74,grocery,digital_wallet,AU,39,18,1,22.9,0
TXN003170,2024-03-17T07:30:00,149.16,restaurant,digital_wallet,US,42,8,0,1.0,0
TXN003171,2024-01-13T07:46:00,17.16,retail,debit,JP,65,6,0,7.3,0
TXN003172,2024-11-20T00:59:00,113.52,travel,credit,CA,51,5,0,40.5,0
TXN003173,2024-01-08T11:00:00,172.69,retail,digital_wallet,FR,64,12,0,1.9,0
TXN003174,2024-07-11T11:33:00,24.74,healthcare,credit,DE,31,15,0,6.1,0
TXN003175,2024-09-08T23:01:00,1768.41,retail,debit,DE,64,13,0,4.3,0
TXN003176,2024-03-19T05:34:00,26.57,retail,credit,JP,26,1,0,1.4,0
TXN003177,2024-10-01T08:23:00,20.34,grocery,credit,US,73,0,1,12.0,0
TXN003178,2024-09-23T21:20:00,7.73,retail,debit,JP,18,14,0,12.9,0
TXN003179,2024-12-16T19:57:00,322.76,grocery,credit,UK,22,1,0,10.0,0
TXN003180,2024-11-25T12:15:00,1393.36,online,digital_wallet,US,19,8,0,2.6,0
TXN003181,2024-07-16T10:42:00,105.59,retail,credit,DE,32,20,0,13.7,0
TXN003182,2024-08-04T17:20:00,181.79,online,debit,UK,42,23,0,0.3,0
TXN003183,2024-03-07T17:22:00,18.68,grocery,digital_wallet,AU,75,21,0,9.0,0
TXN003184,2024-09-21T11:50:00,144.17,restaurant,credit,DE,56,14,0,3.8,0
TXN003185,2024-09-03T12:32:00,73.83,grocery,digital_wallet,UK,39,10,0,6.6,0
TXN003186,2024-04-18T11:08:00,75.86,grocery,credit,FR,31,8,1,2.4,0
TXN003187,2024-03-01T04:31:00,22.79,travel,digital_wallet,US,58,18,0,7.8,0
TXN003188,2024-12-17T14:23:00,6.81,healthcare,debit,AU,49,4,1,4.4,0
TXN003189,2024-05-13T13:16:00,116.9,travel,digital_wallet,DE,19,2,0,6.5,0
TXN003190,2024-10-08T12:01:00,37.72,retail,debit,US,63,3,0,11.5,0
TXN003191,2024-12-10T16:18:00,2.57,travel,digital_wallet,DE,70,19,0,9.6,0
TXN003192,2024-06-04T05:40:00,145.46,restaurant,credit,UK,33,10,0,53.1,0
TXN003193,2024-06-01T07:12:00,147.05,travel,digital_wallet,CA,60,16,1,3.3,0
TXN003194,2024-02-18T23:45:00,18182.4,retail,digital_wallet,FR,49,2,0,0.1,1
TXN003195,2024-02-28T03:13:00,244.15,grocery,digital_wallet,FR,51,7,1,12.7,0
TXN003196,2024-03-05T06:46:00,179.01,healthcare,credit,JP,25,23,1,3.9,0
TXN003197,2024-10-24T12:53:00,293.29,travel,debit,DE,41,23,0,0.3,0
TXN003198,2024-02-21T20:55:00,58.55,retail,debit,JP,72,15,0,1.1,0
TXN003199,2024-01-28T19:15:00,65.98,retail,credit,FR,39,5,0,6.3,0
TXN003200,2024-05-18T16:40:00,255.36,retail,debit,DE,74,5,0,10.1,0
TXN003201,2024-12-13T11:12:00,166.82,travel,credit,FR,46,5,0,4.5,0
TXN003202,2024-05-06T14:35:00,784.74,online,digital_wallet,CA,64,15,0,4.3,0
TXN003203,2024-02-10T13:55:00,24.15,grocery,debit,US,37,17,0,3.6,0
TXN003204,2024-12-12T16:30:00,13.9,travel,credit,JP,75,13,1,3.8,0
TXN003205,2024-11-12T17:17:00,4.55,retail,credit,US,78,21,0,6.5,0
TXN003206,2024-04-22T04:51:00,53.59,online,credit,FR,54,15,1,12.1,0
TXN003207,2024-12-14T23:08:00,1.27,online,credit,US,24,8,0,7.9,0
TXN003208,2024-09-11T11:48:00,145.93,restaurant,digital_wallet,DE,55,11,0,4.6,0
TXN003209,2024-09-08T14:50:00,401.25,online,credit,US,53,10,0,11.2,0
TXN003210,2024-04-04T08:21:00,488.05,retail,digital_wallet,CA,41,22,0,4.7,0
TXN003211,2024-09-26T17:40:00,14.04,retail,digital_wallet,DE,24,22,1,2.5,0
TXN003212,2024-11-02T07:43:00,46.75,online,digital_wallet,AU,45,6,1,2.1,0
TXN003213,2024-01-14T13:48:00,94.84,travel,digital_wallet,US,80,13,0,4.7,0
TXN003214,2024-01-18T17:19:00,57.82,retail,credit,CA,40,6,0,11.6,0
TXN003215,2024-04-10T03:13:00,36.24,healthcare,debit,JP,60,6,0,11.1,0
TXN003216,2024-10-18T15:26:00,119.9,travel,digital_wallet,CA,71,2,0,17.8,0
TXN003217,2024-02-12T12:33:00,4.73,grocery,digital_wallet,JP,24,9,1,3.6,0
TXN003218,2024-06-18T16:27:00,179.82,travel,debit,UK,31,1,1,9.9,0
TXN003219,2024-04-22T20:53:00,12050.5,healthcare,debit,US,74,9,1,7.8,1
TXN003220,2024-08-22T07:36:00,9.03,travel,debit,CA,65,16,0,3.1,0
TXN003221,2024-09-21T15:46:00,7.01,online,digital_wallet,CA,76,7,0,2.7,0
TXN003222,2024-10-28T22:57:00,313.63,healthcare,digital_wallet,FR,51,17,0,6.0,0
TXN003223,2024-12-09T07:38:00,125.74,restaurant,credit,FR,78,20,0,2.9,0
TXN003224,2024-09-06T21:25:00,2.94,travel,debit,AU,76,16,1,3.3,0
TXN003225,2024-06-02T03:57:00,4.68,healthcare,credit,AU,63,6,1,29.7,0
TXN003226,2024-02-06T11:05:00,81.4,online,credit,FR,30,23,0,4.4,0
TXN003227,2024-05-18T14:50:00,82.33,grocery,debit,AU,59,3,0,5.6,0
TXN003228,2024-09-08T18:30:00,116.16,grocery,debit,UK,31,17,0,3.8,0
TXN003229,2024-06-27T10:49:00,15.45,travel,credit,UK,55,16,0,1.1,0
TXN003230,2024-05-21T16:18:00,35.41,retail,digital_wallet,JP,48,17,0,4.4,0
TXN003231,2024-02-25T17:02:00,19.13,healthcare,debit,FR,46,4,0,11.1,0
TXN003232,2024-08-10T14:11:00,69.99,online,digital_wallet,US,78,17,0,11.1,0
TXN003233,2024-11-11T13:07:00,133.84,grocery,credit,DE,39,14,1,3.4,0
TXN003234,2024-08-20T18:01:00,8.29,healthcare,digital_wallet,UK,62,3,0,6.2,0
TXN003235,2024-02-08T18:21:00,88.52,online,credit,JP,50,12,0,2.3,0
TXN003236,2024-07-03T15:03:00,153.68,healthcare,debit,FR,24,15,1,3.7,0
TXN003237,2024-04-19T23:20:00,46.94,healthcare,digital_wallet,JP,68,9,0,9.9,0
TXN003238,2024-01-11T03:41:00,1431.81,online,digital_wallet,CA,76,6,0,31.8,0
TXN003239,2024-11-18T15:05:00,98.13,retail,credit,FR,60,12,1,10.8,0
TXN003240,2024-07-18T22:46:00,6.1,online,debit,AU,72,6,0,0.3,0
TXN003241,2024-04-07T06:24:00,288.25,online,debit,UK,47,19,0,4.2,0
TXN003242,2024-11-19T01:57:00,4.0,online,debit,UK,18,11,1,0.8,0
TXN003243,2024-11-09T23:08:00,265.19,online,debit,FR,68,10,0,16.3,0
TXN003244,2024-05-10T06:08:00,20.01,restaurant,digital_wallet,DE,77,19,0,2.9,0
TXN003245,2024-10-05T00:08:00,230.07,healthcare,digital_wallet,DE,24,9,1,11.1,0
TXN003246,2024-12-14T22:22:00,397.06,retail,digital_wallet,UK,75,2,0,6.8,0
TXN003247,2024-05-21T07:39:00,42.16,restaurant,digital_wallet,FR,49,16,0,10.2,0
TXN003248,2024-02-06T14:08:00,41.72,healthcare,digital_wallet,FR,51,7,0,2.6,0
TXN003249,2024-04-22T19:29:00,36.58,travel,debit,FR,45,3,0,14.7,0
TXN003250,2024-06-11T11:04:00,39.72,restaurant,credit,JP,73,12,0,24.2,0
TXN003251,2024-10-15T11:18:00,191.37,retail,digital_wallet,DE,57,15,0,10.8,0
TXN003252,2024-04-09T11:35:00,5.28,travel,digital_wallet,AU,34,22,0,9.6,0
TXN003253,2024-09-06T10:24:00,45.73,grocery,credit,JP,75,12,0,1.7,0
TXN003254,2024-10-27T18:06:00,261.32,healthcare,debit,AU,62,11,1,15.7,0
TXN003255,2024-02-13T16:19:00,200.05,grocery,credit,UK,30,15,0,19.0,0
TXN003256,2024-01-10T15:25:00,10.67,healthcare,debit,FR,29,5,1,5.9,0
TXN003257,2024-01-04T03:36:00,10.34,online,digital_wallet,FR,43,10,0,7.4,0
TXN003258,2024-06-21T20:30:00,109.14,restaurant,debit,AU,79,18,0,19.8,0
TXN003259,2024-09-02T16:40:00,80.79,travel,credit,DE,18,22,1,4.1,0
TXN003260,2024-05-16T09:34:00,14.49,travel,credit,DE,79,1,0,22.3,0
TXN003261,2024-05-23T14:39:00,1.23,travel,credit,FR,21,20,1,11.2,0
TXN003262,2024-03-15T14:45:00,147.3,healthcare,digital_wallet,AU,57,1,1,9.7,0
TXN003263,2024-07-03T12:47:00,153.84,retail,debit,AU,45,7,0,0.6,0
TXN003264,2024-12-19T13:22:00,58.69,restaurant,digital_wallet,DE,77,0,0,7.6,0
TXN003265,2024-12-12T14:26:00,10.54,travel,credit,AU,24,8,0,5.7,0
TXN003266,2024-05-24T12:27:00,621.96,restaurant,digital_wallet,JP,61,13,0,7.3,0
TXN003267,2024-12-07T16:07:00,35.11,travel,debit,UK,59,0,1,7.2,0
TXN003268,2024-05-09T06:55:00,5.34,online,debit,DE,27,12,0,7.4,0
TXN003269,2024-07-11T00:43:00,29.6,retail,digital_wallet,FR,38,17,0,12.6,0
TXN003270,2024-02-07T09:03:00,35.69,retail,debit,CA,37,11,1,6.8,0
TXN003271,2024-09-22T07:50:00,9.21,online,digital_wallet,CA,59,6,0,6.0,0
TXN003272,2024-05-19T07:20:00,7.63,grocery,credit,CA,66,2,0,6.2,0
TXN003273,2024-11-18T04:26:00,19.34,healthcare,digital_wallet,UK,67,17,1,3.1,0
TXN003274,2024-11-14T04:20:00,74.36,healthcare,digital_wallet,UK,25,8,0,20.0,0
TXN003275,2024-01-02T20:16:00,2250.25,restaurant,digital_wallet,UK,28,17,0,29.8,0
TXN003276,2024-10-28T12:33:00,12.44,travel,debit,AU,71,14,1,11.7,0
TXN003277,2024-12-07T10:26:00,1.98,restaurant,digital_wallet,US,62,21,0,10.9,0
TXN003278,2024-03-09T08:10:00,27.64,healthcare,debit,DE,75,21,0,18.8,0
TXN003279,2024-03-14T19:51:00,23.2,healthcare,digital_wallet,DE,18,2,1,3.7,0
TXN003280,2024-10-21T21:15:00,28.48,healthcare,digital_wallet,AU,18,9,0,4.2,0
TXN003281,2024-07-15T10:34:00,30.22,restaurant,digital_wallet,AU,74,6,0,40.9,0
TXN003282,2024-06-13T23:24:00,345.52,grocery,digital_wallet,CA,21,23,0,41.8,0
TXN003283,2024-03-14T19:43:00,48.07,retail,digital_wallet,US,32,11,0,9.9,0
TXN003284,2024-12-10T01:33:00,2.41,restaurant,credit,FR,60,2,0,11.4,0
TXN003285,2024-12-25T03:41:00,21.8,grocery,digital_wallet,CA,54,8,0,9.3,0
TXN003286,2024-10-22T20:19:00,124.88,restaurant,credit,JP,39,2,0,1.1,0
TXN003287,2024-02-14T05:02:00,23.77,online,credit,JP,77,11,0,22.7,0
TXN003288,2024-02-21T16:56:00,413.83,travel,credit,DE,56,9,1,1.1,0
TXN003289,2024-05-02T05:05:00,171.08,healthcare,digital_wallet,AU,35,12,0,10.9,0
TXN003290,2024-06-02T08:50:00,91.97,grocery,digital_wallet,US,34,2,1,4.5,0
TXN003291,2024-03-08T05:04:00,411.13,healthcare,credit,JP,80,8,0,1.9,0
TXN003292,2024-09-09T02:16:00,29.44,grocery,debit,UK,19,21,0,23.4,0
TXN003293,2024-04-04T11:30:00,190.42,travel,credit,AU,68,0,0,7.3,0
TXN003294,2024-04-13T13:07:00,4.4,retail,digital_wallet,US,71,6,1,18.7,0
TXN003295,2024-12-05T07:39:00,35.85,grocery,debit,DE,74,17,0,0.5,0
TXN003296,2024-02-15T13:36:00,53.72,grocery,credit,DE,41,9,1,5.8,0
TXN003297,2024-04-08T00:12:00,10.86,travel,credit,UK,26,21,0,0.9,0
TXN003298,2024-06-06T09:52:00,37.36,grocery,debit,US,22,20,0,6.1,0
TXN003299,2024-01-14T11:44:00,247.97,online,digital_wallet,US,68,5,0,1.6,0
TXN003300,2024-05-13T00:21:00,2.39,retail,debit,UK,55,13,0,4.6,0
TXN003301,2024-08-15T16:11:00,4.56,online,digital_wallet,FR,68,15,1,16.5,0
TXN003302,2024-01-05T03:14:00,80.27,travel,debit,FR,76,19,1,3.5,0
TXN003303,2024-06-05T00:58:00,79.58,restaurant,debit,JP,76,23,0,4.5,0
TXN003304,2024-11-06T07:02:00,289.06,restaurant,credit,US,62,17,0,0.3,0
TXN003305,2024-09-04T19:54:00,48.26,travel,debit,DE,44,8,0,5.5,0
TXN003306,2024-02-03T09:33:00,15.99,healthcare,credit,AU,34,3,0,4.7,0
TXN003307,2024-11-14T22:01:00,68.57,travel,credit,AU,55,2,0,9.6,0
TXN003308,2024-09-06T11:17:00,9.95,travel,debit,FR,25,14,1,12.6,0
TXN003309,2024-12-21T06:50:00,129.32,grocery,debit,DE,60,15,0,21.6,0
TXN003310,2024-11-07T01:15:00,31.49,online,digital_wallet,CA,31,11,0,24.2,0
TXN003311,2024-01-20T07:25:00,24.66,travel,digital_wallet,UK,42,22,0,22.7,0
TXN003312,2024-03-12T20:04:00,1802.76,retail,digital_wallet,UK,32,16,1,0.7,0
TXN003313,2024-04-28T01:02:00,190.16,grocery,credit,US,50,1,0,4.8,0
TXN003314,2024-11-01T10:54:00,92.68,healthcare,digital_wallet,JP,24,4,1,7.6,0
TXN003315,2024-08-15T12:03:00,73.58,restaurant,digital_wallet,CA,19,11,0,18.3,0
TXN003316,2024-02-22T16:24:00,10.53,restaurant,credit,UK,26,18,0,3.5,0
TXN003317,2024-08-10T18:25:00,196.37,healthcare,digital_wallet,US,40,8,1,19.5,0
TXN003318,2024-09-12T06:49:00,47.57,grocery,credit,US,60,16,0,10.4,0
TXN003319,2024-12-07T16:43:00,11.09,healthcare,digital_wallet,AU,30,2,0,6.4,0
TXN003320,2024-05-20T16:55:00,205.8,grocery,credit,JP,43,7,0,1.8,0
TXN003321,2024-09-14T00:35:00,99.93,travel,credit,AU,26,14,1,5.3,0
TXN003322,2024-12-26T18:07:00,63.39,travel,credit,DE,72,0,0,16.9,0
TXN003323,2024-09-03T09:35:00,12.95,grocery,credit,US,24,5,0,23.9,0
TXN003324,2024-01-09T04:38:00,57.08,healthcare,debit,CA,42,5,0,16.9,0
TXN003325,2024-07-05T09:14:00,212.78,healthcare,debit,AU,19,8,0,13.9,0
TXN003326,2024-02-03T05:42:00,25.94,online,digital_wallet,FR,39,12,0,64.8,0
TXN003327,2024-10-04T18:46:00,115.25,grocery,credit,FR,21,17,0,1.0,0
TXN003328,2024-07-10T19:40:00,18.26,restaurant,digital_wallet,FR,59,0,1,0.6,0
TXN003329,2024-09-09T17:45:00,469.13,grocery,credit,JP,60,5,1,1.5,0
TXN003330,2024-12-19T15:52:00,14.72,retail,digital_wallet,US,30,22,1,1.6,0
TXN003331,2024-10-21T18:38:00,8.25,healthcare,credit,DE,35,21,0,6.5,0
TXN003332,2024-01-24T12:56:00,128.62,healthcare,debit,DE,76,12,0,1.0,0
TXN003333,2024-03-14T23:56:00,59.38,restaurant,credit,US,69,8,0,2.9,0
TXN003334,2024-05-04T19:02:00,22.43,travel,digital_wallet,DE,38,13,0,3.2,0
TXN003335,2024-10-01T03:25:00,12.24,grocery,debit,UK,71,16,1,19.3,0
TXN003336,2024-08-02T11:19:00,58.59,healthcare,digital_wallet,UK,77,7,0,2.4,0
TXN003337,2024-03-16T10:59:00,104.35,restaurant,credit,AU,47,3,0,0.7,0
TXN003338,2024-09-27T15:18:00,14.06,restaurant,debit,US,58,12,0,1.1,0
TXN003339,2024-05-16T23:05:00,4.15,retail,credit,JP,57,18,0,1.6,0
TXN003340,2024-08-22T09:04:00,102.07,retail,digital_wallet,JP,57,4,0,3.4,0
TXN003341,2024-11-08T13:57:00,46.23,online,credit,US,77,2,0,8.4,0
TXN003342,2024-10-23T22:13:00,406.38,healthcare,credit,CA,70,2,0,6.9,0
TXN003343,2024-09-05T02:33:00,53.53,travel,credit,US,36,7,0,14.3,0
TXN003344,2024-07-26T12:06:00,7.09,healthcare,digital_wallet,UK,42,17,0,18.2,0
TXN003345,2024-11-19T06:44:00,112.23,restaurant,debit,AU,77,23,0,17.8,0
TXN003346,2024-05-15T13:35:00,32.83,retail,digital_wallet,FR,19,3,0,8.1,0
TXN003347,2024-02-05T23:42:00,34.31,restaurant,credit,UK,78,13,0,18.7,0
TXN003348,2024-03-02T13:07:00,104.79,retail,credit,UK,78,2,0,25.9,0
TXN003349,2024-08-20T13:14:00,4.22,travel,debit,FR,33,17,0,2.8,0
TXN003350,2024-08-12T00:55:00,256.94,retail,credit,CA,71,15,0,3.7,0
TXN003351,2024-01-26T14:13:00,15.23,grocery,debit,AU,66,3,0,5.7,0
TXN003352,2024-03-09T09:45:00,649.54,healthcare,credit,US,43,20,0,26.3,0
TXN003353,2024-05-23T17:27:00,16.24,retail,credit,FR,33,18,1,4.1,0
TXN003354,2024-08-14T06:17:00,49.96,retail,debit,DE,30,17,0,3.4,0
TXN003355,2024-11-14T17:37:00,113.69,online,debit,JP,73,15,1,10.2,0
TXN003356,2024-07-25T06:39:00,506.24,restaurant,debit,FR,42,22,1,4.5,0
TXN003357,2024-02-06T07:32:00,298.23,travel,digital_wallet,DE,18,19,0,22.0,0
TXN003358,2024-05-17T21:57:00,14.7,restaurant,debit,US,80,3,0,20.8,0
TXN003359,2024-05-03T06:46:00,11.66,restaurant,debit,JP,33,1,0,2.7,0
TXN003360,2024-10-10T21:21:00,132.31,travel,debit,CA,61,19,1,7.1,0
TXN003361,2024-04-04T22:40:00,18.59,healthcare,credit,US,23,10,0,19.2,0
TXN003362,2024-06-20T00:38:00,262.27,grocery,debit,FR,64,2,0,5.6,0
TXN003363,2024-08-08T22:43:00,7.14,retail,digital_wallet,UK,60,5,0,9.9,0
TXN003364,2024-01-10T11:16:00,25.55,healthcare,digital_wallet,CA,34,1,0,3.0,0
TXN003365,2024-09-06T23:25:00,27.51,restaurant,debit,UK,23,12,1,3.3,0
TXN003366,2024-07-26T01:25:00,290.04,healthcare,debit,FR,49,5,0,7.2,0
TXN003367,2024-04-18T13:32:00,99.63,restaurant,debit,CA,62,8,0,5.9,0
TXN003368,2024-08-15T00:00:00,20.04,restaurant,digital_wallet,FR,20,1,1,5.2,0
TXN003369,2024-04-26T10:13:00,19.56,grocery,credit,CA,34,11,0,8.6,0
TXN003370,2024-03-27T09:08:00,90.17,restaurant,debit,FR,50,14,0,14.6,0
TXN003371,2024-09-14T01:34:00,43.07,retail,digital_wallet,UK,39,3,0,22.1,0
TXN003372,2024-03-07T17:52:00,130.45,retail,digital_wallet,UK,24,6,1,0.8,0
TXN003373,2024-12-18T02:54:00,13.96,restaurant,debit,US,56,0,0,2.7,0
TXN003374,2024-12-12T14:01:00,45.71,grocery,credit,JP,49,0,0,0.7,0
TXN003375,2024-01-18T10:07:00,4.22,retail,digital_wallet,US,75,14,0,31.3,0
TXN003376,2024-08-03T00:00:00,899.69,grocery,debit,FR,48,4,1,22.4,0
TXN003377,2024-09-23T15:55:00,41.95,restaurant,debit,JP,25,18,0,6.3,0
TXN003378,2024-10-05T00:43:00,43.59,restaurant,debit,UK,66,5,1,12.1,0
TXN003379,2024-04-24T21:00:00,1459.59,healthcare,digital_wallet,UK,50,20,0,2.9,0
TXN003380,2024-08-17T12:01:00,93.96,retail,debit,CA,31,10,1,1.8,0
TXN003381,2024-10-11T17:05:00,19.36,online,debit,FR,48,9,0,2.8,0
TXN003382,2024-08-24T20:30:00,96.79,healthcare,credit,US,36,3,1,16.4,0
TXN003383,2024-10-16T09:15:00,76.92,healthcare,digital_wallet,US,46,15,0,7.7,0
TXN003384,2024-10-26T19:19:00,97.85,restaurant,digital_wallet,UK,51,10,0,8.9,0
TXN003385,2024-07-03T02:56:00,84.64,healthcare,debit,US,44,9,0,0.3,0
TXN003386,2024-09-28T15:53:00,8.82,travel,digital_wallet,JP,80,16,0,11.1,0
TXN003387,2024-10-27T01:36:00,93.77,travel,credit,FR,26,4,0,3.7,0
TXN003388,2024-04-14T06:53:00,86.3,healthcare,digital_wallet,UK,38,4,0,8.1,0
TXN003389,2024-09-05T06:31:00,130.55,restaurant,debit,AU,60,5,0,33.3,0
TXN003390,2024-08-13T15:30:00,40.98,healthcare,debit,UK,45,16,1,7.4,0
TXN003391,2024-09-28T08:09:00,48.11,restaurant,debit,US,37,1,0,25.4,0
TXN003392,2024-09-18T16:46:00,11.25,travel,digital_wallet,FR,18,8,0,5.8,0
TXN003393,2024-08-09T22:29:00,113.53,online,debit,UK,47,7,0,4.2,0
TXN003394,2024-05-27T01:41:00,135.22,healthcare,digital_wallet,CA,28,10,0,9.7,0
TXN003395,2024-05-09T16:25:00,282.32,healthcare,credit,JP,37,23,0,13.6,0
TXN003396,2024-07-18T10:41:00,125.8,online,credit,UK,34,23,1,6.7,0
TXN003397,2024-07-08T06:24:00,27.95,retail,debit,JP,58,5,0,8.2,0
TXN003398,2024-03-03T19:48:00,105.84,restaurant,credit,DE,40,7,0,9.8,0
TXN003399,2024-07-12T20:45:00,26.68,healthcare,credit,JP,44,9,0,13.9,0
TXN003400,2024-07-11T03:18:00,33.87,travel,digital_wallet,AU,54,16,0,18.0,0
TXN003401,2024-09-20T10:06:00,18.16,retail,credit,CA,35,5,0,5.6,0
TXN003402,2024-01-05T02:36:00,115.81,restaurant,credit,UK,80,22,1,24.7,0
TXN003403,2024-05-01T17:01:00,24.5,travel,credit,DE,71,20,0,12.6,0
TXN003404,2024-06-14T12:08:00,22220.18,travel,debit,FR,19,0,0,29.7,1
TXN003405,2024-04-18T16:57:00,428.14,grocery,digital_wallet,AU,23,4,0,8.1,0
TXN003406,2024-03-06T18:39:00,64.89,online,debit,AU,43,14,0,16.8,0
TXN003407,2024-12-14T01:11:00,148.55,restaurant,digital_wallet,FR,43,2,1,6.3,0
TXN003408,2024-09-21T03:33:00,114.23,grocery,credit,CA,35,15,1,16.0,0
TXN003409,2024-03-14T19:13:00,27.83,healthcare,credit,US,41,2,0,21.8,0
TXN003410,2024-12-03T13:05:00,31.5,retail,debit,CA,34,0,0,18.0,0
TXN003411,2024-08-15T16:11:00,1893.26,restaurant,credit,US,25,2,1,33.4,0
TXN003412,2024-08-14T02:02:00,173.22,online,debit,FR,74,14,1,11.8,0
TXN003413,2024-12-23T22:02:00,65.29,restaurant,debit,AU,76,8,0,7.0,0
TXN003414,2024-12-21T20:28:00,21.18,restaurant,credit,DE,61,8,1,18.4,0
TXN003415,2024-04-24T12:58:00,351.11,restaurant,debit,AU,80,8,0,29.1,0
TXN003416,2024-09-13T23:39:00,1645.36,online,credit,UK,59,12,0,1.9,0
TXN003417,2024-10-01T14:44:00,239.3,grocery,credit,FR,70,9,0,29.2,0
TXN003418,2024-08-10T22:56:00,82.13,grocery,digital_wallet,DE,49,21,0,4.8,0
TXN003419,2024-04-13T09:44:00,644.39,grocery,digital_wallet,CA,67,18,1,7.3,0
TXN003420,2024-09-07T04:16:00,13.01,travel,debit,UK,47,13,0,8.2,0
TXN003421,2024-07-11T21:44:00,21.55,online,debit,AU,68,15,0,6.1,0
TXN003422,2024-03-11T17:07:00,4.02,restaurant,digital_wallet,FR,36,9,0,1.1,0
TXN003423,2024-06-03T14:30:00,44.91,grocery,digital_wallet,JP,18,2,0,41.0,0
TXN003424,2024-11-11T01:34:00,57.58,online,digital_wallet,DE,52,5,0,18.1,0
TXN003425,2024-12-24T20:45:00,7201.77,healthcare,credit,UK,35,23,0,12.8,1
TXN003426,2024-02-21T02:08:00,43.36,restaurant,credit,CA,47,21,0,7.9,0
TXN003427,2024-10-25T06:52:00,447.81,restaurant,digital_wallet,AU,40,8,1,5.2,0
TXN003428,2024-01-26T08:05:00,145.36,retail,credit,DE,80,4,1,7.6,0
TXN003429,2024-05-19T04:05:00,55.37,retail,credit,US,43,12,0,15.9,0
TXN003430,2024-06-14T13:59:00,823.15,restaurant,digital_wallet,UK,49,8,1,37.1,0
TXN003431,2024-10-27T00:50:00,21.47,online,debit,FR,66,1,0,3.3,0
TXN003432,2024-12-13T03:27:00,14.47,healthcare,debit,FR,48,1,1,5.5,0
TXN003433,2024-11-18T13:29:00,6.26,grocery,credit,JP,43,15,0,6.9,0
TXN003434,2024-04-27T09:28:00,53.86,restaurant,credit,US,24,7,0,7.6,0
TXN003435,2024-10-23T16:26:00,83.23,healthcare,credit,UK,70,19,0,6.5,0
TXN003436,2024-07-17T15:33:00,34.53,retail,digital_wallet,DE,19,18,0,1.0,0
TXN003437,2024-06-19T16:19:00,51.78,restaurant,digital_wallet,DE,30,4,0,8.9,0
TXN003438,2024-10-10T09:45:00,117.55,grocery,credit,AU,65,5,0,1.8,0
TXN003439,2024-03-07T13:06:00,138.09,retail,debit,DE,30,10,0,6.2,0
TXN003440,2024-06-17T04:43:00,17.08,grocery,credit,FR,21,13,1,6.4,0
TXN003441,2024-06-13T18:09:00,303.84,restaurant,digital_wallet,AU,71,7,1,21.3,0
TXN003442,2024-03-07T23:02:00,33.88,grocery,debit,CA,25,3,0,0.9,0
TXN003443,2024-10-18T05:52:00,1.43,travel,credit,UK,70,6,0,3.9,0
TXN003444,2024-04-22T05:04:00,83.72,online,credit,FR,79,7,0,2.1,0
TXN003445,2024-02-28T00:08:00,2.15,online,digital_wallet,US,69,8,0,5.6,0
TXN003446,2024-02-13T03:32:00,557.01,restaurant,debit,JP,68,17,0,3.9,0
TXN003447,2024-09-18T11:53:00,226.0,travel,digital_wallet,CA,79,10,0,10.8,0
TXN003448,2024-11-01T10:54:00,97.3,healthcare,digital_wallet,US,60,22,0,0.3,0
TXN003449,2024-01-19T12:00:00,31.54,restaurant,credit,US,53,18,0,0.1,0
TXN003450,2024-06-17T22:03:00,14.54,retail,debit,JP,28,10,0,2.1,0
TXN003451,2024-03-10T09:01:00,31.85,online,debit,FR,65,9,0,7.5,0
TXN003452,2024-04-20T04:01:00,4.58,restaurant,digital_wallet,CA,59,17,1,1.3,0
TXN003453,2024-12-01T09:30:00,9.62,healthcare,credit,AU,35,18,0,2.6,0
TXN003454,2024-10-23T02:42:00,40.5,retail,credit,AU,37,12,0,12.4,0
TXN003455,2024-08-13T10:40:00,1.88,restaurant,debit,CA,46,20,0,16.7,0
TXN003456,2024-06-07T14:17:00,72.66,travel,debit,UK,51,19,0,12.5,0
TXN003457,2024-11-08T20:05:00,35.44,grocery,debit,FR,32,13,0,6.2,0
TXN003458,2024-04-21T23:23:00,104.71,online,credit,JP,27,16,0,14.5,0
TXN003459,2024-05-23T03:35:00,7.93,grocery,debit,UK,40,1,1,17.6,0
TXN003460,2024-01-26T18:59:00,102.75,travel,debit,CA,72,16,1,15.3,0
TXN003461,2024-06-04T12:57:00,23.3,healthcare,debit,JP,38,6,1,2.0,0
TXN003462,2024-06-12T12:16:00,23.07,travel,debit,DE,79,14,1,7.2,0
TXN003463,2024-06-10T11:41:00,467.56,restaurant,credit,FR,57,20,0,0.8,0
TXN003464,2024-06-23T17:35:00,91.15,healthcare,credit,AU,52,12,1,10.9,0
TXN003465,2024-04-22T15:38:00,9.74,travel,debit,US,51,19,0,28.8,0
TXN003466,2024-07-26T17:00:00,118.52,retail,digital_wallet,US,23,19,1,6.2,0
TXN003467,2024-07-06T17:59:00,269.08,healthcare,digital_wallet,CA,54,17,0,2.5,0
TXN003468,2024-07-23T01:30:00,148.27,online,credit,DE,33,19,0,5.0,0
TXN003469,2024-04-16T20:43:00,450.23,retail,debit,DE,32,1,0,2.9,0
TXN003470,2024-10-11T14:29:00,1130.67,travel,debit,AU,57,3,1,3.0,0
TXN003471,2024-05-25T04:23:00,7.76,grocery,debit,AU,23,2,1,3.4,0
TXN003472,2024-11-11T04:00:00,7.62,grocery,credit,AU,62,6,0,6.3,0
TXN003473,2024-09-20T23:23:00,20.2,restaurant,digital_wallet,DE,69,21,0,11.1,0
TXN003474,2024-12-01T09:01:00,946.33,grocery,debit,FR,27,5,1,10.6,0
TXN003475,2024-12-05T00:38:00,126.56,grocery,credit,CA,57,23,0,4.3,0
TXN003476,2024-04-21T15:37:00,6.76,restaurant,debit,AU,57,20,1,56.6,0
TXN003477,2024-09-01T13:09:00,3.99,restaurant,digital_wallet,CA,45,13,0,9.7,0
TXN003478,2024-08-26T16:39:00,11.6,grocery,debit,JP,42,4,0,5.6,0
TXN003479,2024-03-28T05:41:00,175.78,grocery,digital_wallet,CA,18,0,0,7.9,0
TXN003480,2024-02-11T18:39:00,631.27,online,credit,DE,19,13,0,2.0,0
TXN003481,2024-07-02T12:59:00,21625.48,grocery,credit,CA,48,23,1,8.0,1
TXN003482,2024-04-05T15:30:00,24.32,grocery,digital_wallet,CA,80,22,0,10.6,0
TXN003483,2024-12-27T23:07:00,40.95,retail,digital_wallet,DE,61,10,0,2.3,0
TXN003484,2024-07-14T22:14:00,54.65,healthcare,digital_wallet,UK,45,20,0,2.3,0
TXN003485,2024-04-02T14:39:00,463.59,online,digital_wallet,UK,65,5,0,36.1,0
TXN003486,2024-09-27T23:20:00,18.49,travel,digital_wallet,FR,20,20,0,8.9,0
TXN003487,2024-07-01T09:38:00,125.63,grocery,digital_wallet,FR,70,20,1,0.7,0
TXN003488,2024-08-13T20:36:00,40.72,online,debit,FR,66,11,0,13.0,0
TXN003489,2024-07-22T12:38:00,6.84,travel,digital_wallet,FR,53,15,1,1.8,0
TXN003490,2024-12-08T17:29:00,1333.07,healthcare,debit,AU,71,15,1,18.0,0
TXN003491,2024-01-14T09:15:00,5.3,grocery,digital_wallet,JP,20,22,0,0.3,0
TXN003492,2024-11-08T07:51:00,140.88,healthcare,debit,JP,20,2,0,6.9,0
TXN003493,2024-03-13T09:45:00,14.62,grocery,debit,AU,59,5,0,3.6,0
TXN003494,2024-02-13T08:23:00,77.78,grocery,credit,AU,70,18,1,6.7,0
TXN003495,2024-12-01T20:18:00,291.26,healthcare,debit,CA,77,7,0,29.7,0
TXN003496,2024-03-13T17:36:00,117.37,retail,debit,JP,79,2,0,1.8,0
TXN003497,2024-10-01T23:13:00,248.67,grocery,digital_wallet,US,18,16,0,9.4,0
TXN003498,2024-03-25T08:07:00,22.31,retail,credit,FR,38,8,0,0.3,0
TXN003499,2024-11-17T16:19:00,33.84,retail,digital_wallet,UK,24,21,1,32.0,0
TXN003500,2024-07-09T07:43:00,13.53,healthcare,credit,US,19,3,0,8.4,0
TXN003501,2024-11-23T19:04:00,29.39,retail,digital_wallet,UK,71,6,0,3.1,0
TXN003502,2024-09-21T15:49:00,17.02,restaurant,debit,DE,28,3,1,4.6,0
TXN003503,2024-10-13T10:13:00,161.66,restaurant,digital_wallet,AU,53,1,0,10.4,0
TXN003504,2024-07-04T07:41:00,23469.86,online,digital_wallet,JP,75,22,0,2.0,1
TXN003505,2024-10-26T18:23:00,59.01,travel,digital_wallet,JP,30,22,0,14.1,0
TXN003506,2024-05-06T05:52:00,74.36,grocery,debit,US,55,8,0,5.6,0
TXN003507,2024-08-25T15:24:00,7.05,retail,digital_wallet,DE,19,21,1,2.6,0
TXN003508,2024-09-24T11:22:00,171.53,grocery,digital_wallet,CA,57,19,1,5.8,0
TXN003509,2024-05-16T03:48:00,8.63,online,digital_wallet,DE,64,22,0,13.3,0
TXN003510,2024-07-26T00:30:00,104.13,healthcare,credit,CA,57,7,0,14.8,0
TXN003511,2024-11-11T08:53:00,15.61,restaurant,debit,JP,20,18,0,6.3,0
TXN003512,2024-01-13T21:14:00,256.76,travel,debit,US,52,3,0,0.1,0
TXN003513,2024-01-17T03:23:00,361.28,healthcare,credit,CA,49,6,0,1.4,0
TXN003514,2024-09-28T03:55:00,160.74,travel,credit,FR,77,6,0,25.4,0
TXN003515,2024-08-17T12:23:00,24.38,grocery,digital_wallet,CA,65,2,0,12.3,0
TXN003516,2024-11-25T13:10:00,8.52,healthcare,digital_wallet,CA,20,10,1,18.2,0
TXN003517,2024-08-15T09:34:00,107.48,travel,debit,CA,78,12,1,1.2,0
TXN003518,2024-07-04T13:08:00,9.96,retail,credit,UK,24,14,0,8.1,0
TXN003519,2024-04-02T01:16:00,107.32,online,credit,DE,39,10,0,21.6,0
TXN003520,2024-09-09T23:14:00,23.62,travel,credit,US,68,0,0,4.6,0
TXN003521,2024-10-17T14:54:00,144.21,online,digital_wallet,AU,73,18,0,7.6,0
TXN003522,2024-10-14T04:47:00,1.1,grocery,digital_wallet,AU,49,4,0,1.9,0
TXN003523,2024-06-27T05:25:00,10.89,grocery,debit,JP,52,6,0,5.6,0
TXN003524,2024-12-25T13:54:00,13.95,restaurant,credit,UK,40,17,0,7.3,0
TXN003525,2024-07-08T11:45:00,120.64,healthcare,digital_wallet,US,77,19,0,6.4,0
TXN003526,2024-05-23T09:16:00,576.61,restaurant,debit,US,54,13,0,9.5,0
TXN003527,2024-11-19T05:10:00,26.78,restaurant,debit,AU,31,2,1,13.5,0
TXN003528,2024-03-27T19:12:00,10.58,retail,digital_wallet,UK,23,22,0,5.3,0
TXN003529,2024-06-02T09:20:00,116.73,restaurant,debit,US,58,16,0,33.2,0
TXN003530,2024-06-10T16:28:00,14.74,online,digital_wallet,UK,72,12,1,3.6,0
TXN003531,2024-10-02T23:39:00,257.88,travel,debit,US,37,15,1,6.6,0
TXN003532,2024-02-03T13:08:00,88.58,restaurant,digital_wallet,DE,52,16,0,2.7,0
TXN003533,2024-02-20T07:28:00,22.04,travel,debit,DE,21,7,1,1.9,0
TXN003534,2024-02-04T05:28:00,400.74,retail,credit,DE,22,10,0,5.9,0
TXN003535,2024-12-25T15:23:00,10.7,restaurant,debit,AU,42,19,0,6.2,0
TXN003536,2024-02-10T06:28:00,35.38,retail,digital_wallet,US,41,6,1,37.1,0
TXN003537,2024-04-23T14:36:00,34.78,online,digital_wallet,JP,55,10,0,7.1,0
TXN003538,2024-10-08T00:05:00,413.63,restaurant,digital_wallet,US,73,14,0,1.5,0
TXN003539,2024-10-15T10:23:00,84.3,online,credit,DE,40,1,0,11.9,0
TXN003540,2024-12-18T21:19:00,73.56,travel,credit,AU,61,21,0,13.3,0
TXN003541,2024-05-03T07:17:00,186.82,online,credit,JP,74,10,1,10.0,0
TXN003542,2024-08-10T14:42:00,42.56,restaurant,debit,US,79,5,0,0.0,0
TXN003543,2024-11-13T19:21:00,23.44,healthcare,credit,AU,73,13,0,25.4,0
TXN003544,2024-06-21T04:36:00,12.96,healthcare,credit,DE,39,10,0,8.8,0
TXN003545,2024-03-10T13:09:00,1.4,grocery,digital_wallet,DE,32,4,0,6.8,0
TXN003546,2024-03-26T10:07:00,266.59,retail,digital_wallet,UK,34,21,1,4.8,0
TXN003547,2024-02-18T16:12:00,19.15,online,credit,JP,41,22,1,10.6,0
TXN003548,2024-10-25T21:26:00,15.54,travel,debit,JP,28,15,0,4.3,0
TXN003549,2024-12-14T02:04:00,614.42,restaurant,digital_wallet,FR,48,19,0,2.3,0
TXN003550,2024-05-10T00:19:00,335.72,travel,credit,DE,21,23,0,18.6,0
TXN003551,2024-02-26T15:27:00,18.06,grocery,credit,DE,57,21,0,2.1,0
TXN003552,2024-04-03T14:43:00,29.17,grocery,credit,US,50,10,0,12.1,0
TXN003553,2024-03-19T03:17:00,109.66,online,credit,JP,43,4,1,2.7,0
TXN003554,2024-09-06T12:11:00,11.31,travel,debit,CA,56,17,0,5.4,0
TXN003555,2024-07-06T03:16:00,80.64,travel,debit,CA,69,15,0,9.5,0
TXN003556,2024-04-16T10:50:00,8.77,grocery,debit,JP,28,1,0,25.9,0
TXN003557,2024-08-07T19:50:00,25.02,travel,debit,UK,42,13,0,2.3,0
TXN003558,2024-01-08T13:23:00,13.07,travel,debit,CA,51,8,0,4.3,0
TXN003559,2024-10-17T01:41:00,112.56,online,credit,UK,31,13,1,8.6,0
TXN003560,2024-05-19T22:56:00,22.85,restaurant,credit,UK,67,19,1,0.2,0
TXN003561,2024-07-24T22:15:00,31.46,travel,credit,UK,24,20,0,16.0,0
TXN003562,2024-09-28T21:02:00,42.91,grocery,digital_wallet,CA,76,3,0,16.3,0
TXN003563,2024-08-24T17:24:00,137.43,grocery,credit,FR,57,17,1,6.4,0
TXN003564,2024-02-11T00:33:00,42.71,restaurant,credit,AU,78,3,0,12.3,0
TXN003565,2024-12-19T22:21:00,138.25,online,digital_wallet,JP,46,8,0,24.2,0
TXN003566,2024-06-17T05:22:00,69.76,healthcare,digital_wallet,AU,50,20,1,10.4,0
TXN003567,2024-03-02T06:35:00,47.2,restaurant,digital_wallet,FR,56,13,0,1.8,0
TXN003568,2024-02-04T13:55:00,25.06,healthcare,credit,AU,52,1,0,0.5,0
TXN003569,2024-05-10T20:12:00,51.7,grocery,credit,CA,47,18,0,10.3,0
TXN003570,2024-03-04T00:57:00,14.79,grocery,credit,AU,50,5,1,82.9,0
TXN003571,2024-08-16T23:25:00,213.29,restaurant,credit,AU,46,12,0,6.8,0
TXN003572,2024-06-03T22:37:00,42.63,online,debit,UK,40,5,0,1.7,0
TXN003573,2024-06-03T06:13:00,7.58,healthcare,credit,US,40,10,0,12.8,0
TXN003574,2024-05-13T17:34:00,15.99,grocery,credit,JP,42,19,0,8.5,0
TXN003575,2024-11-03T00:49:00,29.68,online,digital_wallet,DE,72,19,0,0.8,0
TXN003576,2024-02-16T09:41:00,21.89,travel,digital_wallet,FR,43,16,0,0.6,0
TXN003577,2024-06-27T01:43:00,169.48,restaurant,credit,US,55,13,0,0.8,0
TXN003578,2024-09-07T22:27:00,50.78,healthcare,digital_wallet,CA,55,15,0,5.2,0
TXN003579,2024-01-08T08:51:00,16.43,healthcare,debit,UK,48,10,0,28.9,0
TXN003580,2024-01-27T11:08:00,54.86,retail,credit,US,50,4,0,11.5,0
TXN003581,2024-06-15T04:41:00,2662.0,retail,credit,FR,46,14,0,3.7,0
TXN003582,2024-10-16T15:05:00,6.62,restaurant,debit,CA,69,17,0,4.4,0
TXN003583,2024-08-05T00:55:00,759.6,travel,credit,US,61,5,0,1.7,0
TXN003584,2024-08-22T12:55:00,1.42,retail,credit,JP,78,1,1,1.8,0
TXN003585,2024-06-11T20:31:00,16.16,healthcare,credit,DE,40,13,0,7.4,0
TXN003586,2024-10-03T07:39:00,18.72,retail,credit,US,69,10,0,24.4,0
TXN003587,2024-03-05T19:55:00,18.6,online,debit,US,79,10,0,1.3,0
TXN003588,2024-10-23T09:18:00,15.36,travel,credit,UK,32,14,0,3.0,0
TXN003589,2024-07-28T07:59:00,40.29,online,credit,US,66,6,1,4.3,0
TXN003590,2024-04-02T03:57:00,210.35,grocery,debit,FR,46,12,0,19.9,0
TXN003591,2024-06-25T12:15:00,51.07,healthcare,credit,CA,26,11,0,0.8,0
TXN003592,2024-02-18T22:14:00,5.22,healthcare,debit,CA,34,1,1,3.3,0
TXN003593,2024-01-28T06:26:00,2.36,travel,credit,FR,57,3,0,9.7,0
TXN003594,2024-08-17T19:21:00,1038.37,travel,debit,FR,66,11,0,6.9,0
TXN003595,2024-08-11T00:46:00,29.61,retail,digital_wallet,US,25,23,0,7.5,0
TXN003596,2024-07-28T00:39:00,26.26,grocery,digital_wallet,US,43,4,0,13.9,0
TXN003597,2024-01-21T01:43:00,61.25,grocery,credit,DE,36,21,0,3.6,0
TXN003598,2024-06-01T23:00:00,151.96,travel,debit,AU,40,15,0,8.3,0
TXN003599,2024-07-09T04:17:00,125.58,restaurant,debit,DE,65,10,0,15.2,0
TXN003600,2024-12-01T02:27:00,34.53,restaurant,digital_wallet,US,47,6,0,12.4,0
TXN003601,2024-02-19T00:45:00,3.81,restaurant,debit,DE,20,17,1,14.1,0
TXN003602,2024-07-05T16:46:00,353.76,retail,digital_wallet,DE,72,14,1,7.0,0
TXN003603,2024-07-05T04:40:00,87.37,healthcare,debit,UK,39,15,0,13.1,0
TXN003604,2024-06-23T19:29:00,82.94,retail,credit,US,32,9,0,7.9,0
TXN003605,2024-09-15T10:36:00,2.3,healthcare,debit,US,28,18,0,9.4,0
TXN003606,2024-07-01T05:53:00,246.19,restaurant,credit,JP,59,20,0,4.1,0
TXN003607,2024-08-25T20:26:00,54.13,grocery,debit,US,79,13,1,3.9,0
TXN003608,2024-01-01T08:20:00,23.62,travel,digital_wallet,FR,66,22,1,18.2,0
TXN003609,2024-05-01T02:38:00,9.03,healthcare,debit,DE,48,0,0,3.1,0
TXN003610,2024-04-15T20:16:00,98.54,grocery,credit,DE,29,14,0,13.1,0
TXN003611,2024-06-09T13:44:00,44.16,online,debit,CA,23,6,0,20.5,0
TXN003612,2024-01-08T01:34:00,77.93,retail,credit,US,69,18,0,1.2,0
TXN003613,2024-02-16T16:34:00,65.51,retail,debit,CA,19,15,0,20.7,0
TXN003614,2024-08-14T08:06:00,7.61,retail,digital_wallet,DE,20,22,0,0.3,0
TXN003615,2024-08-16T01:36:00,546.06,restaurant,digital_wallet,US,45,5,0,3.9,0
TXN003616,2024-10-27T05:43:00,18.39,online,credit,CA,62,8,0,11.1,0
TXN003617,2024-01-26T16:18:00,15.0,retail,debit,CA,64,23,0,2.1,0
TXN003618,2024-08-01T13:52:00,40.02,travel,digital_wallet,AU,76,5,0,23.5,0
TXN003619,2024-07-26T08:44:00,274.32,retail,credit,UK,24,23,0,2.3,0
TXN003620,2024-01-26T19:55:00,319.19,restaurant,digital_wallet,DE,31,3,0,6.6,0
TXN003621,2024-08-25T03:08:00,309.29,travel,digital_wallet,UK,61,12,0,5.7,0
TXN003622,2024-05-12T21:36:00,51.88,grocery,credit,AU,23,8,0,2.0,0
TXN003623,2024-01-19T14:39:00,52.13,grocery,credit,DE,32,22,0,2.0,0
TXN003624,2024-10-22T05:11:00,643.52,online,digital_wallet,US,18,17,0,0.6,0
TXN003625,2024-01-21T22:59:00,19.57,retail,digital_wallet,UK,41,18,0,2.9,0
TXN003626,2024-05-14T12:29:00,778.39,healthcare,digital_wallet,FR,75,13,1,1.1,0
TXN003627,2024-07-28T16:31:00,102.53,retail,debit,DE,33,7,0,11.8,0
TXN003628,2024-05-26T02:52:00,2.68,grocery,debit,US,25,7,1,6.5,0
TXN003629,2024-09-21T08:37:00,68.25,online,credit,UK,79,8,0,17.7,0
TXN003630,2024-06-22T05:38:00,21.42,retail,digital_wallet,DE,38,18,1,0.3,0
TXN003631,2024-03-19T04:42:00,377.39,online,debit,DE,22,0,1,26.3,0
TXN003632,2024-05-24T08:56:00,456.61,online,debit,DE,62,10,1,6.0,0
TXN003633,2024-11-22T05:19:00,5.53,retail,credit,CA,79,22,0,7.0,0
TXN003634,2024-05-11T04:55:00,209.4,travel,digital_wallet,UK,69,22,1,8.0,0
TXN003635,2024-07-04T02:04:00,115.35,grocery,credit,UK,51,4,1,11.8,0
TXN003636,2024-09-02T02:49:00,21.14,restaurant,digital_wallet,US,39,22,0,1.1,0
TXN003637,2024-06-17T08:24:00,85.53,restaurant,debit,UK,54,14,1,3.0,0
TXN003638,2024-06-16T12:40:00,444.31,healthcare,digital_wallet,FR,79,20,1,1.2,0
TXN003639,2024-02-19T05:29:00,235.76,grocery,digital_wallet,US,44,9,0,8.1,0
TXN003640,2024-02-24T21:43:00,12.82,online,credit,FR,40,5,0,36.6,0
TXN003641,2024-02-01T18:29:00,39.72,retail,digital_wallet,UK,56,3,0,19.0,0
TXN003642,2024-09-18T03:54:00,38.01,grocery,debit,DE,70,21,0,17.2,0
TXN003643,2024-01-14T05:55:00,29.76,travel,credit,AU,73,3,0,14.6,0
TXN003644,2024-08-25T05:49:00,405.71,travel,debit,JP,38,0,0,12.1,0
TXN003645,2024-09-28T19:32:00,443.11,travel,credit,CA,73,5,0,6.9,0
TXN003646,2024-09-28T18:31:00,147.14,restaurant,debit,UK,75,22,0,8.2,0
TXN003647,2024-05-24T15:29:00,61.59,travel,debit,UK,69,23,0,33.4,0
TXN003648,2024-05-07T01:32:00,695.43,restaurant,credit,FR,42,9,1,2.9,0
TXN003649,2024-04-19T10:07:00,78.47,online,debit,JP,42,6,0,14.9,0
TXN003650,2024-04-19T08:28:00,83.1,grocery,digital_wallet,DE,28,17,0,9.6,0
TXN003651,2024-05-03T01:44:00,32.8,travel,credit,DE,28,16,0,9.2,0
TXN003652,2024-01-02T23:48:00,102.34,healthcare,debit,FR,43,17,0,3.3,0
TXN003653,2024-05-10T11:01:00,27.2,online,credit,US,35,10,0,18.6,0
TXN003654,2024-12-03T09:27:00,323.73,grocery,digital_wallet,FR,66,7,0,44.8,0
TXN003655,2024-04-09T00:32:00,120.48,restaurant,debit,FR,47,15,0,15.0,0
TXN003656,2024-05-17T02:57:00,76.34,restaurant,digital_wallet,CA,65,10,0,1.6,0
TXN003657,2024-05-07T19:38:00,1070.94,restaurant,digital_wallet,CA,68,9,1,11.0,0
TXN003658,2024-02-05T22:27:00,13.04,restaurant,credit,US,57,14,0,5.0,0
TXN003659,2024-10-03T18:08:00,15.99,healthcare,debit,AU,24,11,0,4.1,0
TXN003660,2024-09-25T03:55:00,449.3,retail,debit,CA,48,4,1,4.8,0
TXN003661,2024-08-28T07:32:00,2.07,online,credit,US,38,5,1,11.4,0
TXN003662,2024-11-23T21:44:00,57.06,travel,digital_wallet,AU,61,8,1,14.3,0
TXN003663,2024-05-27T09:43:00,253.0,restaurant,debit,AU,29,10,0,0.4,0
TXN003664,2024-10-15T17:04:00,273.88,travel,digital_wallet,UK,67,7,1,14.8,0
TXN003665,2024-01-01T03:32:00,147.01,online,digital_wallet,CA,72,1,1,3.0,0
TXN003666,2024-04-14T08:59:00,71.27,travel,digital_wallet,FR,49,12,0,1.7,0
TXN003667,2024-06-23T18:47:00,15.04,restaurant,debit,DE,54,3,1,27.2,0
TXN003668,2024-10-16T10:27:00,637.24,online,credit,US,46,11,1,21.4,0
TXN003669,2024-11-03T14:41:00,15.55,healthcare,debit,DE,72,1,0,7.5,0
TXN003670,2024-03-18T11:01:00,20.7,online,digital_wallet,UK,34,6,0,16.0,0
TXN003671,2024-11-18T22:59:00,7.96,restaurant,debit,AU,31,5,0,10.4,0
TXN003672,2024-01-26T08:44:00,40.74,travel,debit,AU,34,9,0,2.1,0
TXN003673,2024-05-27T00:28:00,27.57,grocery,digital_wallet,UK,26,1,0,0.7,0
TXN003674,2024-01-20T01:32:00,53.59,healthcare,debit,FR,20,15,0,3.8,0
TXN003675,2024-08-22T19:52:00,59.87,healthcare,digital_wallet,DE,45,23,0,13.3,0
TXN003676,2024-07-13T16:20:00,29.75,travel,debit,AU,28,21,0,13.7,0
TXN003677,2024-09-28T21:53:00,61.15,retail,credit,JP,70,14,0,2.2,0
TXN003678,2024-12-04T02:21:00,26.05,retail,credit,UK,32,3,0,11.8,0
TXN003679,2024-08-01T19:44:00,5.66,grocery,credit,FR,66,8,0,5.8,0
TXN003680,2024-03-18T03:04:00,50.28,restaurant,debit,CA,31,21,0,28.1,0
TXN003681,2024-02-21T00:22:00,29.92,travel,credit,DE,47,20,0,1.7,0
TXN003682,2024-11-24T23:26:00,121.88,healthcare,credit,UK,39,5,0,6.4,0
TXN003683,2024-03-23T06:36:00,1134.75,healthcare,debit,FR,33,5,0,7.2,0
TXN003684,2024-10-06T14:20:00,3.89,retail,digital_wallet,JP,35,12,0,2.0,0
TXN003685,2024-05-15T17:42:00,309.15,grocery,debit,DE,28,18,0,4.5,0
TXN003686,2024-06-17T22:18:00,17.05,grocery,digital_wallet,US,46,9,1,54.0,0
TXN003687,2024-05-12T06:09:00,189.26,retail,credit,FR,48,2,0,9.5,0
TXN003688,2024-03-12T02:53:00,33.91,travel,digital_wallet,US,24,22,1,16.8,0
TXN003689,2024-11-21T21:29:00,21.98,grocery,digital_wallet,UK,43,11,0,19.0,0
TXN003690,2024-11-10T04:04:00,9.5,online,digital_wallet,AU,41,22,0,4.2,0
TXN003691,2024-09-23T21:50:00,38262.7,restaurant,digital_wallet,FR,49,19,0,12.2,1
TXN003692,2024-01-07T15:26:00,88.56,travel,credit,DE,63,21,0,7.1,0
TXN003693,2024-07-03T07:10:00,178.67,healthcare,debit,US,25,8,1,7.5,0
TXN003694,2024-11-03T19:30:00,61.34,grocery,digital_wallet,FR,33,20,0,2.9,0
TXN003695,2024-05-08T07:40:00,167.12,restaurant,digital_wallet,JP,30,21,0,6.3,0
TXN003696,2024-07-25T19:50:00,133.15,restaurant,digital_wallet,US,18,4,0,4.5,0
TXN003697,2024-05-08T03:45:00,119.85,healthcare,debit,FR,18,23,0,5.4,0
TXN003698,2024-04-04T06:11:00,361.45,healthcare,digital_wallet,FR,64,12,0,2.5,0
TXN003699,2024-03-11T13:28:00,7.22,travel,credit,JP,41,15,0,16.0,0
TXN003700,2024-10-21T19:53:00,1307.07,restaurant,digital_wallet,US,77,11,0,1.7,0
TXN003701,2024-11-09T20:36:00,38.59,restaurant,debit,CA,42,18,0,2.1,0
TXN003702,2024-08-20T20:42:00,16.61,grocery,digital_wallet,UK,71,21,0,0.7,0
TXN003703,2024-10-20T16:33:00,32.15,online,debit,JP,75,13,0,3.6,0
TXN003704,2024-09-07T08:58:00,254.38,grocery,debit,FR,47,14,0,0.2,0
TXN003705,2024-07-25T17:17:00,249.67,restaurant,debit,UK,70,0,0,9.3,0
TXN003706,2024-01-27T03:05:00,178.88,grocery,digital_wallet,JP,65,3,0,16.0,0
TXN003707,2024-01-21T14:17:00,346.02,retail,debit,UK,71,22,0,0.9,0
TXN003708,2024-03-12T12:25:00,4.86,grocery,digital_wallet,FR,51,8,0,29.2,0
TXN003709,2024-01-16T13:25:00,61.8,retail,digital_wallet,FR,37,11,0,17.7,0
TXN003710,2024-10-13T19:08:00,34.63,online,credit,JP,40,20,0,5.6,0
TXN003711,2024-12-28T02:10:00,114.88,online,debit,CA,42,17,0,11.1,0
TXN003712,2024-08-20T13:55:00,396.34,grocery,debit,FR,23,9,1,35.3,0
TXN003713,2024-10-16T04:21:00,34.86,travel,debit,FR,66,20,0,0.6,0
TXN003714,2024-08-19T06:33:00,16.1,restaurant,digital_wallet,US,20,23,0,14.7,0
TXN003715,2024-10-13T00:24:00,122.99,online,digital_wallet,JP,72,22,1,2.4,0
TXN003716,2024-11-04T09:51:00,24.64,online,digital_wallet,UK,46,6,1,6.7,0
TXN003717,2024-04-26T20:05:00,256.68,online,credit,CA,24,19,1,5.4,0
TXN003718,2024-03-11T03:28:00,86.67,restaurant,credit,JP,68,7,0,13.6,0
TXN003719,2024-06-02T13:32:00,22.31,travel,credit,FR,42,9,0,31.9,0
TXN003720,2024-03-04T00:52:00,72.44,grocery,digital_wallet,US,50,21,0,20.5,0
TXN003721,2024-03-20T19:31:00,54.46,healthcare,credit,UK,25,12,0,8.6,0
TXN003722,2024-02-24T16:16:00,23.55,travel,debit,AU,53,19,0,7.7,0
TXN003723,2024-10-01T05:14:00,5.19,retail,digital_wallet,AU,38,11,1,4.2,0
TXN003724,2024-11-11T21:37:00,278.81,restaurant,credit,FR,72,2,0,2.1,0
TXN003725,2024-12-21T22:58:00,2.58,restaurant,credit,CA,32,21,1,7.7,0
TXN003726,2024-12-12T16:27:00,159.26,retail,debit,FR,22,17,0,4.6,0
TXN003727,2024-07-02T01:40:00,323.74,healthcare,credit,US,31,17,0,4.2,0
TXN003728,2024-12-18T07:52:00,713.89,online,debit,CA,69,10,0,3.1,0
TXN003729,2024-07-11T14:08:00,35.76,healthcare,debit,JP,71,18,0,9.7,0
TXN003730,2024-10-15T03:19:00,151.67,grocery,credit,AU,32,23,0,6.3,0
TXN003731,2024-08-26T05:13:00,127.48,retail,digital_wallet,DE,45,2,0,6.9,0
TXN003732,2024-06-20T09:54:00,6.61,travel,debit,UK,27,6,0,8.4,0
TXN003733,2024-03-27T10:52:00,312.4,online,digital_wallet,CA,50,4,1,2.0,0
TXN003734,2024-09-23T04:08:00,61.28,travel,credit,US,27,22,0,3.2,0
TXN003735,2024-06-23T17:12:00,94.38,travel,credit,CA,32,18,1,15.4,0
TXN003736,2024-02-20T08:30:00,43.79,retail,debit,JP,68,15,0,11.1,0
TXN003737,2024-02-08T18:57:00,110.47,healthcare,digital_wallet,CA,19,9,0,39.3,0
TXN003738,2024-09-26T01:01:00,44.62,online,digital_wallet,CA,27,3,1,0.8,0
TXN003739,2024-11-25T12:20:00,38.38,online,digital_wallet,US,28,15,1,4.6,0
TXN003740,2024-12-26T10:19:00,620.66,healthcare,digital_wallet,JP,51,18,0,21.6,0
TXN003741,2024-05-12T12:37:00,289.09,travel,debit,US,38,0,1,9.0,0
TXN003742,2024-11-22T14:13:00,266.64,healthcare,digital_wallet,CA,70,12,0,9.9,0
TXN003743,2024-07-16T00:33:00,5.46,restaurant,digital_wallet,FR,80,4,1,30.1,0
TXN003744,2024-12-24T01:50:00,28.17,retail,digital_wallet,FR,50,13,0,15.1,0
TXN003745,2024-12-27T00:32:00,12.4,grocery,debit,UK,63,21,1,3.8,0
TXN003746,2024-05-11T01:57:00,210.74,retail,debit,AU,76,4,0,22.6,0
TXN003747,2024-01-07T06:51:00,6.98,healthcare,credit,AU,43,17,0,31.6,0
TXN003748,2024-08-02T08:19:00,46.12,retail,credit,JP,76,7,0,14.7,0
TXN003749,2024-12-15T15:17:00,16.55,healthcare,debit,DE,19,17,0,2.1,0
TXN003750,2024-06-21T20:44:00,4.27,travel,debit,FR,44,16,0,4.7,0
TXN003751,2024-03-07T01:00:00,123.64,travel,digital_wallet,FR,42,22,0,13.6,0
TXN003752,2024-03-16T08:19:00,123.03,grocery,debit,CA,67,0,0,2.9,0
TXN003753,2024-05-11T06:46:00,16.82,healthcare,credit,AU,68,7,0,0.8,0
TXN003754,2024-05-01T04:29:00,29.53,travel,debit,FR,23,4,0,14.9,0
TXN003755,2024-07-14T00:15:00,338.64,grocery,digital_wallet,DE,39,4,0,11.1,0
TXN003756,2024-12-08T06:30:00,19.15,travel,credit,UK,33,4,0,0.8,0
TXN003757,2024-06-20T21:44:00,13.97,retail,credit,US,51,18,0,15.6,0
TXN003758,2024-08-05T06:06:00,164.88,travel,digital_wallet,CA,79,19,0,23.9,0
TXN003759,2024-01-01T21:11:00,33263.14,restaurant,digital_wallet,JP,63,19,1,9.9,1
TXN003760,2024-10-09T18:39:00,252.31,grocery,credit,US,49,8,0,13.7,0
TXN003761,2024-04-06T07:18:00,28.46,healthcare,debit,JP,50,3,1,0.3,0
TXN003762,2024-08-26T03:34:00,118.99,online,credit,US,65,18,0,13.5,0
TXN003763,2024-09-12T02:57:00,21.09,online,digital_wallet,US,29,12,0,18.9,0
TXN003764,2024-08-15T13:36:00,283.77,online,digital_wallet,UK,30,14,0,4.2,0
TXN003765,2024-05-18T23:18:00,14.63,travel,credit,DE,33,2,0,3.8,0
TXN003766,2024-08-22T11:44:00,152.92,travel,credit,JP,55,23,0,0.5,0
TXN003767,2024-02-05T03:50:00,4.64,restaurant,digital_wallet,AU,48,19,0,0.2,0
TXN003768,2024-10-23T02:57:00,19.16,grocery,digital_wallet,CA,56,13,0,5.5,0
TXN003769,2024-05-28T12:08:00,227.75,grocery,digital_wallet,DE,29,9,1,7.6,0
TXN003770,2024-01-24T08:19:00,34.48,retail,digital_wallet,JP,21,4,1,17.7,0
TXN003771,2024-10-23T08:05:00,8.96,restaurant,credit,US,39,20,0,7.1,0
TXN003772,2024-12-10T18:43:00,53.74,travel,debit,US,42,10,1,2.2,0
TXN003773,2024-11-11T11:54:00,281.16,restaurant,credit,FR,71,9,0,8.3,0
TXN003774,2024-05-05T08:35:00,302.95,healthcare,credit,AU,60,4,1,0.2,0
TXN003775,2024-07-12T10:02:00,265.39,restaurant,debit,CA,38,6,0,4.6,0
TXN003776,2024-06-13T04:21:00,832.9,grocery,debit,CA,60,14,0,5.4,0
TXN003777,2024-05-01T10:32:00,0.89,healthcare,debit,AU,53,22,0,12.5,0
TXN003778,2024-06-04T03:50:00,10.45,healthcare,digital_wallet,US,61,15,0,1.4,0
TXN003779,2024-06-27T18:51:00,167.82,travel,debit,JP,77,22,1,17.4,0
TXN003780,2024-01-07T12:11:00,103.46,online,credit,UK,19,16,0,2.5,0
TXN003781,2024-12-03T08:03:00,161.19,healthcare,debit,JP,77,5,1,22.1,0
TXN003782,2024-07-01T14:01:00,83.45,travel,credit,DE,28,14,0,11.3,0
TXN003783,2024-09-27T02:37:00,54.43,restaurant,digital_wallet,AU,39,14,0,11.7,0
TXN003784,2024-02-07T03:34:00,39.78,restaurant,debit,UK,36,3,0,12.4,0
TXN003785,2024-11-15T20:01:00,196.39,grocery,digital_wallet,FR,44,20,0,31.3,0
TXN003786,2024-12-02T14:16:00,56.7,online,digital_wallet,CA,75,4,0,5.8,0
TXN003787,2024-08-05T15:14:00,51.02,restaurant,debit,DE,67,6,1,14.6,0
TXN003788,2024-09-09T03:10:00,52.77,online,credit,UK,49,13,1,10.5,0
TXN003789,2024-05-18T20:17:00,9.74,retail,credit,US,46,2,1,6.8,0
TXN003790,2024-08-09T23:33:00,44.47,travel,credit,US,20,4,1,8.2,0
TXN003791,2024-07-05T19:37:00,161.6,online,debit,US,73,10,0,10.9,0
TXN003792,2024-11-02T00:44:00,40.8,retail,credit,AU,25,1,0,3.6,0
TXN003793,2024-05-11T17:52:00,24.58,restaurant,debit,CA,28,19,1,24.7,0
TXN003794,2024-12-20T05:30:00,27.64,retail,digital_wallet,JP,60,5,0,1.6,0
TXN003795,2024-06-27T20:53:00,187.43,restaurant,debit,CA,50,4,0,16.4,0
TXN003796,2024-02-01T11:51:00,291.08,healthcare,credit,FR,75,7,0,6.2,0
TXN003797,2024-12-20T09:06:00,7.75,online,credit,UK,78,2,0,4.8,0
TXN003798,2024-06-26T10:45:00,30.31,restaurant,digital_wallet,CA,58,6,0,2.5,0
TXN003799,2024-04-26T21:16:00,392.1,healthcare,credit,FR,36,15,0,5.3,0
TXN003800,2024-06-03T13:13:00,8.87,travel,credit,CA,19,14,0,15.1,0
TXN003801,2024-11-19T07:26:00,6.22,travel,debit,UK,69,8,1,19.0,0
TXN003802,2024-02-21T11:55:00,115.09,restaurant,digital_wallet,FR,53,7,0,26.6,0
TXN003803,2024-01-07T07:18:00,49.19,online,digital_wallet,FR,74,8,0,1.2,0
TXN003804,2024-11-16T23:33:00,107.93,grocery,digital_wallet,US,27,0,0,1.5,0
TXN003805,2024-11-01T07:59:00,66.98,online,debit,FR,34,1,0,0.6,0
TXN003806,2024-02-06T15:09:00,123.52,retail,credit,CA,33,9,0,6.8,0
TXN003807,2024-06-11T18:01:00,191.61,retail,digital_wallet,UK,54,5,0,12.8,0
TXN003808,2024-03-23T09:48:00,210.88,retail,debit,AU,40,18,1,2.1,0
TXN003809,2024-01-13T04:27:00,64.11,online,debit,JP,31,16,0,1.6,0
TXN003810,2024-11-25T04:45:00,39.4,healthcare,credit,US,49,17,0,10.4,0
TXN003811,2024-02-26T03:08:00,15.02,online,credit,UK,29,5,1,2.3,0
TXN003812,2024-12-21T23:57:00,65.43,restaurant,debit,UK,21,11,0,13.4,0
TXN003813,2024-04-24T03:39:00,110.28,online,credit,US,58,14,0,17.0,0
TXN003814,2024-10-06T13:02:00,101.56,retail,credit,US,32,15,1,15.5,0
TXN003815,2024-03-21T17:46:00,46.19,healthcare,credit,DE,27,3,1,14.4,0
TXN003816,2024-02-11T19:20:00,8.78,grocery,debit,US,61,15,0,27.3,0
TXN003817,2024-05-25T07:21:00,136.06,travel,digital_wallet,FR,24,3,0,10.1,0
TXN003818,2024-08-10T08:26:00,490.87,travel,digital_wallet,UK,20,22,0,8.7,0
TXN003819,2024-03-21T19:36:00,53.93,travel,debit,UK,72,8,0,5.5,0
TXN003820,2024-08-05T14:06:00,29.39,restaurant,credit,JP,46,2,1,32.1,0
TXN003821,2024-01-27T07:29:00,32.52,retail,digital_wallet,US,74,20,0,14.8,0
TXN003822,2024-12-22T22:06:00,308.49,travel,credit,AU,68,21,0,0.5,0
TXN003823,2024-11-04T05:35:00,68.37,grocery,debit,FR,38,18,0,4.3,0
TXN003824,2024-01-20T04:51:00,120.53,travel,credit,JP,53,13,1,5.4,0
TXN003825,2024-01-05T03:35:00,54.73,online,credit,JP,19,18,0,12.7,0
TXN003826,2024-12-05T21:10:00,4.32,retail,credit,US,37,14,0,5.7,0
TXN003827,2024-04-12T16:27:00,20.01,online,debit,UK,73,18,0,2.8,0
TXN003828,2024-10-04T14:52:00,232.66,grocery,debit,FR,42,2,0,3.2,0
TXN003829,2024-10-04T02:46:00,112.51,healthcare,digital_wallet,FR,32,21,0,1.8,0
TXN003830,2024-05-17T08:03:00,15.54,healthcare,debit,FR,44,10,0,10.4,0
TXN003831,2024-06-18T15:48:00,22.51,travel,debit,DE,72,19,0,0.3,0
TXN003832,2024-08-21T23:29:00,35.9,travel,debit,FR,47,10,0,9.6,0
TXN003833,2024-07-13T21:48:00,27.33,retail,credit,CA,26,3,0,3.2,0
TXN003834,2024-10-25T22:17:00,19.36,travel,digital_wallet,DE,80,16,0,13.8,0
TXN003835,2024-01-14T07:29:00,84.39,healthcare,digital_wallet,CA,60,16,0,13.3,0
TXN003836,2024-12-06T12:06:00,29.54,healthcare,digital_wallet,DE,52,15,0,36.0,0
TXN003837,2024-11-15T23:58:00,696.47,restaurant,credit,UK,70,6,1,3.3,0
TXN003838,2024-05-19T09:38:00,101.25,grocery,debit,FR,61,9,0,17.0,0
TXN003839,2024-11-12T19:30:00,111.18,online,credit,FR,32,6,0,1.9,0
TXN003840,2024-09-17T05:20:00,13.76,retail,digital_wallet,DE,54,19,1,4.7,0
TXN003841,2024-10-11T19:52:00,20.87,restaurant,digital_wallet,DE,39,0,0,0.2,0
TXN003842,2024-10-26T01:43:00,628.24,online,credit,CA,55,10,0,21.8,0
TXN003843,2024-07-15T13:31:00,4.84,restaurant,digital_wallet,JP,62,1,0,2.0,0
TXN003844,2024-11-02T03:58:00,23.8,online,digital_wallet,JP,26,22,1,6.5,0
TXN003845,2024-07-13T17:52:00,12.77,online,digital_wallet,CA,70,11,0,3.9,0
TXN003846,2024-03-11T09:49:00,23.28,grocery,digital_wallet,US,80,5,0,10.8,0
TXN003847,2024-09-06T12:44:00,22.84,restaurant,debit,DE,52,6,0,11.1,0
TXN003848,2024-09-10T07:52:00,4.45,restaurant,debit,AU,77,9,0,0.8,0
TXN003849,2024-11-26T22:00:00,23.53,retail,digital_wallet,DE,38,8,0,11.4,0
TXN003850,2024-10-16T07:30:00,3.02,grocery,credit,US,36,19,0,11.3,0
TXN003851,2024-01-17T19:24:00,36.74,restaurant,digital_wallet,UK,53,14,0,0.1,0
TXN003852,2024-09-23T06:22:00,270.38,grocery,digital_wallet,AU,33,19,0,1.3,0
TXN003853,2024-09-05T14:57:00,25.69,healthcare,digital_wallet,FR,63,20,0,11.9,0
TXN003854,2024-12-05T03:39:00,127.83,travel,digital_wallet,JP,32,15,0,8.3,0
TXN003855,2024-04-12T04:21:00,1921.14,retail,debit,UK,21,18,1,5.7,0
TXN003856,2024-05-21T21:52:00,25.33,travel,credit,UK,72,8,0,6.4,0
TXN003857,2024-12-07T22:59:00,1.41,travel,digital_wallet,FR,48,1,1,4.5,0
TXN003858,2024-08-12T18:23:00,3.47,healthcare,credit,FR,26,8,0,2.9,0
TXN003859,2024-04-05T17:22:00,302.6,healthcare,debit,US,73,6,0,24.3,0
TXN003860,2024-02-28T13:03:00,561.43,healthcare,digital_wallet,DE,28,1,0,1.8,0
TXN003861,2024-05-15T16:01:00,3.6,restaurant,digital_wallet,DE,65,9,1,9.4,0
TXN003862,2024-05-10T00:56:00,45.13,healthcare,debit,DE,56,2,1,8.7,0
TXN003863,2024-06-05T03:39:00,94.3,grocery,debit,DE,69,9,1,17.8,0
TXN003864,2024-02-20T20:46:00,8.83,online,digital_wallet,CA,38,14,1,45.6,0
TXN003865,2024-11-15T06:27:00,2160.27,retail,credit,US,39,12,0,9.1,0
TXN003866,2024-12-03T18:51:00,294.44,retail,credit,FR,18,4,0,10.7,0
TXN003867,2024-11-17T10:24:00,11.51,healthcare,debit,US,60,9,0,9.1,0
TXN003868,2024-03-23T06:22:00,303.06,travel,digital_wallet,AU,66,11,1,22.3,0
TXN003869,2024-01-24T16:46:00,39.8,retail,credit,CA,38,11,0,17.0,0
TXN003870,2024-09-26T23:50:00,20.55,travel,digital_wallet,DE,78,15,1,10.8,0
TXN003871,2024-09-22T07:45:00,12612.74,healthcare,debit,US,78,16,0,12.6,1
TXN003872,2024-12-16T12:40:00,4941.48,grocery,credit,CA,79,9,1,2.8,0
TXN003873,2024-04-15T23:24:00,23.9,grocery,debit,CA,30,11,0,4.5,0
TXN003874,2024-06-07T17:46:00,53.8,healthcare,credit,FR,54,9,0,14.2,0
TXN003875,2024-12-04T23:06:00,45.81,grocery,debit,DE,57,21,0,1.7,0
TXN003876,2024-04-18T01:14:00,18.47,travel,credit,JP,44,16,0,3.7,0
TXN003877,2024-08-28T07:40:00,2.65,healthcare,credit,UK,67,8,0,10.0,0
TXN003878,2024-07-16T23:47:00,29041.89,healthcare,credit,DE,48,0,0,10.2,1
TXN003879,2024-01-22T20:07:00,600.22,grocery,debit,CA,24,20,0,12.9,0
TXN003880,2024-05-13T20:02:00,83.72,retail,debit,UK,61,20,0,23.4,0
TXN003881,2024-09-13T11:23:00,266.33,grocery,debit,CA,79,1,0,6.0,0
TXN003882,2024-11-15T19:39:00,3.09,retail,credit,DE,38,6,0,0.1,0
TXN003883,2024-08-25T04:44:00,224.7,online,debit,DE,26,9,0,2.0,0
TXN003884,2024-08-26T23:41:00,44.76,retail,debit,JP,66,8,0,14.9,0
TXN003885,2024-01-20T05:36:00,59.05,online,debit,UK,58,14,0,0.9,0
TXN003886,2024-07-14T16:04:00,15.78,online,credit,US,49,8,0,10.9,0
TXN003887,2024-05-15T02:56:00,49.6,online,digital_wallet,DE,45,4,0,0.1,0
TXN003888,2024-09-23T06:00:00,57.68,healthcare,debit,DE,59,6,0,4.5,0
TXN003889,2024-06-17T17:46:00,11.26,travel,debit,CA,26,1,1,5.1,0
TXN003890,2024-05-07T18:20:00,1.63,retail,debit,US,63,5,1,1.3,0
TXN003891,2024-04-03T18:57:00,127.31,grocery,debit,JP,57,12,0,1.3,0
TXN003892,2024-04-04T17:05:00,122.22,grocery,credit,AU,44,11,0,7.1,0
TXN003893,2024-03-11T11:11:00,187.45,travel,credit,DE,59,19,1,0.9,0
TXN003894,2024-02-09T07:38:00,246.75,grocery,credit,DE,68,4,0,10.6,0
TXN003895,2024-01-18T23:18:00,214.79,restaurant,credit,CA,73,3,0,14.9,0
TXN003896,2024-07-11T09:07:00,14.72,healthcare,debit,FR,69,10,0,0.7,0
TXN003897,2024-10-28T04:38:00,63.19,healthcare,credit,UK,72,16,0,12.4,0
TXN003898,2024-09-28T10:15:00,231.28,grocery,digital_wallet,DE,21,15,1,32.7,0
TXN003899,2024-08-14T11:12:00,21.24,restaurant,digital_wallet,JP,30,19,0,0.2,0
TXN003900,2024-09-18T01:02:00,106.73,grocery,digital_wallet,US,64,3,0,10.7,0
TXN003901,2024-12-26T14:28:00,4.76,online,digital_wallet,AU,73,22,0,16.1,0
TXN003902,2024-07-15T12:04:00,86.03,online,credit,FR,31,9,0,0.0,0
TXN003903,2024-10-23T05:15:00,4.96,retail,credit,CA,61,23,0,1.5,0
TXN003904,2024-09-15T13:59:00,23.14,grocery,debit,AU,65,9,0,0.3,0
TXN003905,2024-11-19T23:11:00,260.74,retail,digital_wallet,FR,78,6,1,10.9,0
TXN003906,2024-02-10T05:09:00,105.46,retail,debit,DE,77,9,0,12.3,0
TXN003907,2024-08-11T21:23:00,46.32,grocery,credit,AU,52,20,1,0.7,0
TXN003908,2024-03-22T14:38:00,75.3,retail,digital_wallet,FR,36,10,0,6.8,0
TXN003909,2024-08-14T13:04:00,356.93,travel,digital_wallet,US,41,12,1,3.9,0
TXN003910,2024-07-05T20:19:00,32.67,retail,digital_wallet,US,61,18,0,6.9,0
TXN003911,2024-03-13T11:08:00,167.4,online,debit,CA,27,2,0,47.4,0
TXN003912,2024-07-28T15:34:00,38.38,travel,credit,UK,48,12,0,3.2,0
TXN003913,2024-07-04T06:36:00,208.6,grocery,digital_wallet,CA,60,12,0,4.2,0
TXN003914,2024-10-06T01:59:00,41.33,restaurant,debit,CA,32,16,0,1.2,0
TXN003915,2024-04-15T03:40:00,24.44,retail,credit,JP,26,11,0,0.8,0
TXN003916,2024-02-19T14:01:00,42.64,online,digital_wallet,AU,32,4,1,10.6,0
TXN003917,2024-10-28T09:38:00,61.86,travel,debit,AU,26,19,1,0.0,0
TXN003918,2024-07-20T17:47:00,2.95,grocery,debit,JP,63,23,1,6.7,0
TXN003919,2024-03-25T01:10:00,46.23,online,debit,UK,34,21,0,1.6,0
TXN003920,2024-09-14T23:00:00,41.71,grocery,debit,FR,75,23,1,2.4,0
TXN003921,2024-11-19T19:13:00,3.11,healthcare,debit,FR,74,2,0,5.4,0
TXN003922,2024-12-25T05:05:00,420.24,grocery,debit,CA,45,23,0,2.9,0
TXN003923,2024-05-08T12:05:00,15.94,healthcare,digital_wallet,CA,67,0,0,2.8,0
TXN003924,2024-10-05T02:51:00,120.22,online,credit,FR,53,17,0,16.9,0
TXN003925,2024-07-26T13:27:00,40.37,restaurant,digital_wallet,JP,79,4,0,3.1,0
TXN003926,2024-12-20T05:38:00,110.63,restaurant,credit,UK,78,11,1,1.1,0
TXN003927,2024-11-25T13:20:00,1341.57,retail,debit,DE,63,1,0,4.4,0
TXN003928,2024-08-08T03:59:00,348.04,retail,digital_wallet,AU,19,1,0,2.3,0
TXN003929,2024-09-22T05:32:00,0.29,retail,digital_wallet,AU,23,10,0,9.3,0
TXN003930,2024-08-14T07:12:00,10.34,healthcare,debit,UK,79,4,0,0.5,0
TXN003931,2024-07-18T21:55:00,3.86,online,credit,JP,48,19,0,16.1,0
TXN003932,2024-05-16T10:28:00,1032.94,restaurant,digital_wallet,FR,65,20,1,0.0,0
TXN003933,2024-03-03T15:42:00,15.24,restaurant,digital_wallet,CA,43,14,0,14.0,0
TXN003934,2024-09-22T10:55:00,4.58,healthcare,debit,US,46,17,0,11.6,0
TXN003935,2024-10-12T13:07:00,14719.44,grocery,credit,US,80,4,0,0.8,1
TXN003936,2024-03-23T23:51:00,173.66,healthcare,credit,US,28,2,0,28.0,0
TXN003937,2024-06-02T15:32:00,432.02,healthcare,debit,AU,67,7,0,0.6,0
TXN003938,2024-08-06T17:45:00,13.07,travel,debit,AU,50,22,1,7.9,0
TXN003939,2024-07-06T18:18:00,5.16,grocery,debit,CA,58,4,1,11.6,0
TXN003940,2024-11-07T13:11:00,33.63,online,digital_wallet,AU,24,11,0,20.6,0
TXN003941,2024-11-09T19:56:00,106.3,grocery,digital_wallet,US,44,21,1,3.1,0
TXN003942,2024-10-16T10:03:00,32.53,grocery,debit,US,24,5,0,29.0,0
TXN003943,2024-10-12T13:19:00,15.99,healthcare,credit,US,41,1,0,11.1,0
TXN003944,2024-04-07T17:10:00,14.34,online,credit,US,48,5,1,1.1,0
TXN003945,2024-02-06T06:35:00,23.18,travel,debit,FR,56,21,1,0.3,0
TXN003946,2024-08-13T19:18:00,139.41,restaurant,digital_wallet,AU,40,13,0,1.3,0
TXN003947,2024-11-27T20:28:00,66.31,restaurant,credit,US,47,23,1,0.6,0
TXN003948,2024-06-10T02:09:00,49.94,healthcare,credit,UK,18,6,0,28.4,0
TXN003949,2024-05-26T20:22:00,171.7,travel,debit,CA,53,14,1,20.2,0
TXN003950,2024-05-14T17:36:00,19.89,restaurant,debit,JP,27,17,0,10.9,0
TXN003951,2024-07-03T08:41:00,89.47,online,debit,CA,78,16,1,9.2,0
TXN003952,2024-09-05T19:40:00,74.92,healthcare,credit,FR,59,12,0,7.8,0
TXN003953,2024-12-26T06:03:00,88.31,online,credit,AU,42,21,1,1.5,0
TXN003954,2024-07-05T16:58:00,118.83,travel,debit,FR,71,9,1,9.9,0
TXN003955,2024-03-16T10:17:00,23.11,healthcare,debit,US,73,20,1,20.7,0
TXN003956,2024-06-24T06:46:00,148.36,healthcare,credit,CA,24,15,0,8.1,0
TXN003957,2024-06-07T01:16:00,177.7,restaurant,digital_wallet,UK,22,10,0,9.6,0
TXN003958,2024-02-04T06:39:00,87.49,grocery,debit,FR,52,14,0,34.8,0
TXN003959,2024-12-20T01:19:00,362.31,retail,credit,CA,41,14,0,14.1,0
TXN003960,2024-08-03T05:22:00,72.57,travel,debit,UK,58,20,0,7.4,0
TXN003961,2024-02-13T01:23:00,10.4,grocery,digital_wallet,CA,74,11,1,13.9,0
TXN003962,2024-09-05T11:35:00,182.7,online,credit,FR,56,0,0,13.4,0
TXN003963,2024-07-13T05:49:00,34.29,travel,debit,US,49,1,0,2.1,0
TXN003964,2024-11-22T18:29:00,457.16,travel,credit,UK,57,9,1,21.5,0
TXN003965,2024-08-09T15:10:00,50.8,healthcare,credit,AU,55,18,1,21.6,0
TXN003966,2024-08-19T01:55:00,74.82,grocery,digital_wallet,FR,62,5,0,9.1,0
TXN003967,2024-07-09T19:35:00,42.92,retail,digital_wallet,US,29,7,0,15.3,0
TXN003968,2024-12-17T10:06:00,179.31,retail,credit,UK,41,20,0,1.3,0
TXN003969,2024-01-03T07:44:00,202.66,online,credit,FR,20,13,0,6.6,0
TXN003970,2024-04-16T10:21:00,22.6,grocery,credit,AU,52,7,0,2.5,0
TXN003971,2024-02-17T08:41:00,96.98,grocery,debit,US,67,12,1,16.1,0
TXN003972,2024-09-06T20:27:00,56.22,travel,credit,DE,19,20,0,4.9,0
TXN003973,2024-03-11T16:48:00,5.99,restaurant,digital_wallet,AU,34,22,1,7.6,0
TXN003974,2024-02-28T08:36:00,270.62,online,debit,AU,41,10,1,6.8,0
TXN003975,2024-01-12T18:30:00,668.41,grocery,debit,DE,39,7,0,9.8,0
TXN003976,2024-10-10T10:37:00,89.24,healthcare,digital_wallet,UK,37,5,1,37.9,0
TXN003977,2024-04-04T08:54:00,365.7,grocery,credit,JP,79,18,0,5.5,0
TXN003978,2024-02-18T02:13:00,100.09,travel,digital_wallet,DE,26,6,1,5.0,0
TXN003979,2024-11-26T06:56:00,58.34,travel,digital_wallet,DE,37,1,0,22.1,0
TXN003980,2024-04-02T12:56:00,10.68,grocery,debit,AU,43,20,0,23.9,0
TXN003981,2024-10-01T09:34:00,24.3,travel,digital_wallet,FR,56,10,1,2.3,0
TXN003982,2024-10-06T00:06:00,460.64,online,debit,US,69,6,0,2.0,0
TXN003983,2024-07-12T00:27:00,198.35,retail,credit,DE,40,17,0,0.3,0
TXN003984,2024-10-14T02:14:00,254.26,grocery,credit,AU,68,14,1,30.2,0
TXN003985,2024-04-12T22:34:00,36.01,healthcare,digital_wallet,US,62,17,0,20.8,0
TXN003986,2024-11-17T18:21:00,39.21,restaurant,credit,FR,41,11,0,15.1,0
TXN003987,2024-05-17T04:39:00,601.63,retail,debit,UK,47,20,0,25.3,0
TXN003988,2024-08-11T20:04:00,175.54,healthcare,debit,CA,61,14,1,60.9,0
TXN003989,2024-10-19T19:44:00,763.43,healthcare,credit,AU,22,12,1,8.1,0
TXN003990,2024-10-17T21:48:00,40.8,grocery,digital_wallet,US,29,16,0,2.2,0
TXN003991,2024-12-08T14:01:00,6.7,travel,digital_wallet,JP,25,5,0,2.7,0
TXN003992,2024-08-21T06:19:00,38.62,healthcare,digital_wallet,CA,79,20,0,4.9,0
TXN003993,2024-11-16T20:55:00,197.09,healthcare,debit,FR,28,5,0,2.2,0
TXN003994,2024-02-01T06:44:00,8.15,online,digital_wallet,JP,67,18,1,17.5,0
TXN003995,2024-02-07T14:15:00,129.2,healthcare,credit,UK,52,6,1,21.5,0
TXN003996,2024-09-19T04:42:00,81.06,retail,digital_wallet,DE,21,20,1,23.8,0
TXN003997,2024-08-08T13:45:00,27.81,retail,debit,JP,72,14,0,12.4,0
TXN003998,2024-09-04T12:49:00,104.25,travel,credit,US,60,10,0,2.4,0
TXN003999,2024-12-25T00:42:00,65.4,grocery,digital_wallet,UK,51,13,1,0.1,0
TXN004000,2024-03-10T15:40:00,3.68,travel,debit,UK,60,15,0,1.8,0
TXN004001,2024-02-04T03:31:00,666.87,healthcare,credit,US,59,18,1,39.4,0
TXN004002,2024-05-01T13:25:00,916.29,grocery,debit,DE,68,3,0,12.7,0
TXN004003,2024-11-20T19:03:00,21.12,retail,digital_wallet,JP,50,6,0,14.6,0
TXN004004,2024-04-27T04:13:00,24.53,restaurant,debit,DE,68,12,0,10.3,0
TXN004005,2024-02-15T21:35:00,121.95,travel,debit,AU,31,19,0,31.4,0
TXN004006,2024-08-12T04:13:00,421.94,travel,credit,US,56,20,0,5.5,0
TXN004007,2024-03-03T09:05:00,30.01,online,digital_wallet,DE,26,23,0,8.3,0
TXN004008,2024-05-11T12:33:00,11.0,online,digital_wallet,JP,51,22,1,5.9,0
TXN004009,2024-05-09T22:03:00,8.11,restaurant,credit,US,52,6,0,1.2,0
TXN004010,2024-09-16T02:48:00,8.54,retail,debit,DE,33,2,0,1.1,0
TXN004011,2024-01-20T10:29:00,3255.02,grocery,digital_wallet,UK,56,10,0,2.9,0
TXN004012,2024-01-01T23:21:00,278.49,grocery,debit,DE,34,4,0,2.9,0
TXN004013,2024-01-03T00:59:00,42.23,grocery,digital_wallet,US,66,2,0,1.1,0
TXN004014,2024-10-05T16:09:00,146.01,travel,credit,FR,24,13,0,14.7,0
TXN004015,2024-08-25T12:01:00,51.54,healthcare,credit,CA,29,16,0,2.0,0
TXN004016,2024-03-06T12:57:00,135.87,restaurant,credit,FR,32,3,1,0.5,0
TXN004017,2024-08-24T17:03:00,74.53,healthcare,debit,US,80,14,1,4.2,0
TXN004018,2024-12-23T00:20:00,1335.67,grocery,digital_wallet,CA,46,12,0,11.9,0
TXN004019,2024-10-12T10:41:00,3.78,travel,debit,UK,54,2,0,42.6,0
TXN004020,2024-12-03T22:51:00,12.43,online,digital_wallet,FR,63,18,0,6.6,0
TXN004021,2024-09-24T04:19:00,39.41,healthcare,digital_wallet,FR,76,10,1,2.8,0
TXN004022,2024-08-24T03:13:00,48.81,grocery,debit,FR,73,14,0,17.8,0
TXN004023,2024-11-14T10:53:00,271.71,healthcare,credit,CA,32,8,0,12.3,0
TXN004024,2024-09-03T11:28:00,13.33,healthcare,credit,UK,29,12,1,54.0,0
TXN004025,2024-09-16T17:16:00,7.67,healthcare,digital_wallet,JP,43,23,1,17.4,0
TXN004026,2024-06-11T06:01:00,25.81,online,debit,FR,69,5,0,15.4,0
TXN004027,2024-10-03T16:42:00,101.92,grocery,digital_wallet,US,41,17,0,27.1,0
TXN004028,2024-02-28T02:16:00,6.72,healthcare,credit,JP,37,16,1,53.0,0
TXN004029,2024-08-23T10:28:00,32.6,grocery,debit,UK,53,8,0,11.5,0
TXN004030,2024-06-24T16:08:00,79.18,restaurant,digital_wallet,UK,41,1,0,4.0,0
TXN004031,2024-02-15T12:36:00,28.41,restaurant,digital_wallet,JP,62,2,0,43.5,0
TXN004032,2024-06-20T05:14:00,886.83,travel,digital_wallet,AU,34,18,0,17.8,0
TXN004033,2024-08-01T13:54:00,53.35,retail,digital_wallet,UK,65,22,0,1.8,0
TXN004034,2024-03-06T06:15:00,812.51,healthcare,debit,UK,45,13,0,14.2,0
TXN004035,2024-10-02T12:32:00,62.31,healthcare,credit,AU,35,16,0,0.6,0
TXN004036,2024-11-24T22:02:00,41.97,grocery,digital_wallet,JP,59,7,1,2.7,0
TXN004037,2024-12-22T17:08:00,60.59,retail,debit,JP,80,17,1,1.3,0
TXN004038,2024-05-16T19:21:00,28.57,travel,debit,DE,79,5,0,10.5,0
TXN004039,2024-04-07T15:26:00,111.53,grocery,digital_wallet,DE,35,15,1,41.2,0
TXN004040,2024-10-24T23:54:00,14.17,travel,debit,DE,29,20,0,10.6,0
TXN004041,2024-09-01T04:06:00,15.62,healthcare,digital_wallet,AU,45,9,0,0.3,0
TXN004042,2024-10-10T09:57:00,796.98,online,debit,US,27,6,0,0.6,0
TXN004043,2024-08-13T01:15:00,84.5,travel,debit,FR,50,8,1,31.5,0
TXN004044,2024-07-16T04:09:00,43.17,travel,digital_wallet,DE,46,7,1,4.4,0
TXN004045,2024-01-07T15:04:00,48.39,online,credit,UK,34,8,0,1.5,0
TXN004046,2024-03-10T22:39:00,162.56,travel,credit,DE,18,8,1,8.0,0
TXN004047,2024-03-16T04:00:00,258.15,travel,credit,JP,48,1,1,2.9,0
TXN004048,2024-05-04T14:36:00,93.05,restaurant,debit,US,32,1,0,9.6,0
TXN004049,2024-09-23T13:25:00,36.67,healthcare,digital_wallet,JP,18,0,0,1.1,0
TXN004050,2024-06-05T03:40:00,107.13,retail,digital_wallet,DE,66,5,0,3.2,0
TXN004051,2024-04-11T02:53:00,29.06,online,debit,JP,37,8,0,10.1,0
TXN004052,2024-05-19T00:46:00,1.41,travel,digital_wallet,UK,33,19,0,1.4,0
TXN004053,2024-05-22T14:26:00,82.61,restaurant,digital_wallet,DE,75,1,0,4.1,0
TXN004054,2024-06-14T18:55:00,25.14,healthcare,credit,JP,68,1,0,0.1,0
TXN004055,2024-11-01T08:35:00,62.44,healthcare,debit,UK,38,16,0,7.0,0
TXN004056,2024-03-08T04:40:00,32.29,retail,digital_wallet,CA,34,14,1,6.2,0
TXN004057,2024-01-12T18:49:00,96.55,grocery,debit,DE,79,17,1,1.3,0
TXN004058,2024-04-26T23:32:00,115.4,online,debit,CA,47,23,0,1.1,0
TXN004059,2024-09-01T16:21:00,20.1,travel,credit,JP,35,2,0,4.0,0
TXN004060,2024-08-28T02:33:00,972.49,grocery,credit,JP,63,17,0,0.0,0
TXN004061,2024-06-27T22:55:00,89.14,restaurant,credit,CA,46,21,0,17.4,0
TXN004062,2024-08-20T12:10:00,73.96,restaurant,debit,CA,60,21,0,12.1,0
TXN004063,2024-06-14T09:05:00,523.77,travel,credit,UK,32,18,1,3.0,0
TXN004064,2024-05-27T04:14:00,30.6,healthcare,digital_wallet,AU,51,21,0,9.5,0
TXN004065,2024-05-17T00:36:00,70.24,retail,debit,CA,62,3,0,4.0,0
TXN004066,2024-12-10T02:00:00,58.44,retail,debit,CA,78,20,1,16.5,0
TXN004067,2024-10-01T05:29:00,7.46,grocery,credit,CA,58,11,0,1.7,0
TXN004068,2024-12-27T23:50:00,16.49,restaurant,debit,FR,49,2,0,11.8,0
TXN004069,2024-06-03T16:57:00,2.2,grocery,debit,DE,23,15,0,5.4,0
TXN004070,2024-03-25T04:56:00,83.56,restaurant,debit,DE,34,18,0,7.1,0
TXN004071,2024-07-11T19:43:00,188.46,online,debit,CA,44,1,1,3.9,0
TXN004072,2024-01-02T15:37:00,36.28,grocery,debit,DE,57,18,0,4.8,0
TXN004073,2024-11-17T05:53:00,80.9,travel,debit,US,30,7,1,24.9,0
TXN004074,2024-09-02T16:11:00,61.58,grocery,debit,US,75,13,0,34.6,0
TXN004075,2024-08-06T22:15:00,46.17,retail,credit,US,49,4,1,34.7,0
TXN004076,2024-01-15T14:03:00,444.29,grocery,credit,FR,23,1,1,30.2,0
TXN004077,2024-05-14T01:11:00,172.67,healthcare,digital_wallet,UK,50,4,1,1.8,0
TXN004078,2024-11-02T10:57:00,1527.32,healthcare,debit,CA,41,22,1,6.5,0
TXN004079,2024-07-20T18:14:00,86.52,grocery,debit,AU,45,16,0,17.4,0
TXN004080,2024-02-22T09:24:00,38.46,healthcare,debit,AU,53,2,1,5.3,0
TXN004081,2024-03-25T18:30:00,249.23,restaurant,debit,UK,45,15,0,2.7,0
TXN004082,2024-03-25T04:23:00,174.5,grocery,debit,DE,52,22,0,4.6,0
TXN004083,2024-03-04T06:45:00,11.42,online,debit,US,76,15,1,7.0,0
TXN004084,2024-07-27T12:40:00,544.89,grocery,digital_wallet,FR,78,13,0,2.7,0
TXN004085,2024-08-26T00:26:00,159.17,healthcare,digital_wallet,FR,33,19,1,1.4,0
TXN004086,2024-11-07T10:51:00,147.01,restaurant,digital_wallet,CA,50,4,0,5.1,0
TXN004087,2024-03-21T04:37:00,226.54,online,debit,CA,25,17,1,4.3,0
TXN004088,2024-10-28T10:32:00,8.59,online,credit,FR,65,19,0,1.0,0
TXN004089,2024-11-01T19:46:00,151.44,retail,debit,CA,23,15,1,2.8,0
TXN004090,2024-10-09T09:20:00,13.79,restaurant,debit,AU,30,20,0,7.4,0
TXN004091,2024-12-19T17:43:00,268.31,healthcare,debit,JP,49,8,1,7.6,0
TXN004092,2024-01-24T15:01:00,15.57,retail,digital_wallet,DE,56,5,0,7.8,0
TXN004093,2024-06-11T04:42:00,16.12,online,credit,DE,24,2,0,4.0,0
TXN004094,2024-12-19T10:36:00,43.34,grocery,digital_wallet,CA,60,0,0,4.3,0
TXN004095,2024-09-09T18:57:00,85.83,restaurant,digital_wallet,DE,67,7,0,0.3,0
TXN004096,2024-09-08T16:41:00,32.54,travel,digital_wallet,US,37,22,0,5.1,0
TXN004097,2024-08-21T17:25:00,167.28,grocery,credit,FR,22,15,0,12.3,0
TXN004098,2024-08-19T06:28:00,26.54,online,credit,CA,59,13,0,13.3,0
TXN004099,2024-05-05T08:44:00,123.15,restaurant,digital_wallet,AU,35,21,0,2.6,0
TXN004100,2024-10-10T08:17:00,23.47,travel,debit,UK,56,7,0,6.8,0
TXN004101,2024-01-03T08:48:00,279.38,grocery,credit,CA,18,1,0,5.7,0
TXN004102,2024-07-12T21:26:00,63.31,travel,digital_wallet,AU,20,14,0,1.1,0
TXN004103,2024-05-27T14:23:00,37.86,travel,debit,JP,67,1,1,1.7,0
TXN004104,2024-03-07T06:54:00,1585.51,retail,credit,UK,72,13,1,10.6,0
TXN004105,2024-06-21T08:24:00,33.48,restaurant,credit,UK,72,7,1,18.6,0
TXN004106,2024-07-19T11:28:00,9.67,healthcare,debit,CA,54,15,0,8.7,0
TXN004107,2024-03-12T03:42:00,375.82,grocery,debit,DE,32,4,0,30.1,0
TXN004108,2024-04-06T10:37:00,2041.52,retail,debit,AU,40,2,0,0.8,0
TXN004109,2024-08-07T04:36:00,328.73,online,credit,AU,67,10,1,0.4,0
TXN004110,2024-02-27T04:04:00,209.69,restaurant,digital_wallet,AU,59,20,0,8.4,0
TXN004111,2024-12-01T23:17:00,33.36,healthcare,digital_wallet,FR,36,1,0,7.8,0
TXN004112,2024-05-15T21:31:00,19.44,healthcare,credit,FR,44,3,1,13.7,0
TXN004113,2024-04-06T13:54:00,13.13,online,digital_wallet,FR,40,20,0,4.9,0
TXN004114,2024-03-07T21:34:00,14.24,online,digital_wallet,CA,33,14,1,1.6,0
TXN004115,2024-09-13T06:36:00,4.4,retail,debit,CA,74,5,0,11.4,0
TXN004116,2024-07-17T14:39:00,28.78,online,debit,FR,74,12,0,4.5,0
TXN004117,2024-06-23T16:06:00,44.95,retail,credit,AU,70,18,0,1.3,0
TXN004118,2024-04-27T22:35:00,15.42,retail,credit,CA,79,1,1,3.9,0
TXN004119,2024-11-24T07:18:00,3.45,grocery,debit,CA,76,13,1,11.7,0
TXN004120,2024-01-06T11:02:00,35.25,restaurant,debit,JP,52,12,0,1.3,0
TXN004121,2024-02-10T15:35:00,27.93,restaurant,credit,JP,29,17,0,14.9,0
TXN004122,2024-03-14T23:15:00,58.94,retail,credit,AU,45,6,0,14.7,0
TXN004123,2024-01-09T07:28:00,20.62,restaurant,debit,DE,74,18,1,22.6,0
TXN004124,2024-01-04T23:21:00,3171.25,healthcare,digital_wallet,FR,35,22,0,3.6,0
TXN004125,2024-03-28T19:25:00,46.92,travel,credit,DE,53,10,0,10.3,0
TXN004126,2024-06-25T09:59:00,518.98,online,credit,JP,27,19,1,14.2,0
TXN004127,2024-08-26T12:02:00,562.84,online,digital_wallet,JP,77,19,0,12.6,0
TXN004128,2024-05-25T11:36:00,258.62,online,digital_wallet,CA,42,16,1,14.6,0
TXN004129,2024-02-01T01:20:00,127.07,healthcare,credit,CA,48,9,1,1.2,0
TXN004130,2024-03-25T06:35:00,65.35,retail,credit,DE,28,2,0,2.5,0
TXN004131,2024-06-07T13:13:00,67.69,healthcare,digital_wallet,AU,56,16,1,1.7,0
TXN004132,2024-01-22T12:29:00,39.23,grocery,digital_wallet,US,36,1,1,1.4,0
TXN004133,2024-08-11T06:14:00,29.24,retail,debit,JP,72,14,0,11.7,0
TXN004134,2024-09-01T19:42:00,22.19,travel,credit,JP,44,23,0,11.0,0
TXN004135,2024-10-28T14:15:00,64.28,grocery,debit,DE,42,8,0,4.7,0
TXN004136,2024-06-12T22:28:00,71.98,restaurant,debit,UK,29,14,0,3.0,0
TXN004137,2024-01-02T06:10:00,43.91,grocery,digital_wallet,CA,37,13,0,9.5,0
TXN004138,2024-06-10T19:07:00,57.39,online,debit,UK,79,10,0,6.3,0
TXN004139,2024-04-13T22:13:00,1.39,grocery,debit,JP,18,8,1,0.6,0
TXN004140,2024-01-11T12:43:00,31.06,travel,credit,US,55,2,0,4.9,0
TXN004141,2024-11-05T12:09:00,62.62,online,credit,JP,61,0,1,5.3,0
TXN004142,2024-03-05T11:47:00,480.94,healthcare,credit,US,41,11,0,15.3,0
TXN004143,2024-05-02T09:31:00,194.1,restaurant,debit,UK,75,2,0,10.4,0
TXN004144,2024-02-04T03:34:00,100.21,healthcare,credit,UK,20,10,0,1.7,0
TXN004145,2024-06-23T12:01:00,117.55,restaurant,debit,AU,44,16,0,4.6,0
TXN004146,2024-06-08T19:39:00,104.07,restaurant,credit,UK,65,14,0,28.7,0
TXN004147,2024-06-03T07:53:00,194.68,online,credit,US,80,1,0,1.1,0
TXN004148,2024-11-22T08:49:00,82.65,travel,debit,CA,62,5,1,11.6,0
TXN004149,2024-04-09T21:33:00,10.55,restaurant,digital_wallet,CA,19,9,0,0.3,0
TXN004150,2024-12-17T08:19:00,42.17,restaurant,debit,US,20,17,1,2.7,0
TXN004151,2024-04-04T00:03:00,124.43,restaurant,debit,AU,49,23,0,0.9,0
TXN004152,2024-03-07T23:12:00,842.44,online,credit,CA,55,10,1,2.3,0
TXN004153,2024-08-21T05:35:00,478.36,healthcare,digital_wallet,JP,40,16,0,8.8,0
TXN004154,2024-03-12T05:40:00,116.63,travel,digital_wallet,CA,65,5,0,4.9,0
TXN004155,2024-03-04T02:00:00,8.45,healthcare,credit,US,58,11,0,5.8,0
TXN004156,2024-08-17T05:01:00,74.99,travel,credit,JP,64,13,1,1.6,0
TXN004157,2024-06-27T13:15:00,20.08,healthcare,debit,DE,33,0,1,17.7,0
TXN004158,2024-04-10T19:09:00,184.55,healthcare,credit,US,23,5,0,1.6,0
TXN004159,2024-05-07T04:33:00,51.95,grocery,credit,US,71,17,0,12.5,0
TXN004160,2024-04-19T10:10:00,21.4,restaurant,credit,DE,64,14,0,1.1,0
TXN004161,2024-08-22T17:25:00,278.96,healthcare,digital_wallet,JP,79,13,1,6.3,0
TXN004162,2024-05-07T04:45:00,32.15,retail,digital_wallet,JP,25,19,0,13.0,0
TXN004163,2024-09-02T17:40:00,252.16,online,credit,UK,53,21,0,8.2,0
TXN004164,2024-08-17T07:02:00,10.78,travel,debit,UK,63,12,1,6.4,0
TXN004165,2024-01-28T20:36:00,23.13,healthcare,credit,FR,73,16,0,2.7,0
TXN004166,2024-12-05T10:46:00,5.24,healthcare,credit,UK,35,16,1,1.2,0
TXN004167,2024-04-27T14:50:00,414.16,grocery,debit,US,60,17,0,1.4,0
TXN004168,2024-01-09T20:06:00,51.9,grocery,credit,JP,26,19,0,5.1,0
TXN004169,2024-08-07T02:44:00,443.19,retail,debit,DE,68,6,0,8.9,0
TXN004170,2024-10-17T10:49:00,39.22,grocery,digital_wallet,US,53,1,0,11.9,0
TXN004171,2024-09-03T12:13:00,6.66,travel,credit,CA,55,21,0,1.0,0
TXN004172,2024-02-24T02:18:00,60.04,online,digital_wallet,FR,66,15,1,9.8,0
TXN004173,2024-05-05T05:34:00,15.88,grocery,debit,UK,50,20,0,23.2,0
TXN004174,2024-02-19T17:12:00,95.14,restaurant,digital_wallet,UK,39,18,1,46.4,0
TXN004175,2024-05-08T21:12:00,50.99,healthcare,debit,DE,55,21,1,13.3,0
TXN004176,2024-05-19T10:17:00,63.66,restaurant,digital_wallet,JP,71,12,1,3.0,0
TXN004177,2024-03-02T18:15:00,14.01,travel,debit,FR,75,19,0,12.7,0
TXN004178,2024-01-26T19:22:00,435.86,online,digital_wallet,DE,31,14,1,5.8,0
TXN004179,2024-11-05T11:17:00,83.13,healthcare,digital_wallet,JP,73,7,1,10.3,0
TXN004180,2024-07-09T00:39:00,182.96,retail,credit,FR,68,14,0,3.7,0
TXN004181,2024-10-03T07:20:00,59.9,travel,credit,JP,78,9,0,21.5,0
TXN004182,2024-02-28T09:14:00,11.76,online,digital_wallet,CA,40,14,1,15.2,0
TXN004183,2024-08-11T15:57:00,15.21,grocery,debit,CA,48,21,0,17.4,0
TXN004184,2024-09-26T21:46:00,6.14,online,debit,CA,31,0,0,5.4,0
TXN004185,2024-04-03T23:17:00,6.91,online,debit,DE,41,9,0,12.3,0
TXN004186,2024-12-24T07:38:00,61.41,healthcare,debit,FR,64,9,0,14.4,0
TXN004187,2024-02-07T02:29:00,450.96,healthcare,debit,UK,58,1,0,1.2,0
TXN004188,2024-06-01T17:24:00,97.22,grocery,debit,CA,66,17,0,7.7,0
TXN004189,2024-02-06T16:48:00,258.24,restaurant,digital_wallet,FR,56,3,0,28.5,0
TXN004190,2024-09-08T08:32:00,91.93,travel,debit,FR,70,0,1,0.3,0
TXN004191,2024-12-11T19:38:00,91.68,online,digital_wallet,CA,18,20,0,0.6,0
TXN004192,2024-06-18T11:19:00,195.59,travel,digital_wallet,DE,74,16,0,0.8,0
TXN004193,2024-08-03T12:17:00,60.02,healthcare,digital_wallet,JP,44,20,0,45.1,0
TXN004194,2024-11-03T00:24:00,44.14,travel,credit,FR,65,5,1,4.3,0
TXN004195,2024-04-18T21:33:00,18.84,retail,debit,CA,73,14,0,9.9,0
TXN004196,2024-03-22T11:52:00,155.05,healthcare,digital_wallet,JP,38,8,0,27.6,0
TXN004197,2024-02-08T10:23:00,523.89,retail,debit,JP,57,15,0,13.4,0
TXN004198,2024-09-14T17:55:00,3.55,retail,debit,DE,27,0,0,3.7,0
TXN004199,2024-11-04T10:26:00,54.29,travel,credit,UK,25,11,0,10.4,0
TXN004200,2024-05-17T12:02:00,31.67,restaurant,debit,CA,70,0,0,8.5,0
TXN004201,2024-03-19T19:42:00,289.76,grocery,digital_wallet,CA,29,5,0,27.0,0
TXN004202,2024-01-26T03:30:00,77.55,restaurant,digital_wallet,DE,39,7,1,2.9,0
TXN004203,2024-09-03T01:57:00,243.22,healthcare,debit,DE,46,14,0,2.1,0
TXN004204,2024-06-10T13:04:00,842.15,healthcare,digital_wallet,UK,65,13,1,5.5,0
TXN004205,2024-07-07T19:23:00,1080.29,grocery,debit,DE,26,13,0,4.8,0
TXN004206,2024-12-10T20:51:00,14.23,online,digital_wallet,US,30,21,0,2.2,0
TXN004207,2024-06-09T11:50:00,115.7,healthcare,digital_wallet,AU,71,3,0,11.5,0
TXN004208,2024-09-22T03:57:00,37.96,online,digital_wallet,UK,33,6,0,6.8,0
TXN004209,2024-05-25T06:35:00,20.51,restaurant,credit,AU,48,4,0,5.1,0
TXN004210,2024-03-05T11:25:00,20.94,healthcare,digital_wallet,JP,68,18,0,1.5,0
TXN004211,2024-05-05T16:29:00,1577.49,online,digital_wallet,JP,63,10,0,0.6,0
TXN004212,2024-01-15T19:11:00,10.37,online,credit,US,43,23,0,6.8,0
TXN004213,2024-10-03T12:45:00,80.99,healthcare,credit,JP,44,22,0,26.5,0
TXN004214,2024-06-05T13:59:00,491.51,restaurant,digital_wallet,DE,42,1,0,5.9,0
TXN004215,2024-07-11T14:28:00,5.33,travel,credit,UK,52,13,0,27.6,0
TXN004216,2024-01-18T22:32:00,5.48,grocery,digital_wallet,DE,76,23,0,9.0,0
TXN004217,2024-04-11T02:14:00,26.79,retail,credit,US,20,15,0,2.3,0
TXN004218,2024-07-03T23:51:00,4.12,healthcare,credit,UK,79,20,0,10.7,0
TXN004219,2024-02-25T02:30:00,98.83,restaurant,digital_wallet,AU,76,20,0,5.4,0
TXN004220,2024-06-23T23:28:00,55.85,grocery,debit,US,27,13,0,1.8,0
TXN004221,2024-11-01T10:22:00,2161.81,online,debit,FR,39,0,0,1.3,0
TXN004222,2024-01-05T14:45:00,45.09,healthcare,debit,DE,34,8,0,10.6,0
TXN004223,2024-02-14T05:54:00,13.3,grocery,digital_wallet,AU,27,16,0,8.3,0
TXN004224,2024-10-18T00:15:00,5.61,grocery,credit,UK,24,3,1,12.4,0
TXN004225,2024-11-15T23:33:00,15.24,travel,credit,CA,25,18,0,1.0,0
TXN004226,2024-10-09T10:22:00,5.3,travel,debit,FR,53,2,1,3.7,0
TXN004227,2024-02-26T00:42:00,55.09,retail,credit,CA,77,8,1,9.7,0
TXN004228,2024-09-08T07:08:00,870.16,online,digital_wallet,US,50,20,0,10.6,0
TXN004229,2024-09-14T10:55:00,1575.73,restaurant,debit,US,19,8,1,2.7,0
TXN004230,2024-09-06T16:05:00,103.8,restaurant,debit,FR,26,17,0,3.3,0
TXN004231,2024-04-18T11:45:00,18.19,restaurant,credit,JP,18,15,0,15.6,0
TXN004232,2024-09-02T03:27:00,34.47,retail,digital_wallet,AU,50,8,1,18.8,0
TXN004233,2024-04-02T21:13:00,6.05,grocery,credit,JP,33,6,1,8.2,0
TXN004234,2024-03-17T17:31:00,2453.95,restaurant,debit,JP,47,2,1,21.2,0
TXN004235,2024-01-02T18:14:00,71.95,online,credit,FR,69,12,0,21.4,0
TXN004236,2024-03-05T16:13:00,38.22,grocery,digital_wallet,US,76,17,0,2.9,0
TXN004237,2024-12-27T09:56:00,51.53,travel,digital_wallet,FR,43,18,0,39.9,0
TXN004238,2024-03-15T09:01:00,24.42,online,digital_wallet,FR,22,0,1,9.7,0
TXN004239,2024-03-03T01:15:00,296.78,travel,debit,US,18,21,0,16.1,0
TXN004240,2024-11-14T06:56:00,306.51,restaurant,credit,JP,53,15,1,0.5,0
TXN004241,2024-10-28T15:45:00,9.35,retail,digital_wallet,JP,29,23,1,23.1,0
TXN004242,2024-12-07T23:05:00,111.39,travel,credit,DE,41,14,0,2.4,0
TXN004243,2024-10-26T19:05:00,343.3,online,digital_wallet,JP,78,11,1,6.9,0
TXN004244,2024-12-15T11:33:00,4.47,online,debit,FR,32,0,0,1.7,0
TXN004245,2024-04-24T23:50:00,28.61,retail,credit,US,69,4,1,8.3,0
TXN004246,2024-01-16T20:14:00,16.32,restaurant,debit,US,29,3,1,6.7,0
TXN004247,2024-03-07T18:02:00,39.64,retail,digital_wallet,CA,25,4,0,47.8,0
TXN004248,2024-11-15T17:42:00,1.45,retail,credit,US,64,17,0,7.6,0
TXN004249,2024-12-13T22:17:00,668.86,online,digital_wallet,JP,39,9,0,20.2,0
TXN004250,2024-03-26T03:49:00,51.75,restaurant,credit,JP,30,15,1,9.8,0
TXN004251,2024-12-06T12:46:00,3.53,travel,debit,US,79,23,0,4.3,0
TXN004252,2024-09-03T07:28:00,21.85,healthcare,credit,CA,34,17,0,2.5,0
TXN004253,2024-02-12T00:43:00,103.01,healthcare,debit,DE,33,6,0,6.6,0
TXN004254,2024-04-14T14:31:00,32.15,travel,debit,CA,32,20,1,16.5,0
TXN004255,2024-12-11T21:29:00,74.18,retail,digital_wallet,FR,21,22,0,0.2,0
TXN004256,2024-07-11T00:48:00,42.21,online,credit,CA,63,23,0,14.6,0
TXN004257,2024-02-02T22:16:00,39.35,restaurant,digital_wallet,US,37,10,0,6.0,0
TXN004258,2024-12-10T18:39:00,16.63,restaurant,digital_wallet,JP,72,19,0,1.2,0
TXN004259,2024-09-17T02:24:00,1.67,retail,credit,CA,46,6,0,27.7,0
TXN004260,2024-12-09T09:33:00,92.64,online,debit,AU,25,1,1,7.1,0
TXN004261,2024-11-04T07:12:00,55.69,healthcare,digital_wallet,JP,72,7,0,1.1,0
TXN004262,2024-03-08T00:30:00,37.3,restaurant,credit,UK,24,16,1,13.2,0
TXN004263,2024-08-07T02:48:00,22.44,travel,credit,JP,69,3,0,1.2,0
TXN004264,2024-08-28T16:35:00,30.6,grocery,debit,UK,26,22,0,16.7,0
TXN004265,2024-02-26T19:24:00,13.37,healthcare,digital_wallet,DE,60,14,0,7.1,0
TXN004266,2024-05-08T22:10:00,519.53,travel,credit,FR,63,23,0,26.2,0
TXN004267,2024-12-02T05:24:00,20.06,retail,debit,DE,79,19,0,21.3,0
TXN004268,2024-06-06T21:02:00,3.32,travel,credit,FR,41,5,0,48.7,0
TXN004269,2024-05-19T00:08:00,139.48,travel,debit,US,67,19,0,5.5,0
TXN004270,2024-03-23T15:28:00,8.81,travel,credit,JP,26,20,1,3.4,0
TXN004271,2024-04-22T00:51:00,21.13,grocery,debit,AU,42,17,1,16.8,0
TXN004272,2024-07-18T20:08:00,146.15,retail,debit,JP,32,3,0,11.0,0
TXN004273,2024-08-08T08:04:00,295.83,healthcare,digital_wallet,DE,80,2,1,1.8,0
TXN004274,2024-12-17T14:54:00,45.75,restaurant,credit,JP,19,16,0,12.0,0
TXN004275,2024-03-18T13:39:00,1023.6,travel,digital_wallet,JP,78,13,0,9.4,0
TXN004276,2024-12-01T18:29:00,197.46,retail,digital_wallet,AU,39,5,1,0.4,0
TXN004277,2024-10-23T03:16:00,4.32,restaurant,digital_wallet,DE,77,7,0,14.7,0
TXN004278,2024-08-28T02:28:00,1.5,online,debit,DE,27,10,1,21.1,0
TXN004279,2024-05-02T10:07:00,46.31,grocery,digital_wallet,US,52,22,0,30.2,0
TXN004280,2024-12-25T06:45:00,665.45,retail,debit,CA,37,8,0,3.6,0
TXN004281,2024-06-16T01:01:00,23.79,healthcare,digital_wallet,AU,18,11,0,17.0,0
TXN004282,2024-08-23T15:30:00,48.78,restaurant,digital_wallet,DE,62,20,0,1.8,0
TXN004283,2024-01-08T21:21:00,335.15,healthcare,digital_wallet,DE,70,5,1,4.2,0
TXN004284,2024-09-24T06:37:00,66.76,retail,debit,UK,49,1,0,18.4,0
TXN004285,2024-06-23T18:38:00,8.15,grocery,digital_wallet,FR,73,10,1,3.6,0
TXN004286,2024-07-12T03:00:00,83.94,travel,credit,UK,43,20,0,10.3,0
TXN004287,2024-12-06T14:45:00,33.47,travel,digital_wallet,FR,23,12,0,0.1,0
TXN004288,2024-03-08T04:19:00,152.89,restaurant,debit,FR,34,4,0,5.8,0
TXN004289,2024-01-12T15:19:00,5.68,travel,digital_wallet,FR,75,13,0,2.3,0
TXN004290,2024-01-25T06:58:00,19.43,travel,digital_wallet,JP,62,9,0,27.8,0
TXN004291,2024-11-20T04:26:00,55.51,retail,digital_wallet,UK,39,23,0,28.4,0
TXN004292,2024-10-12T03:48:00,128.57,retail,debit,DE,78,22,1,7.6,0
TXN004293,2024-09-10T22:01:00,10.95,healthcare,digital_wallet,JP,64,1,0,14.0,0
TXN004294,2024-11-28T20:09:00,639.44,travel,digital_wallet,CA,70,3,0,3.1,0
TXN004295,2024-07-05T00:09:00,17840.36,grocery,credit,DE,30,15,0,6.7,1
TXN004296,2024-07-16T22:46:00,145.38,restaurant,credit,JP,31,12,1,5.6,0
TXN004297,2024-11-23T18:22:00,533.17,online,digital_wallet,US,77,3,0,3.0,0
TXN004298,2024-01-15T14:32:00,251.67,grocery,credit,US,19,14,0,5.4,0
TXN004299,2024-06-09T19:17:00,2.97,healthcare,debit,US,30,11,1,1.5,0
TXN004300,2024-03-02T17:47:00,10.33,travel,credit,UK,73,14,0,10.7,0
TXN004301,2024-01-17T23:22:00,581.14,online,debit,DE,34,20,0,2.5,0
TXN004302,2024-03-20T15:40:00,236.04,online,credit,JP,47,9,0,19.5,0
TXN004303,2024-02-19T12:31:00,73.09,restaurant,debit,AU,75,5,0,6.0,0
TXN004304,2024-10-10T10:04:00,34.13,online,digital_wallet,CA,41,0,0,10.5,0
TXN004305,2024-04-02T16:55:00,34.68,travel,debit,UK,72,18,1,8.9,0
TXN004306,2024-12-26T13:20:00,51.06,grocery,digital_wallet,AU,67,7,0,13.8,0
TXN004307,2024-03-22T22:12:00,55.7,restaurant,digital_wallet,UK,70,16,0,13.1,0
TXN004308,2024-06-09T00:17:00,103.5,grocery,credit,UK,43,15,1,17.2,0
TXN004309,2024-01-10T23:06:00,37.09,restaurant,digital_wallet,CA,79,1,0,10.7,0
TXN004310,2024-12-16T20:10:00,15.93,healthcare,digital_wallet,FR,50,20,0,10.5,0
TXN004311,2024-01-23T05:56:00,46.5,healthcare,credit,JP,36,1,0,1.5,0
TXN004312,2024-07-03T01:38:00,9.74,grocery,debit,FR,76,23,0,0.7,0
TXN004313,2024-11-19T11:20:00,101.59,online,credit,FR,34,2,0,27.0,0
TXN004314,2024-08-21T16:11:00,96.23,healthcare,credit,FR,37,15,0,1.3,0
TXN004315,2024-10-13T15:33:00,476.46,restaurant,debit,UK,33,16,0,9.2,0
TXN004316,2024-04-09T20:25:00,89.91,travel,credit,CA,25,21,0,4.6,0
TXN004317,2024-06-08T12:10:00,7.03,travel,credit,UK,60,4,0,0.8,0
TXN004318,2024-04-02T07:39:00,18.42,retail,digital_wallet,CA,27,18,0,1.1,0
TXN004319,2024-08-13T22:03:00,90.32,travel,credit,UK,80,10,0,2.6,0
TXN004320,2024-05-07T02:48:00,94.52,healthcare,debit,UK,23,7,0,12.9,0
TXN004321,2024-03-12T02:42:00,229.7,retail,digital_wallet,US,31,7,1,1.2,0
TXN004322,2024-03-25T14:53:00,7.33,grocery,credit,US,71,4,0,3.0,0
TXN004323,2024-10-12T01:42:00,301.52,retail,credit,US,32,17,0,2.0,0
TXN004324,2024-05-05T13:56:00,535.51,grocery,debit,DE,80,11,0,7.6,0
TXN004325,2024-02-09T22:23:00,125.39,healthcare,credit,AU,70,16,0,27.6,0
TXN004326,2024-10-21T23:28:00,5.69,restaurant,credit,FR,70,14,1,21.0,0
TXN004327,2024-12-18T18:46:00,20.08,restaurant,digital_wallet,JP,36,1,0,0.1,0
TXN004328,2024-10-12T09:35:00,24.53,restaurant,credit,UK,18,6,1,3.3,0
TXN004329,2024-06-12T23:57:00,58.04,restaurant,digital_wallet,US,55,2,1,5.3,0
TXN004330,2024-12-11T09:45:00,30.4,online,debit,UK,40,9,0,3.7,0
TXN004331,2024-06-04T00:09:00,46.95,healthcare,debit,DE,43,19,0,7.9,0
TXN004332,2024-11-02T04:05:00,50.39,retail,credit,FR,31,1,0,0.1,0
TXN004333,2024-02-15T18:44:00,7.71,restaurant,debit,FR,62,14,0,7.0,0
TXN004334,2024-12-04T09:37:00,51.51,restaurant,debit,JP,65,12,0,53.3,0
TXN004335,2024-07-20T08:12:00,66.27,restaurant,debit,US,52,23,0,1.0,0
TXN004336,2024-12-23T07:41:00,2.59,travel,digital_wallet,CA,47,20,0,2.0,0
TXN004337,2024-11-13T17:14:00,207.02,travel,credit,US,63,21,0,5.4,0
TXN004338,2024-05-23T21:59:00,39.48,online,debit,US,79,22,0,4.6,0
TXN004339,2024-09-19T06:50:00,48.57,restaurant,debit,FR,68,18,0,3.0,0
TXN004340,2024-06-13T07:38:00,10.44,restaurant,digital_wallet,CA,69,8,1,34.3,0
TXN004341,2024-08-18T16:25:00,53.28,healthcare,digital_wallet,CA,75,23,0,4.1,0
TXN004342,2024-01-17T17:29:00,15.92,healthcare,debit,AU,66,12,0,3.6,0
TXN004343,2024-12-19T19:54:00,5.71,grocery,digital_wallet,US,70,12,0,3.4,0
TXN004344,2024-03-01T18:40:00,18.33,online,debit,JP,60,20,0,4.5,0
TXN004345,2024-12-20T02:43:00,125.33,grocery,debit,FR,67,1,0,0.6,0
TXN004346,2024-07-25T15:15:00,5.93,grocery,digital_wallet,DE,24,20,0,79.0,0
TXN004347,2024-01-02T22:06:00,15.14,restaurant,debit,UK,29,8,0,2.4,0
TXN004348,2024-08-25T08:40:00,14.55,travel,debit,AU,73,12,0,7.7,0
TXN004349,2024-05-07T16:54:00,25.55,restaurant,debit,CA,37,14,0,6.7,0
TXN004350,2024-07-10T03:45:00,50.5,online,debit,AU,41,14,1,5.5,0
TXN004351,2024-05-11T17:20:00,1.49,travel,debit,DE,21,15,1,20.7,0
TXN004352,2024-10-12T13:22:00,863.9,healthcare,credit,JP,78,21,0,4.0,0
TXN004353,2024-10-19T07:31:00,84.11,online,digital_wallet,DE,61,6,1,0.2,0
TXN004354,2024-07-18T19:53:00,55.1,healthcare,debit,CA,21,16,0,5.9,0
TXN004355,2024-03-28T16:55:00,5.38,grocery,digital_wallet,DE,28,19,0,15.2,0
TXN004356,2024-05-22T03:58:00,29.54,travel,digital_wallet,CA,39,0,0,10.7,0
TXN004357,2024-09-18T03:59:00,15.95,retail,credit,FR,26,5,0,7.2,0
TXN004358,2024-01-26T02:41:00,95.07,healthcare,credit,JP,22,20,1,4.7,0
TXN004359,2024-12-21T11:00:00,10.09,online,debit,CA,80,5,1,6.1,0
TXN004360,2024-08-01T22:15:00,91.61,healthcare,digital_wallet,DE,42,22,0,17.6,0
TXN004361,2024-02-04T10:59:00,149.97,travel,credit,UK,20,6,0,4.6,0
TXN004362,2024-12-21T17:47:00,2.34,travel,credit,UK,68,20,0,2.4,0
TXN004363,2024-07-18T14:56:00,7.48,grocery,credit,AU,24,21,0,13.3,0
TXN004364,2024-11-02T08:26:00,70.42,restaurant,digital_wallet,AU,74,16,1,35.1,0
TXN004365,2024-02-01T10:17:00,14.88,travel,debit,JP,79,7,0,1.2,0
TXN004366,2024-03-18T16:37:00,37.17,restaurant,debit,US,30,20,0,41.8,0
TXN004367,2024-04-11T21:10:00,60.27,online,debit,JP,58,2,1,6.7,0
TXN004368,2024-07-08T17:34:00,15.59,online,debit,CA,28,3,0,6.1,0
TXN004369,2024-05-07T20:12:00,146.93,retail,digital_wallet,US,25,0,1,3.1,0
TXN004370,2024-01-17T13:58:00,190.13,healthcare,digital_wallet,FR,54,4,1,2.0,0
TXN004371,2024-08-16T04:21:00,12.82,travel,digital_wallet,DE,40,22,1,1.4,0
TXN004372,2024-06-01T11:04:00,14.67,travel,debit,AU,55,0,1,1.9,0
TXN004373,2024-05-10T22:38:00,16.52,healthcare,credit,UK,52,21,0,4.1,0
TXN004374,2024-10-16T18:09:00,18.29,retail,digital_wallet,CA,44,17,1,14.3,0
TXN004375,2024-07-28T19:14:00,15.48,retail,debit,US,68,4,0,2.3,0
TXN004376,2024-03-02T11:43:00,667.45,online,debit,DE,30,23,1,6.1,0
TXN004377,2024-10-01T03:37:00,174.23,grocery,digital_wallet,FR,29,2,1,0.4,0
TXN004378,2024-08-16T22:25:00,80.01,travel,credit,JP,36,22,0,25.7,0
TXN004379,2024-11-05T05:23:00,3.08,travel,debit,UK,40,16,0,2.1,0
TXN004380,2024-03-05T01:47:00,20.32,retail,debit,UK,72,13,1,0.3,0
TXN004381,2024-03-07T02:46:00,145.63,grocery,credit,DE,39,19,0,4.5,0
TXN004382,2024-08-22T04:22:00,18.25,retail,digital_wallet,JP,43,8,1,25.4,0
TXN004383,2024-02-11T23:58:00,55.12,restaurant,debit,US,25,11,0,8.2,0
TXN004384,2024-01-16T03:08:00,1.93,retail,digital_wallet,US,18,5,0,1.0,0
TXN004385,2024-08-09T18:11:00,119.4,online,credit,CA,78,2,0,6.7,0
TXN004386,2024-11-15T23:33:00,162.89,travel,debit,US,57,1,0,19.7,0
TXN004387,2024-09-24T22:30:00,105.02,online,digital_wallet,US,70,10,0,0.2,0
TXN004388,2024-03-14T09:44:00,425.29,retail,digital_wallet,AU,58,6,0,4.0,0
TXN004389,2024-07-25T13:58:00,66.41,restaurant,digital_wallet,US,39,23,0,0.1,0
TXN004390,2024-06-21T03:23:00,152.97,grocery,digital_wallet,FR,72,1,0,14.6,0
TXN004391,2024-01-25T19:47:00,25.74,retail,digital_wallet,DE,24,5,0,1.9,0
TXN004392,2024-12-17T09:01:00,449.93,travel,debit,DE,63,22,1,14.8,0
TXN004393,2024-04-24T09:28:00,95.0,online,credit,CA,29,18,1,11.3,0
TXN004394,2024-01-01T19:04:00,246.52,retail,credit,AU,80,11,0,24.8,0
TXN004395,2024-01-02T07:01:00,67.29,retail,debit,JP,19,17,0,3.2,0
TXN004396,2024-12-28T07:01:00,23.88,travel,debit,CA,63,10,1,2.1,0
TXN004397,2024-04-01T19:34:00,6.96,grocery,digital_wallet,JP,37,20,1,1.5,0
TXN004398,2024-04-02T18:32:00,22.2,healthcare,debit,DE,48,22,0,7.0,0
TXN004399,2024-09-27T21:47:00,87.35,travel,debit,FR,31,3,0,10.3,0
TXN004400,2024-04-05T10:55:00,61.78,online,digital_wallet,UK,61,14,1,19.4,0
TXN004401,2024-08-12T10:13:00,916.83,retail,credit,DE,60,5,0,1.9,0
TXN004402,2024-11-20T01:57:00,61.68,grocery,digital_wallet,DE,30,14,0,2.9,0
TXN004403,2024-09-06T03:31:00,855.2,travel,credit,JP,21,11,1,8.5,0
TXN004404,2024-11-06T22:03:00,29.74,retail,debit,JP,46,1,0,2.0,0
TXN004405,2024-04-19T04:37:00,577.41,healthcare,credit,AU,65,21,1,0.5,0
TXN004406,2024-09-26T01:02:00,1742.87,retail,debit,UK,26,19,1,26.4,0
TXN004407,2024-06-07T08:49:00,86.46,grocery,digital_wallet,US,62,17,0,10.3,0
TXN004408,2024-06-15T21:02:00,10.36,healthcare,digital_wallet,US,43,23,0,1.1,0
TXN004409,2024-01-05T12:00:00,89.81,restaurant,credit,CA,80,22,0,26.1,0
TXN004410,2024-10-18T07:15:00,120.8,restaurant,digital_wallet,JP,26,3,1,6.9,0
TXN004411,2024-04-14T01:16:00,46.93,healthcare,credit,DE,72,6,0,3.5,0
TXN004412,2024-05-19T14:15:00,1082.75,healthcare,digital_wallet,DE,62,14,0,0.7,0
TXN004413,2024-02-20T22:07:00,538.73,travel,digital_wallet,US,40,10,0,2.5,0
TXN004414,2024-05-10T21:17:00,9.97,retail,digital_wallet,DE,28,17,1,6.4,0
TXN004415,2024-05-08T19:03:00,52.26,restaurant,debit,JP,74,16,0,18.0,0
TXN004416,2024-09-25T05:47:00,70.22,restaurant,digital_wallet,FR,73,3,0,7.8,0
TXN004417,2024-10-10T07:48:00,167.45,online,digital_wallet,CA,43,9,0,19.9,0
TXN004418,2024-08-20T06:59:00,908.58,retail,digital_wallet,FR,18,11,0,13.9,0
TXN004419,2024-04-17T02:27:00,232.33,retail,digital_wallet,CA,70,5,0,3.6,0
TXN004420,2024-06-19T14:36:00,12.08,retail,credit,US,30,6,0,18.2,0
TXN004421,2024-05-15T20:50:00,39.99,grocery,digital_wallet,CA,75,9,0,21.1,0
TXN004422,2024-10-03T12:43:00,17.73,travel,debit,CA,43,2,1,7.0,0
TXN004423,2024-03-17T18:53:00,101.95,grocery,digital_wallet,AU,75,18,1,13.4,0
TXN004424,2024-06-10T10:16:00,30.64,grocery,digital_wallet,FR,42,6,1,15.2,0
TXN004425,2024-05-15T05:57:00,113.91,grocery,debit,AU,48,21,0,20.7,0
TXN004426,2024-07-01T17:34:00,103.98,grocery,digital_wallet,DE,24,13,0,0.8,0
TXN004427,2024-02-08T15:49:00,16.13,restaurant,credit,AU,68,11,1,22.8,0
TXN004428,2024-01-15T05:58:00,20.08,online,credit,UK,35,3,1,2.3,0
TXN004429,2024-06-07T18:11:00,277.43,retail,credit,JP,22,12,1,8.1,0
TXN004430,2024-10-05T00:44:00,19.68,restaurant,digital_wallet,UK,76,14,0,16.1,0
TXN004431,2024-09-10T02:51:00,20.94,online,credit,CA,34,8,0,0.7,0
TXN004432,2024-05-11T12:30:00,31.92,travel,credit,JP,49,21,0,12.5,0
TXN004433,2024-07-17T23:58:00,206.2,travel,digital_wallet,UK,73,0,0,12.9,0
TXN004434,2024-03-05T23:15:00,119.85,online,debit,AU,65,1,1,0.1,0
TXN004435,2024-12-12T13:30:00,6998.23,retail,digital_wallet,UK,57,10,0,3.8,1
TXN004436,2024-02-19T11:36:00,14.4,retail,debit,JP,66,10,1,0.0,0
TXN004437,2024-01-13T04:51:00,213.73,travel,debit,FR,51,12,0,4.1,0
TXN004438,2024-12-10T21:15:00,1704.84,grocery,credit,AU,28,1,1,2.3,0
TXN004439,2024-12-24T20:04:00,5.82,retail,credit,AU,43,15,0,5.5,0
TXN004440,2024-05-27T01:38:00,46.98,restaurant,debit,CA,42,8,0,2.3,0
TXN004441,2024-12-08T23:01:00,45.93,online,digital_wallet,AU,54,8,0,4.7,0
TXN004442,2024-10-02T01:42:00,148.78,travel,digital_wallet,FR,67,20,0,29.9,0
TXN004443,2024-12-17T03:51:00,52.83,online,debit,JP,52,23,0,3.5,0
TXN004444,2024-07-04T17:30:00,11.59,retail,digital_wallet,JP,72,23,0,16.4,0
TXN004445,2024-11-21T06:49:00,369.12,restaurant,digital_wallet,JP,22,6,0,5.3,0
TXN004446,2024-05-22T07:17:00,57.54,travel,digital_wallet,JP,56,16,0,4.1,0
TXN004447,2024-11-26T00:52:00,85.75,healthcare,digital_wallet,JP,78,5,0,8.3,0
TXN004448,2024-12-08T18:44:00,177.81,restaurant,digital_wallet,AU,57,2,0,1.3,0
TXN004449,2024-08-14T20:16:00,6.35,online,debit,CA,39,7,0,24.8,0
TXN004450,2024-06-24T08:58:00,181.74,travel,debit,JP,72,20,0,5.0,0
TXN004451,2024-04-03T07:26:00,12.44,healthcare,digital_wallet,UK,77,23,0,11.2,0
TXN004452,2024-11-22T20:42:00,57.97,healthcare,credit,CA,54,20,1,5.2,0
TXN004453,2024-09-20T19:04:00,156.07,online,debit,US,24,10,0,7.3,0
TXN004454,2024-09-22T12:38:00,241.88,retail,digital_wallet,JP,45,6,1,15.7,0
TXN004455,2024-07-26T20:48:00,31.41,restaurant,debit,US,68,16,0,0.2,0
TXN004456,2024-03-23T21:04:00,19.86,healthcare,credit,FR,44,6,1,11.7,0
TXN004457,2024-01-10T20:09:00,88.26,restaurant,debit,FR,80,23,0,10.0,0
TXN004458,2024-07-23T06:56:00,1100.26,online,debit,FR,19,19,1,12.2,0
TXN004459,2024-01-13T04:12:00,116.18,restaurant,digital_wallet,JP,30,22,0,11.4,0
TXN004460,2024-07-23T03:30:00,123.96,healthcare,debit,FR,37,0,0,4.6,0
TXN004461,2024-06-23T06:56:00,34.17,travel,debit,UK,65,17,0,22.5,0
TXN004462,2024-08-25T08:59:00,5.99,grocery,credit,AU,80,8,0,31.3,0
TXN004463,2024-05-04T08:24:00,17.4,retail,credit,AU,34,17,0,5.2,0
TXN004464,2024-10-03T06:32:00,10.82,healthcare,credit,CA,47,11,0,7.3,0
TXN004465,2024-12-15T09:49:00,38.15,healthcare,debit,AU,64,12,0,2.7,0
TXN004466,2024-06-02T00:38:00,21.09,online,digital_wallet,JP,27,17,0,2.7,0
TXN004467,2024-04-27T13:06:00,3.93,online,credit,UK,51,5,0,19.5,0
TXN004468,2024-04-12T05:22:00,10.95,restaurant,credit,AU,74,11,0,0.6,0
TXN004469,2024-12-25T13:29:00,27.37,healthcare,debit,FR,23,5,0,15.7,0
TXN004470,2024-05-21T17:53:00,101.6,healthcare,debit,JP,32,22,0,20.5,0
TXN004471,2024-09-25T17:34:00,79.68,retail,credit,JP,39,8,0,2.8,0
TXN004472,2024-03-12T03:34:00,54.16,travel,digital_wallet,US,20,12,0,9.6,0
TXN004473,2024-10-28T21:57:00,166.63,restaurant,credit,CA,68,16,0,6.3,0
TXN004474,2024-01-04T08:36:00,81.86,healthcare,credit,JP,73,11,0,0.1,0
TXN004475,2024-12-02T15:46:00,8.44,grocery,credit,US,23,13,0,1.1,0
TXN004476,2024-03-07T03:39:00,244.69,online,debit,FR,34,9,0,16.2,0
TXN004477,2024-08-18T15:42:00,106.29,retail,digital_wallet,CA,40,3,0,4.4,0
TXN004478,2024-07-01T13:42:00,8.33,travel,credit,UK,33,19,1,6.7,0
TXN004479,2024-11-14T08:24:00,26119.68,online,debit,DE,72,9,0,43.7,1
TXN004480,2024-09-28T16:52:00,83.28,grocery,credit,DE,20,17,0,13.9,0
TXN004481,2024-10-19T02:02:00,57.59,healthcare,debit,AU,70,6,1,31.4,0
TXN004482,2024-07-03T21:02:00,229.74,restaurant,credit,FR,31,17,0,22.8,0
TXN004483,2024-05-21T07:50:00,70.54,travel,debit,DE,63,4,0,9.1,0
TXN004484,2024-07-03T08:21:00,67.88,restaurant,digital_wallet,US,76,4,0,15.0,0
TXN004485,2024-08-15T09:11:00,20.93,retail,digital_wallet,CA,20,12,0,0.8,0
TXN004486,2024-04-15T07:07:00,887.51,travel,debit,US,79,2,0,0.2,0
TXN004487,2024-02-24T05:09:00,121.82,travel,debit,DE,53,16,1,4.7,0
TXN004488,2024-10-13T06:48:00,64.94,restaurant,digital_wallet,JP,51,18,0,18.4,0
TXN004489,2024-04-27T16:15:00,109.52,retail,credit,US,74,2,0,3.1,0
TXN004490,2024-02-28T00:57:00,41.36,travel,digital_wallet,CA,30,19,1,2.0,0
TXN004491,2024-05-26T22:44:00,7.57,restaurant,debit,UK,80,7,0,0.3,0
TXN004492,2024-07-25T09:47:00,37.33,retail,digital_wallet,JP,41,1,0,1.2,0
TXN004493,2024-10-16T04:33:00,182.81,grocery,digital_wallet,US,64,21,0,15.5,0
TXN004494,2024-09-13T00:51:00,140.29,online,digital_wallet,CA,73,17,0,11.1,0
TXN004495,2024-01-08T11:14:00,36.51,restaurant,credit,UK,40,21,0,11.8,0
TXN004496,2024-02-06T01:13:00,15036.94,online,debit,CA,29,8,1,25.6,1
TXN004497,2024-05-11T22:29:00,17718.22,retail,debit,DE,27,5,1,9.8,1
TXN004498,2024-03-28T22:50:00,52.51,travel,debit,CA,69,15,1,0.1,0
TXN004499,2024-12-07T10:15:00,3.28,grocery,digital_wallet,DE,41,3,0,24.5,0
TXN004500,2024-09-07T18:17:00,8.76,online,digital_wallet,JP,64,9,0,18.3,0
TXN004501,2024-08-03T14:49:00,102.21,online,credit,US,36,5,1,20.5,0
TXN004502,2024-06-13T02:14:00,23.62,retail,debit,JP,24,13,0,10.2,0
TXN004503,2024-10-22T15:42:00,241.91,retail,digital_wallet,DE,30,10,1,4.7,0
TXN004504,2024-11-21T01:28:00,174.2,online,digital_wallet,CA,70,1,0,4.6,0
TXN004505,2024-10-15T18:20:00,238.47,travel,digital_wallet,UK,39,6,1,11.1,0
TXN004506,2024-04-01T06:16:00,23.59,online,digital_wallet,AU,71,16,0,4.4,0
TXN004507,2024-06-19T13:50:00,40.1,restaurant,digital_wallet,AU,80,11,0,2.1,0
TXN004508,2024-12-01T18:58:00,257.02,healthcare,digital_wallet,JP,32,7,0,24.0,0
TXN004509,2024-11-21T22:18:00,120.41,online,digital_wallet,DE,29,14,0,10.1,0
TXN004510,2024-02-21T03:01:00,175.56,grocery,debit,FR,30,14,0,0.3,0
TXN004511,2024-03-25T11:02:00,15.85,healthcare,digital_wallet,UK,56,11,0,10.1,0
TXN004512,2024-11-09T22:56:00,18.13,restaurant,credit,JP,22,8,1,10.7,0
TXN004513,2024-08-13T04:26:00,72.34,retail,digital_wallet,US,50,13,1,0.6,0
TXN004514,2024-08-20T16:03:00,52.13,healthcare,credit,CA,63,5,0,1.5,0
TXN004515,2024-05-23T13:40:00,32.89,restaurant,debit,FR,56,21,0,1.4,0
TXN004516,2024-08-04T08:41:00,61.8,online,debit,JP,64,21,0,6.3,0
TXN004517,2024-04-28T13:06:00,5.36,online,credit,JP,79,23,0,15.9,0
TXN004518,2024-01-19T12:47:00,48.38,online,credit,CA,64,1,0,7.8,0
TXN004519,2024-11-05T01:51:00,654.44,online,digital_wallet,US,57,3,1,4.3,0
TXN004520,2024-04-24T21:07:00,16.05,retail,debit,AU,61,15,1,17.5,0
TXN004521,2024-07-10T01:38:00,66.47,restaurant,debit,DE,78,20,0,7.9,0
TXN004522,2024-06-25T07:51:00,53.81,travel,digital_wallet,UK,22,19,0,20.8,0
TXN004523,2024-03-25T00:13:00,288.48,restaurant,debit,JP,40,2,0,1.1,0
TXN004524,2024-12-06T08:41:00,5.94,restaurant,credit,JP,18,2,0,0.4,0
TXN004525,2024-07-21T13:22:00,24.85,healthcare,debit,US,33,10,0,13.2,0
TXN004526,2024-03-25T05:48:00,427.71,retail,credit,UK,53,10,1,17.2,0
TXN004527,2024-08-28T12:19:00,109.63,healthcare,digital_wallet,AU,30,2,0,0.0,0
TXN004528,2024-07-24T07:52:00,51.55,retail,credit,AU,79,2,0,0.5,0
TXN004529,2024-12-08T09:09:00,86.18,travel,digital_wallet,DE,68,11,0,27.4,0
TXN004530,2024-08-13T06:13:00,8.45,travel,debit,FR,41,23,0,1.5,0
TXN004531,2024-12-15T15:34:00,200.52,retail,credit,UK,40,6,1,7.3,0
TXN004532,2024-01-20T00:35:00,30.87,retail,debit,AU,39,0,1,12.0,0
TXN004533,2024-10-18T05:37:00,318.15,online,debit,UK,77,19,1,14.2,0
TXN004534,2024-08-06T05:22:00,371.94,retail,digital_wallet,DE,27,12,1,6.6,0
TXN004535,2024-06-13T09:23:00,9.25,online,debit,DE,18,13,0,24.3,0
TXN004536,2024-03-09T00:15:00,81.76,healthcare,debit,US,20,9,1,1.6,0
TXN004537,2024-09-15T20:50:00,303.73,grocery,debit,US,56,9,0,7.9,0
TXN004538,2024-03-16T13:26:00,34.23,healthcare,debit,CA,48,15,1,9.0,0
TXN004539,2024-10-04T03:33:00,12.71,grocery,debit,AU,47,16,1,4.0,0
TXN004540,2024-04-14T19:30:00,27.27,healthcare,debit,DE,41,8,0,11.3,0
TXN004541,2024-12-17T17:35:00,18.92,grocery,digital_wallet,FR,51,8,1,2.4,0
TXN004542,2024-10-14T15:10:00,19.06,online,credit,FR,29,19,1,0.6,0
TXN004543,2024-01-09T13:19:00,3.61,grocery,debit,CA,62,14,0,2.2,0
TXN004544,2024-01-16T03:31:00,171.2,travel,debit,US,34,3,1,13.2,0
TXN004545,2024-12-24T16:41:00,1831.87,online,credit,DE,33,15,0,30.3,0
TXN004546,2024-07-20T14:13:00,948.31,healthcare,digital_wallet,AU,34,10,0,0.8,0
TXN004547,2024-10-20T11:33:00,36.14,restaurant,digital_wallet,US,58,12,1,17.6,0
TXN004548,2024-06-14T02:41:00,49.96,restaurant,debit,FR,37,15,0,4.3,0
TXN004549,2024-12-05T07:54:00,1.91,restaurant,digital_wallet,US,66,13,0,12.3,0
TXN004550,2024-08-08T15:48:00,136.54,retail,credit,US,37,15,0,0.0,0
TXN004551,2024-02-20T05:47:00,142.32,online,digital_wallet,US,52,7,0,2.1,0
TXN004552,2024-04-19T14:57:00,516.84,grocery,digital_wallet,UK,64,4,1,6.6,0
TXN004553,2024-01-02T20:20:00,20.55,grocery,credit,JP,23,9,0,6.2,0
TXN004554,2024-12-15T21:20:00,5.34,grocery,digital_wallet,US,58,13,1,21.4,0
TXN004555,2024-11-07T13:01:00,63.47,online,debit,UK,19,10,0,17.1,0
TXN004556,2024-06-10T21:29:00,2.26,online,digital_wallet,FR,59,13,0,0.1,0
TXN004557,2024-01-27T21:38:00,21.62,grocery,digital_wallet,AU,42,18,1,41.2,0
TXN004558,2024-10-01T07:40:00,32.58,retail,debit,FR,35,12,0,2.5,0
TXN004559,2024-09-12T07:30:00,3.48,healthcare,debit,AU,19,6,1,3.3,0
TXN004560,2024-01-02T15:51:00,175.62,online,credit,CA,49,0,0,18.3,0
TXN004561,2024-10-08T03:40:00,0.3,online,digital_wallet,FR,51,13,0,10.1,0
TXN004562,2024-11-01T03:46:00,38398.2,grocery,debit,DE,61,14,0,4.9,1
TXN004563,2024-08-07T17:01:00,40.73,online,digital_wallet,CA,30,16,0,18.4,0
TXN004564,2024-05-05T13:24:00,5.27,restaurant,digital_wallet,AU,37,20,0,2.9,0
TXN004565,2024-01-17T05:44:00,32.03,restaurant,credit,JP,22,18,0,13.0,0
TXN004566,2024-11-05T19:14:00,517.46,travel,debit,JP,48,7,0,4.6,0
TXN004567,2024-10-14T16:44:00,14.43,online,credit,JP,72,23,0,0.0,0
TXN004568,2024-06-08T22:48:00,9.62,online,debit,US,48,10,1,13.1,0
TXN004569,2024-09-16T04:46:00,251.41,retail,credit,US,41,10,0,5.2,0
TXN004570,2024-11-09T18:36:00,48.78,travel,credit,AU,18,7,0,2.2,0
TXN004571,2024-04-05T11:03:00,219.64,travel,digital_wallet,AU,79,15,1,4.9,0
TXN004572,2024-07-01T14:04:00,12.96,healthcare,debit,FR,26,1,0,3.7,0
TXN004573,2024-08-18T13:09:00,16.39,online,credit,AU,62,6,0,5.0,0
TXN004574,2024-04-21T21:37:00,314.8,restaurant,credit,AU,60,18,0,5.0,0
TXN004575,2024-02-20T06:23:00,70.99,travel,digital_wallet,DE,76,5,0,1.7,0
TXN004576,2024-02-11T07:14:00,26.01,travel,credit,UK,18,0,0,5.1,0
TXN004577,2024-09-19T07:28:00,62.11,restaurant,credit,AU,18,20,0,0.4,0
TXN004578,2024-01-22T16:11:00,108.08,travel,debit,US,51,2,0,8.3,0
TXN004579,2024-06-02T13:17:00,761.32,restaurant,credit,FR,35,10,0,2.9,0
TXN004580,2024-11-11T11:21:00,80.48,online,digital_wallet,JP,51,18,0,8.9,0
TXN004581,2024-12-06T13:28:00,16.41,grocery,digital_wallet,DE,28,0,0,19.9,0
TXN004582,2024-07-20T00:12:00,5.48,travel,debit,CA,18,12,0,11.9,0
TXN004583,2024-09-21T11:18:00,40.86,online,digital_wallet,UK,62,5,1,29.2,0
TXN004584,2024-02-23T06:21:00,4.01,restaurant,debit,US,70,7,1,2.3,0
TXN004585,2024-03-06T12:10:00,10.31,online,credit,FR,47,12,0,6.0,0
TXN004586,2024-08-05T04:06:00,1556.51,retail,debit,UK,29,7,0,1.2,0
TXN004587,2024-04-20T05:05:00,5.37,online,debit,CA,28,9,0,3.2,0
TXN004588,2024-12-09T22:40:00,852.95,healthcare,digital_wallet,AU,55,6,1,1.5,0
TXN004589,2024-01-16T06:51:00,124.06,restaurant,credit,CA,53,22,1,14.2,0
TXN004590,2024-05-21T02:48:00,295.04,online,credit,JP,51,0,1,4.0,0
TXN004591,2024-04-01T21:27:00,26.79,retail,credit,JP,40,4,1,0.5,0
TXN004592,2024-04-08T04:33:00,480.99,restaurant,debit,AU,23,9,0,10.2,0
TXN004593,2024-12-22T23:10:00,607.29,online,digital_wallet,AU,65,10,0,0.5,0
TXN004594,2024-04-12T05:15:00,16.57,travel,debit,FR,22,1,0,15.1,0
TXN004595,2024-05-27T23:36:00,472.87,retail,debit,AU,29,6,0,5.7,0
TXN004596,2024-08-01T19:20:00,1.33,online,credit,UK,50,16,0,1.8,0
TXN004597,2024-06-24T08:10:00,200.16,online,debit,DE,69,6,1,2.6,0
TXN004598,2024-05-16T01:28:00,57.21,retail,credit,US,23,13,0,8.9,0
TXN004599,2024-09-04T20:50:00,36.59,retail,digital_wallet,CA,57,14,1,17.4,0
TXN004600,2024-03-22T00:13:00,320.33,travel,debit,DE,62,6,0,19.8,0
TXN004601,2024-04-06T02:39:00,4.25,grocery,credit,CA,38,17,0,18.6,0
TXN004602,2024-06-24T10:16:00,6.09,restaurant,debit,US,44,16,0,1.6,0
TXN004603,2024-07-25T22:36:00,17.98,restaurant,digital_wallet,JP,41,2,0,3.2,0
TXN004604,2024-11-09T17:00:00,133.51,healthcare,digital_wallet,UK,24,9,0,16.5,0
TXN004605,2024-11-06T05:14:00,84.37,travel,credit,JP,53,16,0,2.0,0
TXN004606,2024-12-04T19:52:00,10.53,retail,debit,FR,53,3,0,0.5,0
TXN004607,2024-07-28T19:02:00,9.66,restaurant,credit,AU,53,18,0,0.0,0
TXN004608,2024-02-15T20:58:00,3.8,healthcare,credit,JP,72,1,0,10.3,0
TXN004609,2024-10-12T16:21:00,22.75,restaurant,digital_wallet,CA,42,23,1,3.7,0
TXN004610,2024-11-24T02:32:00,298.73,grocery,digital_wallet,JP,49,17,0,29.7,0
TXN004611,2024-02-22T11:39:00,148.43,healthcare,debit,US,60,16,0,9.5,0
TXN004612,2024-08-27T05:54:00,162.37,healthcare,digital_wallet,JP,60,19,0,6.4,0
TXN004613,2024-07-17T07:26:00,11.43,retail,digital_wallet,US,31,10,0,6.1,0
TXN004614,2024-04-03T22:11:00,332.79,online,credit,US,61,0,1,0.5,0
TXN004615,2024-08-27T21:08:00,30.69,healthcare,digital_wallet,JP,55,9,1,6.2,0
TXN004616,2024-06-09T02:18:00,20.75,restaurant,debit,FR,56,17,0,4.4,0
TXN004617,2024-02-17T01:11:00,8.82,grocery,debit,AU,31,8,0,4.7,0
TXN004618,2024-04-04T20:15:00,16.3,travel,debit,CA,20,7,1,3.5,0
TXN004619,2024-07-24T06:36:00,126.64,healthcare,digital_wallet,DE,42,0,0,9.6,0
TXN004620,2024-09-28T22:21:00,21.22,travel,credit,US,57,7,0,0.3,0
TXN004621,2024-02-20T15:46:00,63.94,grocery,digital_wallet,JP,29,19,0,10.3,0
TXN004622,2024-05-01T01:13:00,223.39,travel,credit,DE,41,13,0,19.8,0
TXN004623,2024-11-26T13:05:00,38.2,healthcare,debit,CA,46,14,0,8.1,0
TXN004624,2024-06-06T02:37:00,6.31,travel,credit,US,33,18,0,5.6,0
TXN004625,2024-03-10T10:47:00,73.63,healthcare,credit,DE,44,11,0,10.6,0
TXN004626,2024-02-21T08:00:00,198.83,grocery,debit,CA,53,13,1,0.0,0
TXN004627,2024-02-26T00:50:00,121.15,retail,credit,JP,58,22,1,12.0,0
TXN004628,2024-03-15T18:48:00,43.29,restaurant,debit,US,19,17,0,5.5,0
TXN004629,2024-02-18T11:10:00,22.85,restaurant,digital_wallet,US,19,6,0,17.5,0
TXN004630,2024-09-27T17:11:00,104.1,healthcare,credit,DE,61,6,0,0.3,0
TXN004631,2024-12-25T14:27:00,8.64,healthcare,credit,JP,47,21,0,14.6,0
TXN004632,2024-12-18T00:50:00,39.53,online,credit,FR,35,5,0,2.3,0
TXN004633,2024-02-15T07:19:00,34.36,online,credit,UK,25,12,1,2.9,0
TXN004634,2024-01-21T00:50:00,63.06,online,credit,FR,65,1,0,22.2,0
TXN004635,2024-09-21T14:14:00,64.41,travel,credit,FR,52,14,0,7.1,0
TXN004636,2024-10-26T02:05:00,51.59,grocery,debit,JP,58,5,0,21.2,0
TXN004637,2024-11-07T14:36:00,5.53,online,debit,FR,75,19,0,5.3,0
TXN004638,2024-05-14T04:17:00,24.9,healthcare,digital_wallet,FR,61,5,1,6.8,0
TXN004639,2024-06-19T15:42:00,653.88,retail,debit,CA,55,19,0,2.2,0
TXN004640,2024-07-16T16:30:00,3.97,retail,credit,CA,73,7,1,9.2,0
TXN004641,2024-11-20T03:59:00,14.22,travel,debit,DE,42,15,0,0.9,0
TXN004642,2024-08-01T04:33:00,163.2,grocery,debit,CA,55,5,0,16.8,0
TXN004643,2024-12-23T08:35:00,8.44,retail,credit,FR,20,21,1,13.7,0
TXN004644,2024-03-06T07:52:00,1.14,retail,debit,DE,51,1,1,14.4,0
TXN004645,2024-08-05T06:16:00,152.65,retail,digital_wallet,DE,30,21,0,7.8,0
TXN004646,2024-10-27T09:22:00,14.41,grocery,credit,DE,19,7,1,1.6,0
TXN004647,2024-01-12T02:00:00,25.32,retail,debit,JP,25,5,0,15.6,0
TXN004648,2024-08-04T13:30:00,64.73,restaurant,digital_wallet,AU,70,5,0,27.6,0
TXN004649,2024-11-21T06:53:00,29.71,healthcare,debit,JP,80,6,0,0.1,0
TXN004650,2024-02-18T22:36:00,550.49,retail,digital_wallet,AU,42,8,1,2.7,0
TXN004651,2024-05-06T18:39:00,35.3,healthcare,debit,DE,52,2,1,12.2,0
TXN004652,2024-03-14T14:00:00,40.73,grocery,debit,UK,59,22,1,11.0,0
TXN004653,2024-07-22T00:56:00,5.55,online,credit,UK,37,0,1,2.5,0
TXN004654,2024-05-17T19:47:00,15.13,healthcare,debit,FR,74,3,0,5.0,0
TXN004655,2024-05-18T12:39:00,221.92,restaurant,digital_wallet,DE,73,20,0,0.9,0
TXN004656,2024-03-17T12:08:00,600.13,healthcare,credit,JP,80,9,0,5.5,0
TXN004657,2024-10-17T22:57:00,345.74,travel,debit,AU,74,22,0,10.6,0
TXN004658,2024-11-25T05:12:00,15.14,travel,digital_wallet,US,59,0,0,16.7,0
TXN004659,2024-10-28T08:12:00,30.55,healthcare,digital_wallet,FR,19,17,0,9.5,0
TXN004660,2024-04-14T14:40:00,228.8,grocery,debit,US,24,3,1,13.1,0
TXN004661,2024-01-02T11:35:00,127.42,retail,credit,CA,21,10,0,15.8,0
TXN004662,2024-12-14T10:55:00,10.57,retail,digital_wallet,US,50,1,0,9.3,0
TXN004663,2024-07-05T23:27:00,272.23,restaurant,debit,FR,68,6,1,1.8,0
TXN004664,2024-04-13T14:29:00,372.49,online,debit,US,33,2,1,5.4,0
TXN004665,2024-09-14T16:04:00,4438.08,online,debit,AU,52,13,0,17.8,0
TXN004666,2024-01-02T01:09:00,35.08,restaurant,digital_wallet,JP,69,1,0,0.4,0
TXN004667,2024-04-25T05:11:00,21.96,grocery,credit,JP,76,12,0,11.2,0
TXN004668,2024-10-05T15:38:00,87.44,restaurant,debit,CA,64,7,1,45.1,0
TXN004669,2024-10-12T12:56:00,6357.2,healthcare,digital_wallet,FR,54,2,0,14.3,1
TXN004670,2024-09-21T18:09:00,25040.82,travel,debit,JP,61,13,0,6.6,1
TXN004671,2024-12-15T00:07:00,44.3,restaurant,debit,CA,21,14,1,17.3,0
TXN004672,2024-03-13T22:38:00,228.65,travel,credit,UK,62,9,1,10.2,0
TXN004673,2024-03-21T04:22:00,371.88,retail,debit,DE,63,13,0,5.4,0
TXN004674,2024-06-25T13:16:00,17.28,retail,digital_wallet,JP,45,16,0,3.6,0
TXN004675,2024-07-19T20:02:00,18.77,travel,credit,JP,79,7,0,2.1,0
TXN004676,2024-09-17T16:43:00,163.54,restaurant,credit,FR,80,9,0,2.0,0
TXN004677,2024-07-26T17:25:00,51.2,healthcare,debit,UK,26,0,0,28.2,0
TXN004678,2024-11-09T04:57:00,108.75,healthcare,credit,JP,59,14,0,46.0,0
TXN004679,2024-04-01T01:23:00,147.39,healthcare,debit,DE,56,22,0,6.8,0
TXN004680,2024-09-19T05:10:00,4258.03,healthcare,debit,UK,61,22,1,2.9,0
TXN004681,2024-11-06T02:55:00,245.35,travel,debit,CA,45,9,1,0.4,0
TXN004682,2024-04-06T22:18:00,54.63,healthcare,debit,UK,26,1,0,4.8,0
TXN004683,2024-06-20T08:23:00,21.96,restaurant,credit,DE,58,3,1,13.0,0
TXN004684,2024-07-09T08:29:00,145.78,grocery,credit,DE,62,5,1,9.2,0
TXN004685,2024-05-20T05:24:00,421.88,healthcare,debit,UK,61,18,0,22.2,0
TXN004686,2024-07-19T03:39:00,4.63,grocery,debit,US,62,4,0,4.1,0
TXN004687,2024-06-26T03:10:00,450.88,healthcare,credit,AU,51,13,0,0.5,0
TXN004688,2024-08-12T04:17:00,91.03,restaurant,debit,FR,76,21,1,7.7,0
TXN004689,2024-02-07T10:20:00,78.16,travel,credit,US,63,20,1,0.3,0
TXN004690,2024-04-28T00:15:00,31.88,travel,credit,FR,44,0,0,0.6,0
TXN004691,2024-03-04T09:23:00,19.81,grocery,digital_wallet,JP,24,8,1,4.9,0
TXN004692,2024-04-05T14:33:00,166.26,healthcare,credit,UK,70,4,0,55.8,0
TXN004693,2024-04-13T17:12:00,89.96,retail,credit,AU,18,11,1,3.0,0
TXN004694,2024-11-16T08:06:00,30.47,travel,credit,DE,51,2,1,9.6,0
TXN004695,2024-02-02T06:40:00,586.43,restaurant,digital_wallet,AU,33,22,0,11.6,0
TXN004696,2024-08-03T08:20:00,134.65,online,debit,DE,79,21,0,24.0,0
TXN004697,2024-12-16T14:29:00,9.2,online,digital_wallet,AU,36,6,0,15.2,0
TXN004698,2024-09-26T15:30:00,561.38,healthcare,digital_wallet,FR,78,17,0,3.7,0
TXN004699,2024-02-21T07:29:00,161.35,grocery,digital_wallet,US,69,0,1,3.4,0
TXN004700,2024-06-08T03:12:00,5.43,grocery,credit,DE,29,18,0,5.2,0
TXN004701,2024-01-27T07:55:00,161.8,travel,debit,US,79,2,1,9.0,0
TXN004702,2024-12-18T21:33:00,363.01,healthcare,debit,JP,69,15,1,5.2,0
TXN004703,2024-01-09T21:59:00,15.04,retail,debit,AU,52,16,1,3.4,0
TXN004704,2024-11-01T07:22:00,590.1,grocery,debit,CA,21,12,0,9.9,0
TXN004705,2024-10-08T16:21:00,19.18,restaurant,credit,US,59,9,1,6.3,0
TXN004706,2024-08-17T18:22:00,27.97,restaurant,debit,US,28,23,0,6.2,0
TXN004707,2024-06-20T16:44:00,126.73,retail,debit,US,37,19,0,13.9,0
TXN004708,2024-02-02T22:50:00,27.45,healthcare,digital_wallet,UK,18,6,0,5.8,0
TXN004709,2024-01-18T10:52:00,11.11,grocery,credit,CA,77,22,0,35.1,0
TXN004710,2024-06-07T21:42:00,186.74,travel,digital_wallet,FR,80,11,0,13.5,0
TXN004711,2024-08-21T05:01:00,416.48,grocery,debit,DE,30,0,0,2.1,0
TXN004712,2024-11-18T08:56:00,291.63,retail,credit,UK,47,2,0,8.0,0
TXN004713,2024-02-09T08:03:00,21.72,retail,digital_wallet,UK,21,11,0,6.5,0
TXN004714,2024-09-21T16:48:00,74.06,healthcare,digital_wallet,UK,61,1,1,1.2,0
TXN004715,2024-09-05T10:15:00,6.17,healthcare,debit,JP,32,1,0,6.7,0
TXN004716,2024-08-09T20:52:00,6.69,travel,digital_wallet,JP,73,22,0,6.6,0
TXN004717,2024-01-05T15:58:00,6.09,online,credit,FR,37,8,0,29.6,0
TXN004718,2024-10-12T06:08:00,201.25,retail,credit,US,41,16,0,6.1,0
TXN004719,2024-05-25T17:44:00,88.62,restaurant,digital_wallet,AU,42,8,0,14.1,0
TXN004720,2024-08-02T14:36:00,110.54,online,credit,JP,27,4,1,6.4,0
TXN004721,2024-04-05T17:32:00,5.66,online,debit,CA,52,3,0,0.5,0
TXN004722,2024-07-27T01:11:00,95.54,online,credit,UK,75,6,0,13.5,0
TXN004723,2024-09-17T05:22:00,2.46,grocery,debit,CA,65,5,0,38.2,0
TXN004724,2024-05-03T04:52:00,8.24,restaurant,debit,AU,59,9,0,15.5,0
TXN004725,2024-12-19T20:19:00,21.45,grocery,credit,FR,76,2,0,16.0,0
TXN004726,2024-11-14T10:55:00,77.06,retail,digital_wallet,US,39,12,0,1.5,0
TXN004727,2024-08-10T06:27:00,26.09,grocery,debit,AU,21,9,1,1.5,0
TXN004728,2024-12-08T22:57:00,162.55,travel,credit,JP,44,9,0,10.0,0
TXN004729,2024-09-13T12:25:00,94.29,travel,debit,AU,75,8,0,0.4,0
TXN004730,2024-11-07T06:34:00,1.85,restaurant,credit,JP,67,23,0,16.9,0
TXN004731,2024-09-19T23:32:00,117.34,grocery,debit,CA,51,5,1,11.0,0
TXN004732,2024-07-17T22:07:00,38.61,grocery,credit,AU,80,18,1,4.4,0
TXN004733,2024-07-28T01:44:00,133.1,online,debit,DE,24,4,0,9.7,0
TXN004734,2024-04-20T03:54:00,126.9,restaurant,debit,FR,18,16,1,42.3,0
TXN004735,2024-11-10T09:36:00,277.46,restaurant,digital_wallet,CA,23,22,0,20.4,0
TXN004736,2024-05-18T14:22:00,27.36,healthcare,credit,CA,64,0,0,9.0,0
TXN004737,2024-07-25T10:07:00,140.34,online,digital_wallet,AU,41,13,1,4.6,0
TXN004738,2024-07-06T23:59:00,1379.27,grocery,digital_wallet,CA,68,22,0,2.3,0
TXN004739,2024-10-26T07:05:00,103.04,travel,debit,US,38,8,1,9.4,0
TXN004740,2024-02-20T22:36:00,10.95,travel,debit,FR,72,8,0,5.4,0
TXN004741,2024-05-05T17:04:00,330.23,restaurant,debit,CA,78,6,0,15.6,0
TXN004742,2024-12-26T15:45:00,6.63,healthcare,digital_wallet,US,66,8,0,20.3,0
TXN004743,2024-03-26T06:47:00,3.36,healthcare,credit,FR,30,19,1,5.3,0
TXN004744,2024-09-04T07:14:00,19.66,retail,digital_wallet,UK,71,15,1,9.4,0
TXN004745,2024-10-28T05:19:00,145.78,healthcare,digital_wallet,AU,78,11,0,5.4,0
TXN004746,2024-05-07T02:02:00,81.49,healthcare,credit,JP,33,0,0,2.4,0
TXN004747,2024-04-10T18:29:00,5.44,healthcare,digital_wallet,FR,23,23,0,3.8,0
TXN004748,2024-09-16T19:20:00,98.66,grocery,digital_wallet,US,66,12,0,10.7,0
TXN004749,2024-02-16T06:44:00,87.56,restaurant,digital_wallet,JP,43,22,1,1.6,0
TXN004750,2024-09-06T00:05:00,17.87,travel,credit,JP,69,20,1,4.9,0
TXN004751,2024-08-19T21:42:00,2771.98,travel,digital_wallet,CA,51,1,0,5.9,0
TXN004752,2024-03-05T06:31:00,474.56,online,digital_wallet,FR,70,1,0,0.5,0
TXN004753,2024-04-06T13:48:00,95.53,travel,debit,UK,70,6,0,0.2,0
TXN004754,2024-06-28T11:08:00,186.68,grocery,debit,DE,26,18,0,5.1,0
TXN004755,2024-08-21T11:01:00,62.48,online,debit,CA,78,13,0,29.6,0
TXN004756,2024-05-27T00:25:00,38.56,healthcare,credit,US,52,13,0,1.6,0
TXN004757,2024-01-16T09:27:00,57.65,healthcare,digital_wallet,AU,24,14,0,3.3,0
TXN004758,2024-11-12T04:20:00,257.05,online,credit,JP,39,8,0,17.8,0
TXN004759,2024-02-27T11:23:00,5.18,online,credit,FR,39,23,0,4.3,0
TXN004760,2024-08-22T04:35:00,28.76,travel,credit,AU,27,4,0,1.4,0
TXN004761,2024-09-19T15:25:00,398.09,healthcare,digital_wallet,DE,46,19,0,31.6,0
TXN004762,2024-10-09T01:32:00,88.38,online,digital_wallet,JP,21,17,0,7.7,0
TXN004763,2024-07-06T01:58:00,23.0,grocery,debit,DE,26,1,1,6.6,0
TXN004764,2024-08-20T12:51:00,55.16,travel,debit,DE,40,12,1,0.7,0
TXN004765,2024-07-23T22:35:00,19.74,travel,credit,DE,29,1,0,3.3,0
TXN004766,2024-12-23T20:27:00,962.55,retail,digital_wallet,AU,38,7,1,6.8,0
TXN004767,2024-03-13T13:02:00,2483.77,travel,debit,JP,59,7,0,5.4,0
TXN004768,2024-03-05T02:14:00,102.78,online,debit,CA,66,0,0,9.5,0
TXN004769,2024-08-04T03:39:00,81.68,restaurant,debit,FR,41,19,1,24.7,0
TXN004770,2024-11-05T12:39:00,66.08,healthcare,digital_wallet,CA,48,5,0,15.4,0
TXN004771,2024-09-04T14:35:00,127.95,online,debit,AU,50,14,1,6.2,0
TXN004772,2024-09-08T05:21:00,232.06,healthcare,debit,AU,39,14,0,27.8,0
TXN004773,2024-07-11T22:57:00,55.05,travel,debit,CA,68,22,0,10.0,0
TXN004774,2024-02-10T01:19:00,22.4,retail,digital_wallet,JP,38,23,1,18.2,0
TXN004775,2024-10-05T23:44:00,31.73,healthcare,credit,UK,73,3,0,6.6,0
TXN004776,2024-12-23T00:34:00,7.55,online,digital_wallet,JP,19,6,1,11.8,0
TXN004777,2024-03-18T00:07:00,47.01,healthcare,credit,JP,38,10,1,10.3,0
TXN004778,2024-05-15T08:09:00,86.89,online,digital_wallet,CA,60,12,0,8.1,0
TXN004779,2024-07-21T08:40:00,125.15,healthcare,digital_wallet,FR,62,2,1,9.1,0
TXN004780,2024-06-10T21:47:00,384.85,healthcare,debit,US,35,2,1,1.2,0
TXN004781,2024-03-24T19:25:00,52.46,healthcare,credit,DE,66,2,0,1.3,0
TXN004782,2024-05-28T14:12:00,103.27,healthcare,debit,JP,79,3,0,3.5,0
TXN004783,2024-07-16T03:04:00,5.57,travel,debit,AU,42,1,0,5.5,0
TXN004784,2024-02-25T13:10:00,12.56,online,digital_wallet,FR,63,21,0,10.2,0
TXN004785,2024-03-07T18:17:00,23.3,restaurant,credit,US,48,4,1,27.1,0
TXN004786,2024-09-21T07:29:00,22.62,grocery,debit,JP,78,7,1,0.9,0
TXN004787,2024-01-28T09:34:00,37.98,online,credit,AU,54,16,0,8.7,0
TXN004788,2024-02-02T14:26:00,6.72,online,credit,UK,21,2,0,41.3,0
TXN004789,2024-10-26T23:19:00,821.35,retail,debit,JP,25,9,0,24.3,0
TXN004790,2024-02-21T00:47:00,6.25,grocery,digital_wallet,FR,60,19,1,10.1,0
TXN004791,2024-04-19T20:27:00,42.46,grocery,credit,US,69,5,1,7.4,0
TXN004792,2024-04-16T11:29:00,123.82,grocery,debit,US,70,6,1,2.0,0
TXN004793,2024-04-19T23:34:00,436.72,retail,digital_wallet,JP,54,9,0,3.0,0
TXN004794,2024-09-07T05:28:00,7.15,grocery,credit,AU,56,10,0,5.5,0
TXN004795,2024-09-25T07:09:00,45.43,healthcare,debit,UK,56,18,0,0.2,0
TXN004796,2024-11-15T04:28:00,456.85,online,credit,US,62,5,0,3.9,0
TXN004797,2024-05-26T14:45:00,573.1,travel,digital_wallet,CA,29,13,1,2.9,0
TXN004798,2024-07-25T22:29:00,32.45,retail,debit,JP,58,21,0,4.0,0
TXN004799,2024-08-22T03:59:00,2.68,grocery,debit,UK,46,5,1,20.3,0
TXN004800,2024-09-22T10:13:00,32.46,travel,debit,JP,43,2,1,8.1,0
TXN004801,2024-03-24T06:19:00,46.55,restaurant,digital_wallet,DE,45,22,0,19.5,0
TXN004802,2024-07-12T00:57:00,5.45,travel,digital_wallet,AU,67,22,0,9.9,0
TXN004803,2024-11-04T15:44:00,32.76,travel,credit,US,60,19,1,3.5,0
TXN004804,2024-11-26T22:12:00,254.84,travel,digital_wallet,US,20,19,0,3.9,0
TXN004805,2024-01-16T08:49:00,43.23,retail,digital_wallet,AU,29,21,1,22.5,0
TXN004806,2024-08-13T14:47:00,46.19,travel,digital_wallet,FR,61,17,0,6.4,0
TXN004807,2024-10-23T06:54:00,222.14,restaurant,credit,FR,26,12,0,1.6,0
TXN004808,2024-07-23T10:53:00,82.96,healthcare,digital_wallet,AU,40,23,0,2.8,0
TXN004809,2024-08-28T20:52:00,16.25,healthcare,debit,AU,48,11,0,11.3,0
TXN004810,2024-09-17T00:53:00,33.55,restaurant,debit,AU,20,23,0,10.5,0
TXN004811,2024-07-28T10:30:00,4.32,healthcare,debit,JP,61,11,0,5.2,0
TXN004812,2024-02-14T05:14:00,79.3,retail,credit,UK,25,15,0,3.3,0
TXN004813,2024-06-11T23:24:00,164.73,travel,debit,CA,53,21,0,8.0,0
TXN004814,2024-06-21T22:31:00,99.96,restaurant,credit,DE,46,14,0,8.4,0
TXN004815,2024-10-10T19:20:00,38.85,restaurant,digital_wallet,US,49,19,1,13.3,0
TXN004816,2024-04-19T16:01:00,8.57,grocery,credit,AU,69,8,1,0.8,0
TXN004817,2024-05-10T21:29:00,11.41,online,digital_wallet,AU,24,11,1,3.3,0
TXN004818,2024-06-10T11:18:00,506.7,online,digital_wallet,AU,54,11,0,31.4,0
TXN004819,2024-08-21T03:46:00,81.15,healthcare,credit,AU,24,4,1,1.6,0
TXN004820,2024-02-22T08:42:00,87.48,retail,debit,FR,29,14,0,14.2,0
TXN004821,2024-11-19T11:30:00,6162.32,online,credit,AU,19,13,0,35.3,1
TXN004822,2024-08-08T00:55:00,73.59,restaurant,digital_wallet,UK,31,21,0,3.4,0
TXN004823,2024-06-17T01:26:00,3.27,grocery,debit,JP,55,7,0,1.9,0
TXN004824,2024-05-02T06:07:00,19.12,online,debit,AU,41,5,0,14.8,0
TXN004825,2024-09-10T00:52:00,42.18,retail,digital_wallet,US,34,6,0,0.1,0
TXN004826,2024-01-06T08:19:00,48.5,travel,debit,UK,36,10,0,6.0,0
TXN004827,2024-05-19T07:37:00,36.41,travel,debit,US,63,19,0,12.4,0
TXN004828,2024-05-24T11:59:00,591.85,healthcare,debit,UK,60,11,0,3.6,0
TXN004829,2024-09-14T09:54:00,47.49,restaurant,debit,FR,59,9,0,3.7,0
TXN004830,2024-07-14T18:24:00,13705.83,grocery,debit,US,49,7,1,5.5,1
TXN004831,2024-03-06T10:49:00,43.62,retail,credit,AU,33,11,0,3.0,0
TXN004832,2024-07-17T12:19:00,178.35,travel,digital_wallet,JP,27,2,0,8.9,0
TXN004833,2024-07-11T14:38:00,10.98,travel,credit,JP,57,22,1,0.3,0
TXN004834,2024-08-20T11:06:00,43.02,grocery,debit,FR,22,11,0,19.9,0
TXN004835,2024-09-27T10:13:00,80.5,travel,credit,DE,24,5,0,6.1,0
TXN004836,2024-06-15T14:21:00,22.85,travel,digital_wallet,AU,73,17,0,35.3,0
TXN004837,2024-10-27T16:29:00,90.51,grocery,digital_wallet,CA,69,4,0,23.5,0
TXN004838,2024-07-10T03:51:00,165.82,online,digital_wallet,US,43,5,0,4.7,0
TXN004839,2024-07-18T07:31:00,119.49,grocery,digital_wallet,JP,57,16,0,26.8,0
TXN004840,2024-07-18T08:12:00,126.27,online,debit,US,42,18,1,0.1,0
TXN004841,2024-06-21T18:08:00,1.42,restaurant,credit,JP,55,15,1,1.1,0
TXN004842,2024-07-13T11:56:00,51.04,online,digital_wallet,AU,49,1,0,2.8,0
TXN004843,2024-01-09T04:05:00,30.65,healthcare,digital_wallet,UK,73,1,0,6.2,0
TXN004844,2024-05-06T12:42:00,70.8,online,digital_wallet,UK,26,7,1,0.0,0
TXN004845,2024-09-03T00:47:00,469.59,online,debit,DE,59,20,1,4.9,0
TXN004846,2024-10-24T19:02:00,19.88,travel,debit,UK,30,10,0,4.8,0
TXN004847,2024-04-25T02:33:00,93.66,healthcare,debit,DE,43,4,1,3.0,0
TXN004848,2024-03-10T08:40:00,1.51,travel,debit,UK,65,12,1,9.8,0
TXN004849,2024-04-20T14:46:00,6.45,retail,debit,DE,29,14,0,11.5,0
TXN004850,2024-06-04T02:48:00,23.79,travel,debit,CA,53,16,0,29.7,0
TXN004851,2024-10-26T17:28:00,27.61,healthcare,debit,UK,18,2,1,5.2,0
TXN004852,2024-02-02T09:22:00,1.72,grocery,credit,DE,50,23,0,4.7,0
TXN004853,2024-11-28T09:36:00,18.04,travel,credit,FR,24,6,1,21.5,0
TXN004854,2024-12-26T11:14:00,32.79,grocery,digital_wallet,DE,32,1,1,9.8,0
TXN004855,2024-06-13T16:18:00,170.0,restaurant,credit,AU,49,15,0,0.8,0
TXN004856,2024-09-19T09:56:00,8.58,grocery,credit,DE,68,16,1,0.4,0
TXN004857,2024-11-19T09:40:00,85.69,restaurant,digital_wallet,JP,30,6,0,31.7,0
TXN004858,2024-08-01T00:19:00,81.01,retail,digital_wallet,CA,21,22,0,17.5,0
TXN004859,2024-09-12T19:23:00,57.69,restaurant,credit,US,27,5,0,21.7,0
TXN004860,2024-07-19T06:49:00,28.61,online,debit,UK,35,11,0,3.5,0
TXN004861,2024-12-04T14:56:00,19.2,online,debit,CA,55,13,1,5.0,0
TXN004862,2024-04-28T16:46:00,58.09,online,digital_wallet,US,29,13,0,10.1,0
TXN004863,2024-06-08T05:38:00,10.55,healthcare,credit,UK,52,12,0,1.1,0
TXN004864,2024-07-25T04:39:00,35.83,retail,debit,CA,35,10,0,1.7,0
TXN004865,2024-01-17T19:42:00,18.66,online,digital_wallet,US,28,7,0,4.9,0
TXN004866,2024-12-27T20:07:00,399.24,travel,credit,DE,57,16,0,10.3,0
TXN004867,2024-11-12T20:29:00,23147.88,grocery,credit,AU,67,13,0,0.5,1
TXN004868,2024-07-08T17:09:00,1.47,travel,credit,JP,35,20,0,13.9,0
TXN004869,2024-09-14T23:47:00,40.47,grocery,credit,JP,36,4,0,10.6,0
TXN004870,2024-12-25T09:03:00,120.59,healthcare,debit,UK,43,20,0,32.3,0
TXN004871,2024-04-07T07:45:00,1559.62,online,credit,DE,56,23,1,2.8,0
TXN004872,2024-03-24T07:33:00,67.27,online,credit,JP,79,12,0,23.2,0
TXN004873,2024-06-27T22:41:00,34.62,online,debit,DE,25,1,0,17.8,0
TXN004874,2024-06-15T17:32:00,35.09,travel,debit,UK,26,21,0,11.7,0
TXN004875,2024-10-25T18:39:00,466.19,online,credit,CA,36,10,0,25.9,0
TXN004876,2024-05-17T21:44:00,22.51,travel,digital_wallet,JP,28,18,0,37.7,0
TXN004877,2024-06-27T11:13:00,15.88,retail,digital_wallet,FR,72,21,1,22.3,0
TXN004878,2024-08-23T01:38:00,37.32,healthcare,credit,AU,73,4,0,3.1,0
TXN004879,2024-05-09T01:35:00,43.37,travel,credit,US,49,1,0,10.2,0
TXN004880,2024-10-19T17:06:00,31.4,healthcare,debit,AU,55,15,1,9.4,0
TXN004881,2024-04-16T16:36:00,35.86,travel,debit,CA,28,3,0,15.0,0
TXN004882,2024-12-21T04:46:00,134.64,restaurant,debit,US,28,4,0,8.6,0
TXN004883,2024-01-21T03:32:00,64.8,online,debit,UK,19,23,1,14.9,0
TXN004884,2024-09-20T08:24:00,38.14,online,digital_wallet,US,22,1,0,4.2,0
TXN004885,2024-04-19T16:46:00,17.15,travel,digital_wallet,US,66,11,0,9.0,0
TXN004886,2024-01-17T16:38:00,17.36,travel,credit,AU,29,16,0,4.5,0
TXN004887,2024-08-04T06:58:00,5.08,online,debit,CA,30,6,0,6.7,0
TXN004888,2024-07-08T09:39:00,17.66,travel,credit,CA,47,20,1,22.1,0
TXN004889,2024-08-03T20:21:00,64.56,grocery,debit,DE,33,15,1,9.4,0
TXN004890,2024-02-06T02:12:00,44.16,grocery,digital_wallet,DE,80,23,1,25.4,0
TXN004891,2024-01-27T11:06:00,230.59,travel,debit,AU,79,9,1,0.9,0
TXN004892,2024-10-02T08:05:00,798.79,healthcare,digital_wallet,CA,46,3,0,5.4,0
TXN004893,2024-05-21T08:04:00,16.32,restaurant,credit,UK,73,4,0,7.6,0
TXN004894,2024-11-01T08:56:00,145.85,healthcare,credit,US,26,19,0,14.5,0
TXN004895,2024-09-23T02:28:00,77.29,retail,digital_wallet,CA,22,11,0,4.3,0
TXN004896,2024-10-13T23:24:00,126.98,retail,credit,JP,37,18,0,29.4,0
TXN004897,2024-05-22T16:36:00,8.93,healthcare,digital_wallet,CA,64,3,0,12.4,0
TXN004898,2024-10-04T10:27:00,41.6,retail,digital_wallet,JP,41,14,0,19.9,0
TXN004899,2024-10-21T05:26:00,248.15,grocery,debit,FR,69,17,0,22.0,0
TXN004900,2024-09-06T21:50:00,90.54,online,credit,US,21,20,1,1.0,0
TXN004901,2024-09-04T19:27:00,18.48,travel,debit,US,40,2,1,4.7,0
TXN004902,2024-08-21T05:34:00,7.61,grocery,digital_wallet,AU,62,10,0,55.9,0
TXN004903,2024-10-24T22:07:00,137.82,grocery,digital_wallet,CA,62,15,0,2.8,0
TXN004904,2024-10-28T06:11:00,36.6,restaurant,credit,UK,21,2,1,15.1,0
TXN004905,2024-09-10T04:05:00,108.11,restaurant,credit,FR,48,21,1,2.0,0
TXN004906,2024-08-13T18:40:00,2554.74,travel,digital_wallet,US,42,4,1,3.7,0
TXN004907,2024-07-07T06:07:00,177.61,grocery,credit,US,78,5,1,21.2,0
TXN004908,2024-09-09T14:30:00,18.65,restaurant,debit,FR,72,1,0,0.1,0
TXN004909,2024-09-23T21:51:00,6.81,grocery,digital_wallet,FR,61,7,0,12.0,0
TXN004910,2024-02-14T18:07:00,10.56,grocery,digital_wallet,JP,76,17,1,46.2,0
TXN004911,2024-02-10T08:59:00,2944.71,healthcare,digital_wallet,AU,65,7,1,3.0,0
TXN004912,2024-01-02T21:14:00,84.16,healthcare,digital_wallet,CA,35,9,1,23.3,0
TXN004913,2024-12-27T17:25:00,17.85,online,credit,AU,37,16,0,1.5,0
TXN004914,2024-04-19T23:26:00,2.65,online,credit,JP,77,6,0,2.1,0
TXN004915,2024-05-09T22:33:00,94.02,grocery,credit,CA,73,7,0,14.4,0
TXN004916,2024-08-26T02:11:00,473.41,travel,debit,FR,77,15,1,11.1,0
TXN004917,2024-02-07T19:49:00,27.16,restaurant,debit,DE,31,20,1,12.8,0
TXN004918,2024-06-17T21:56:00,6.11,grocery,credit,CA,64,23,0,3.8,0
TXN004919,2024-09-22T20:26:00,28.23,grocery,credit,FR,68,21,0,1.8,0
TXN004920,2024-10-26T13:12:00,44.69,travel,debit,UK,66,15,1,0.3,0
TXN004921,2024-04-10T11:39:00,13.45,online,digital_wallet,US,71,10,0,2.9,0
TXN004922,2024-05-06T12:12:00,118.54,retail,digital_wallet,AU,46,2,0,14.2,0
TXN004923,2024-08-16T21:52:00,76.49,retail,digital_wallet,CA,22,10,0,1.0,0
TXN004924,2024-06-20T18:32:00,201.05,retail,credit,JP,67,22,0,26.5,0
TXN004925,2024-10-28T16:52:00,360.1,online,debit,CA,65,19,1,1.0,0
TXN004926,2024-11-18T01:58:00,13.03,travel,digital_wallet,CA,72,13,0,8.4,0
TXN004927,2024-07-22T04:49:00,31894.03,grocery,credit,JP,31,3,1,12.7,1
TXN004928,2024-10-09T01:00:00,97.85,healthcare,digital_wallet,JP,55,3,1,12.0,0
TXN004929,2024-06-27T09:11:00,125.07,grocery,digital_wallet,UK,78,0,1,5.9,0
TXN004930,2024-10-04T15:47:00,65.06,healthcare,digital_wallet,AU,36,16,0,3.9,0
TXN004931,2024-10-22T17:13:00,16.28,retail,credit,JP,30,3,1,13.5,0
TXN004932,2024-04-15T19:40:00,307.52,online,debit,DE,41,23,0,0.7,0
TXN004933,2024-05-24T23:48:00,27.48,grocery,digital_wallet,US,18,5,0,14.0,0
TXN004934,2024-04-05T21:56:00,114.65,online,debit,JP,75,4,0,4.4,0
TXN004935,2024-07-12T17:46:00,140.85,restaurant,digital_wallet,DE,34,1,0,5.6,0
TXN004936,2024-06-25T07:57:00,115.82,online,credit,CA,46,19,1,9.9,0
TXN004937,2024-02-20T09:49:00,58.74,retail,debit,CA,49,12,0,0.3,0
TXN004938,2024-05-16T06:35:00,61.3,online,credit,JP,68,18,0,7.4,0
TXN004939,2024-09-09T01:37:00,273.83,travel,credit,FR,58,8,0,3.6,0
TXN004940,2024-03-20T12:46:00,50.26,retail,digital_wallet,AU,50,17,1,19.4,0
TXN004941,2024-01-08T04:58:00,21.19,online,debit,UK,69,23,0,54.3,0
TXN004942,2024-05-02T19:44:00,18.34,healthcare,debit,JP,40,16,0,12.7,0
TXN004943,2024-06-03T00:51:00,23.94,healthcare,credit,JP,80,17,1,24.3,0
TXN004944,2024-03-16T18:16:00,17832.92,travel,debit,JP,56,10,0,4.8,1
TXN004945,2024-08-18T16:18:00,21.25,retail,debit,FR,80,12,0,2.5,0
TXN004946,2024-04-22T22:06:00,113.86,restaurant,digital_wallet,AU,20,13,0,24.6,0
TXN004947,2024-12-22T05:43:00,217.32,restaurant,debit,JP,39,23,0,13.5,0
TXN004948,2024-02-25T01:52:00,270.39,travel,debit,CA,33,14,0,4.0,0
TXN004949,2024-11-16T11:43:00,25.03,healthcare,credit,AU,39,8,0,2.2,0
TXN004950,2024-12-15T06:42:00,1095.2,restaurant,credit,JP,53,16,1,2.6,0
TXN004951,2024-03-04T17:01:00,196.84,grocery,digital_wallet,US,66,16,1,2.2,0
TXN004952,2024-03-26T20:08:00,185.25,online,debit,FR,54,16,0,12.1,0
TXN004953,2024-01-19T18:14:00,4.82,restaurant,credit,UK,50,20,1,5.2,0
TXN004954,2024-04-24T03:28:00,6433.57,grocery,debit,FR,48,12,0,0.2,0
TXN004955,2024-07-06T05:56:00,128.15,travel,debit,DE,64,14,0,7.7,0
TXN004956,2024-03-04T07:31:00,4.77,travel,debit,UK,48,9,0,16.3,0
TXN004957,2024-02-03T06:50:00,70.62,restaurant,debit,FR,62,10,0,4.7,0
TXN004958,2024-02-05T07:27:00,133.82,travel,credit,DE,64,16,0,4.7,0
TXN004959,2024-04-09T11:46:00,168.43,travel,debit,FR,27,19,0,24.5,0
TXN004960,2024-11-10T03:00:00,24.27,retail,debit,CA,71,2,0,13.0,0
TXN004961,2024-04-03T15:32:00,229.69,retail,credit,DE,53,18,1,3.1,0
TXN004962,2024-05-27T09:50:00,5.06,travel,digital_wallet,FR,80,0,0,0.1,0
TXN004963,2024-02-16T13:10:00,73.21,travel,credit,JP,66,15,0,0.0,0
TXN004964,2024-01-28T07:24:00,90.14,retail,debit,CA,68,23,0,7.1,0
TXN004965,2024-03-08T12:42:00,291.42,grocery,digital_wallet,CA,67,5,0,20.7,0
TXN004966,2024-01-06T14:47:00,71.16,healthcare,credit,US,54,19,1,16.5,0
TXN004967,2024-05-28T22:43:00,103.63,retail,credit,US,30,11,0,0.2,0
TXN004968,2024-12-07T14:00:00,22.62,healthcare,debit,AU,65,0,1,8.9,0
TXN004969,2024-08-01T20:40:00,102.83,restaurant,digital_wallet,JP,37,1,0,16.3,0
TXN004970,2024-10-26T03:05:00,128.89,healthcare,debit,US,55,4,1,7.7,0
TXN004971,2024-10-05T20:43:00,11.43,restaurant,credit,AU,60,9,0,8.7,0
TXN004972,2024-02-28T13:44:00,58.17,travel,debit,US,73,19,1,18.6,0
TXN004973,2024-05-16T17:43:00,12.94,healthcare,credit,FR,52,22,0,7.5,0
TXN004974,2024-11-18T16:34:00,608.99,restaurant,credit,DE,34,14,0,6.8,0
TXN004975,2024-09-02T05:36:00,54.66,retail,digital_wallet,UK,50,6,1,11.5,0
TXN004976,2024-07-01T16:22:00,47.99,online,credit,JP,42,15,1,20.0,0
TXN004977,2024-09-11T01:57:00,6.95,online,digital_wallet,DE,33,4,0,17.1,0
TXN004978,2024-04-18T22:11:00,17.9,healthcare,credit,UK,48,21,0,13.1,0
TXN004979,2024-12-22T07:26:00,66.87,retail,credit,UK,41,6,0,19.0,0
TXN004980,2024-06-10T17:33:00,49.97,restaurant,digital_wallet,DE,21,20,1,6.1,0
TXN004981,2024-04-28T23:28:00,7.05,retail,debit,FR,32,12,1,5.8,0
TXN004982,2024-03-02T02:55:00,105.07,grocery,credit,JP,31,13,0,9.0,0
TXN004983,2024-05-16T05:56:00,157.32,online,digital_wallet,US,31,5,0,4.6,0
TXN004984,2024-10-13T18:42:00,699.25,travel,credit,DE,64,13,0,6.3,0
TXN004985,2024-06-08T02:56:00,53.48,retail,debit,UK,41,13,1,9.4,0
TXN004986,2024-02-02T21:50:00,15.32,online,debit,AU,64,7,1,5.8,0
TXN004987,2024-05-01T16:32:00,3.45,retail,debit,CA,36,20,0,41.2,0
TXN004988,2024-11-24T18:06:00,119.4,healthcare,digital_wallet,US,58,17,0,5.3,0
TXN004989,2024-07-23T06:53:00,394.39,healthcare,digital_wallet,UK,28,9,0,13.0,0
TXN004990,2024-11-04T03:42:00,3.84,travel,credit,JP,33,19,0,1.0,0
TXN004991,2024-10-09T09:19:00,216.89,healthcare,credit,UK,47,21,1,14.4,0
TXN004992,2024-11-27T20:35:00,206.35,grocery,digital_wallet,CA,59,21,0,15.8,0
TXN004993,2024-10-06T06:59:00,6.38,grocery,debit,CA,60,7,0,18.8,0
TXN004994,2024-08-25T09:45:00,25.25,retail,digital_wallet,AU,80,14,1,15.5,0
TXN004995,2024-07-05T13:26:00,56.44,restaurant,credit,CA,50,12,1,3.9,0
TXN004996,2024-12-23T21:21:00,1302.28,grocery,debit,US,40,20,1,36.5,0
TXN004997,2024-06-09T09:20:00,23049.73,grocery,debit,US,52,19,0,5.1,1
TXN004998,2024-08-17T08:51:00,1.63,healthcare,debit,AU,63,4,0,2.2,0
TXN004999,2024-07-17T00:10:00,942.86,online,digital_wallet,CA,78,19,0,22.6,0
TXN005000,2024-05-26T18:26:00,415.22,retail,digital_wallet,US,42,13,0,28.7,0
