date,product_id,warehouse,stock_level,daily_demand,units_ordered,lead_time_days,unit_cost,days_of_supply,stockout_risk
2024-01-01,PROD0001,WH-SOUTH,923,554,247,6,60.63,1.7,1
2024-01-02,PROD0001,WH-NORTH,476,499,341,6,88.29,1.0,1
2024-01-03,PROD0001,WH-NORTH,1031,353,10,8,115.82,2.9,1
2024-01-04,PROD0001,WH-NORTH,604,540,339,13,135.96,1.1,1
2024-01-05,PROD0001,WH-NORTH,578,277,85,9,95.21,2.1,1
2024-01-06,PROD0001,WH-EAST,1227,433,24,6,132.38,2.8,1
2024-01-07,PROD0001,WH-NORTH,594,579,381,3,9.32,1.0,1
2024-01-08,PROD0001,WH-SOUTH,366,420,298,13,43.63,0.9,1
2024-01-09,PROD0001,WH-SOUTH,650,395,179,2,116.83,1.6,1
2024-01-10,PROD0001,WH-EAST,1039,570,224,13,54.31,1.8,1
2024-01-11,PROD0001,WH-SOUTH,236,401,323,4,75.31,0.6,1
2024-01-12,PROD0001,WH-NORTH,929,544,235,12,81.88,1.7,1
2024-01-13,PROD0001,WH-NORTH,263,354,267,12,165.92,0.7,1
2024-01-14,PROD0001,WH-EAST,1001,409,76,12,121.51,2.4,1
2024-01-15,PROD0001,WH-SOUTH,1162,182,0,4,94.69,6.4,0
2024-01-16,PROD0001,WH-SOUTH,1152,367,0,11,182.51,3.1,0
2024-01-17,PROD0001,WH-SOUTH,789,388,125,14,64.73,2.0,1
2024-01-18,PROD0001,WH-SOUTH,934,354,43,13,103.88,2.6,1
2024-01-19,PROD0001,WH-NORTH,323,244,137,13,26.29,1.3,1
2024-01-20,PROD0001,WH-NORTH,951,393,76,9,147.22,2.4,1
2024-01-21,PROD0001,WH-NORTH,747,344,95,12,59.57,2.2,1
2024-01-22,PROD0001,WH-EAST,1194,466,68,4,97.78,2.6,1
2024-01-23,PROD0001,WH-SOUTH,309,418,315,13,10.93,0.7,1
2024-01-24,PROD0001,WH-SOUTH,490,295,132,12,76.48,1.7,1
2024-01-25,PROD0001,WH-NORTH,287,213,118,10,20.49,1.3,1
2024-01-26,PROD0001,WH-NORTH,211,420,350,10,145.1,0.5,1
2024-01-27,PROD0001,WH-EAST,370,420,297,6,137.44,0.9,1
2024-01-28,PROD0001,WH-EAST,1017,369,30,4,91.26,2.8,1
2024-01-29,PROD0001,WH-SOUTH,1159,475,89,14,58.22,2.4,1
2024-01-30,PROD0001,WH-NORTH,921,425,118,12,198.98,2.2,1
2024-01-31,PROD0001,WH-NORTH,673,464,240,13,90.89,1.5,1
2024-02-01,PROD0001,WH-NORTH,993,519,188,7,28.34,1.9,1
2024-02-02,PROD0001,WH-SOUTH,217,384,312,9,152.54,0.6,1
2024-02-03,PROD0001,WH-EAST,848,459,177,10,80.15,1.8,1
2024-02-04,PROD0001,WH-SOUTH,1104,432,64,14,185.66,2.6,1
2024-02-05,PROD0001,WH-SOUTH,274,317,226,5,26.72,0.9,1
2024-02-06,PROD0001,WH-EAST,232,549,472,11,114.09,0.4,1
2024-02-07,PROD0001,WH-SOUTH,236,492,414,2,97.88,0.5,1
2024-02-08,PROD0001,WH-SOUTH,419,446,307,5,25.56,0.9,1
2024-02-09,PROD0001,WH-NORTH,402,473,339,13,65.71,0.8,1
2024-02-10,PROD0001,WH-NORTH,553,478,294,12,139.61,1.2,1
2024-02-11,PROD0001,WH-EAST,826,272,0,2,107.47,3.0,0
2024-02-12,PROD0001,WH-NORTH,627,159,0,11,16.46,3.9,0
2024-02-13,PROD0001,WH-NORTH,876,421,129,14,28.64,2.1,1
2024-02-14,PROD0001,WH-SOUTH,803,425,158,7,40.1,1.9,1
2024-02-15,PROD0001,WH-NORTH,536,313,135,4,50.74,1.7,1
2024-02-16,PROD0001,WH-EAST,282,343,249,14,179.27,0.8,1
2024-02-17,PROD0001,WH-SOUTH,564,318,130,14,126.11,1.8,1
2024-02-18,PROD0001,WH-EAST,407,400,265,10,109.99,1.0,1
2024-02-19,PROD0001,WH-NORTH,1113,455,84,9,70.56,2.4,1
2024-02-20,PROD0001,WH-SOUTH,378,252,126,3,189.63,1.5,1
2024-02-21,PROD0001,WH-SOUTH,731,433,190,12,73.16,1.7,1
2024-02-22,PROD0001,WH-SOUTH,923,399,92,12,110.54,2.3,1
2024-02-23,PROD0001,WH-SOUTH,552,417,233,7,13.4,1.3,1
2024-02-24,PROD0001,WH-NORTH,839,407,128,5,81.21,2.1,1
2024-02-25,PROD0001,WH-SOUTH,336,321,209,7,25.35,1.0,1
2024-02-26,PROD0001,WH-EAST,1139,324,0,4,12.68,3.5,0
2024-02-27,PROD0001,WH-EAST,872,459,169,7,183.09,1.9,1
2024-02-28,PROD0001,WH-SOUTH,904,232,0,4,25.68,3.9,0
2024-02-29,PROD0001,WH-NORTH,403,455,321,11,181.33,0.9,1
2024-03-01,PROD0001,WH-EAST,314,365,261,14,177.9,0.9,1
2024-03-02,PROD0001,WH-EAST,657,205,0,12,176.02,3.2,0
2024-03-03,PROD0001,WH-EAST,634,477,266,7,108.92,1.3,1
2024-03-04,PROD0001,WH-SOUTH,1186,302,0,12,163.15,3.9,0
2024-03-05,PROD0001,WH-SOUTH,652,447,230,6,190.18,1.5,1
2024-03-06,PROD0001,WH-EAST,874,295,4,7,47.24,3.0,1
2024-03-07,PROD0001,WH-NORTH,689,407,178,6,117.12,1.7,1
2024-03-08,PROD0001,WH-EAST,964,438,117,11,106.7,2.2,1
2024-03-09,PROD0001,WH-NORTH,355,382,264,9,111.58,0.9,1
2024-03-10,PROD0001,WH-NORTH,245,409,328,8,72.19,0.6,1
2024-03-11,PROD0001,WH-SOUTH,1026,416,74,8,158.34,2.5,1
2024-03-12,PROD0001,WH-NORTH,919,447,141,14,156.6,2.1,1
2024-03-13,PROD0001,WH-EAST,1188,488,92,4,96.58,2.4,1
2024-03-14,PROD0001,WH-SOUTH,713,429,192,9,198.09,1.7,1
2024-03-15,PROD0001,WH-NORTH,1218,482,76,2,10.24,2.5,1
2024-03-16,PROD0001,WH-EAST,723,427,186,3,76.64,1.7,1
2024-03-17,PROD0001,WH-SOUTH,350,320,204,14,80.73,1.1,1
2024-03-18,PROD0001,WH-SOUTH,1009,517,181,9,163.18,2.0,1
2024-03-19,PROD0001,WH-NORTH,423,423,282,13,190.98,1.0,1
2024-03-20,PROD0001,WH-NORTH,480,583,423,12,84.1,0.8,1
2024-03-21,PROD0001,WH-EAST,875,444,153,7,89.57,2.0,1
2024-03-22,PROD0001,WH-SOUTH,1117,469,97,13,161.53,2.4,1
2024-03-23,PROD0001,WH-SOUTH,0,384,384,14,13.48,0.0,1
2024-03-24,PROD0001,WH-SOUTH,1167,502,113,14,51.72,2.3,1
2024-03-25,PROD0001,WH-NORTH,1098,436,70,14,59.17,2.5,1
2024-03-26,PROD0001,WH-SOUTH,881,298,5,5,80.57,3.0,1
2024-03-27,PROD0001,WH-EAST,653,338,121,8,51.48,1.9,1
2024-03-28,PROD0001,WH-SOUTH,396,486,354,9,143.04,0.8,1
2024-03-29,PROD0001,WH-EAST,1024,361,20,7,54.72,2.8,1
2024-03-30,PROD0001,WH-SOUTH,644,341,127,14,110.15,1.9,1
2024-03-31,PROD0001,WH-NORTH,716,478,240,9,103.65,1.5,1
2024-04-01,PROD0001,WH-EAST,461,495,342,10,102.61,0.9,1
2024-04-02,PROD0001,WH-SOUTH,382,332,205,12,116.53,1.2,1
2024-04-03,PROD0001,WH-EAST,415,452,314,14,107.21,0.9,1
2024-04-04,PROD0001,WH-NORTH,1066,433,78,7,114.82,2.5,1
2024-04-05,PROD0001,WH-NORTH,1047,500,151,12,140.73,2.1,1
2024-04-06,PROD0001,WH-EAST,501,423,256,6,184.98,1.2,1
2024-04-07,PROD0001,WH-EAST,1019,356,17,6,26.54,2.9,1
2024-04-08,PROD0001,WH-SOUTH,1179,482,89,8,6.38,2.4,1
2024-04-09,PROD0001,WH-NORTH,1063,368,14,8,138.7,2.9,1
2024-04-10,PROD0001,WH-EAST,962,504,184,8,100.85,1.9,1
2024-04-11,PROD0001,WH-SOUTH,666,437,215,9,145.32,1.5,1
2024-04-12,PROD0001,WH-SOUTH,599,291,92,8,14.14,2.1,1
2024-04-13,PROD0001,WH-EAST,892,403,106,4,119.29,2.2,1
2024-04-14,PROD0001,WH-NORTH,523,418,244,3,100.75,1.3,1
2024-04-15,PROD0001,WH-NORTH,755,508,257,11,113.87,1.5,1
2024-04-16,PROD0001,WH-SOUTH,704,450,216,6,149.38,1.6,1
2024-04-17,PROD0001,WH-SOUTH,283,415,321,13,12.92,0.7,1
2024-04-18,PROD0001,WH-EAST,1117,416,44,9,157.81,2.7,1
2024-04-19,PROD0001,WH-NORTH,1009,421,85,8,161.08,2.4,1
2024-04-20,PROD0001,WH-SOUTH,348,509,393,5,118.91,0.7,1
2024-04-21,PROD0001,WH-NORTH,294,413,315,3,111.08,0.7,1
2024-04-22,PROD0001,WH-NORTH,399,557,424,5,165.06,0.7,1
2024-04-23,PROD0001,WH-SOUTH,319,441,335,12,9.18,0.7,1
2024-04-24,PROD0001,WH-SOUTH,567,386,197,7,107.0,1.5,1
2024-04-25,PROD0001,WH-SOUTH,501,391,224,3,72.0,1.3,1
2024-04-26,PROD0001,WH-SOUTH,488,449,287,6,72.56,1.1,1
2024-04-27,PROD0001,WH-EAST,530,383,207,10,43.95,1.4,1
2024-04-28,PROD0001,WH-NORTH,719,313,74,12,52.1,2.3,1
2024-04-29,PROD0001,WH-NORTH,639,361,148,12,197.47,1.8,1
2024-04-30,PROD0001,WH-EAST,1033,477,133,7,143.57,2.2,1
2024-05-01,PROD0001,WH-EAST,461,406,253,4,68.77,1.1,1
2024-05-02,PROD0001,WH-EAST,904,322,21,3,122.0,2.8,1
2024-05-03,PROD0001,WH-SOUTH,999,409,76,4,56.43,2.4,1
2024-05-04,PROD0001,WH-EAST,640,150,0,9,87.08,4.3,0
2024-05-05,PROD0001,WH-EAST,608,514,312,6,31.79,1.2,1
2024-05-06,PROD0001,WH-NORTH,743,375,128,9,193.39,2.0,1
2024-05-07,PROD0001,WH-NORTH,783,325,64,3,163.47,2.4,1
2024-05-08,PROD0001,WH-SOUTH,209,433,364,3,123.31,0.5,1
2024-05-09,PROD0001,WH-EAST,840,544,264,12,173.46,1.5,1
2024-05-10,PROD0001,WH-EAST,1062,461,107,9,35.97,2.3,1
2024-05-11,PROD0001,WH-NORTH,1086,446,84,11,13.09,2.4,1
2024-05-12,PROD0001,WH-SOUTH,485,388,227,4,166.12,1.2,1
2024-05-13,PROD0001,WH-NORTH,632,462,252,3,81.18,1.4,1
2024-05-14,PROD0001,WH-NORTH,640,289,76,11,46.37,2.2,1
2024-05-15,PROD0001,WH-NORTH,364,400,279,8,30.0,0.9,1
2024-05-16,PROD0001,WH-SOUTH,451,389,239,2,50.83,1.2,1
2024-05-17,PROD0001,WH-EAST,1173,365,0,6,17.78,3.2,0
2024-05-18,PROD0001,WH-NORTH,485,354,193,6,108.2,1.4,1
2024-05-19,PROD0001,WH-NORTH,255,483,398,14,191.18,0.5,1
2024-05-20,PROD0001,WH-NORTH,820,595,322,4,105.52,1.4,1
2024-05-21,PROD0001,WH-SOUTH,1109,481,112,2,32.24,2.3,1
2024-05-22,PROD0001,WH-NORTH,481,317,157,3,9.69,1.5,1
2024-05-23,PROD0001,WH-NORTH,303,342,241,12,69.07,0.9,1
2024-05-24,PROD0001,WH-NORTH,911,347,44,14,174.62,2.6,1
2024-05-25,PROD0001,WH-SOUTH,706,293,58,9,82.58,2.4,1
2024-05-26,PROD0001,WH-SOUTH,653,428,211,5,70.82,1.5,1
2024-05-27,PROD0001,WH-NORTH,500,340,174,8,84.23,1.5,1
2024-05-28,PROD0001,WH-NORTH,313,584,480,11,47.35,0.5,1
2024-05-29,PROD0001,WH-SOUTH,335,428,317,13,14.95,0.8,1
2024-05-30,PROD0001,WH-NORTH,347,275,160,12,24.15,1.3,1
2024-05-31,PROD0001,WH-NORTH,433,525,381,8,35.73,0.8,1
2024-06-01,PROD0001,WH-EAST,839,307,28,12,177.64,2.7,1
2024-06-02,PROD0001,WH-NORTH,1037,237,0,13,177.49,4.4,0
2024-06-03,PROD0001,WH-EAST,784,405,144,11,173.59,1.9,1
2024-06-04,PROD0001,WH-SOUTH,910,443,140,7,121.89,2.1,1
2024-06-05,PROD0001,WH-SOUTH,786,590,328,9,135.25,1.3,1
2024-06-06,PROD0001,WH-NORTH,390,467,337,8,188.38,0.8,1
2024-06-07,PROD0001,WH-EAST,396,445,313,8,171.99,0.9,1
2024-06-08,PROD0001,WH-SOUTH,0,397,397,6,41.97,0.0,1
2024-06-09,PROD0001,WH-SOUTH,462,338,184,6,53.94,1.4,1
2024-06-10,PROD0001,WH-EAST,782,470,210,3,54.31,1.7,1
2024-06-11,PROD0001,WH-EAST,365,288,167,2,128.15,1.3,1
2024-06-12,PROD0001,WH-SOUTH,1147,364,0,13,102.54,3.2,0
2024-06-13,PROD0001,WH-NORTH,532,420,243,12,103.92,1.3,1
2024-06-14,PROD0001,WH-NORTH,764,475,221,2,122.31,1.6,1
2024-06-15,PROD0001,WH-SOUTH,428,350,208,5,12.7,1.2,1
2024-06-16,PROD0001,WH-EAST,266,433,345,4,71.71,0.6,1
2024-06-17,PROD0001,WH-SOUTH,954,416,98,9,177.52,2.3,1
2024-06-18,PROD0001,WH-EAST,628,393,184,12,65.27,1.6,1
2024-06-19,PROD0001,WH-SOUTH,0,487,487,6,161.67,0.0,1
2024-06-20,PROD0001,WH-SOUTH,934,372,61,12,158.85,2.5,1
2024-06-21,PROD0001,WH-EAST,984,365,37,6,187.96,2.7,1
2024-06-22,PROD0001,WH-SOUTH,972,419,95,3,95.78,2.3,1
2024-06-23,PROD0001,WH-NORTH,712,336,99,10,76.46,2.1,1
2024-06-24,PROD0001,WH-SOUTH,717,446,207,7,142.21,1.6,1
2024-06-25,PROD0001,WH-SOUTH,785,256,0,7,158.87,3.1,0
2024-06-26,PROD0001,WH-NORTH,861,553,266,13,47.69,1.6,1
2024-06-27,PROD0001,WH-EAST,967,421,99,8,148.67,2.3,1
2024-06-28,PROD0001,WH-NORTH,295,293,195,4,68.58,1.0,1
2024-01-01,PROD0002,WH-EAST,493,411,247,12,76.81,1.2,1
2024-01-02,PROD0002,WH-SOUTH,350,406,290,2,58.24,0.9,1
2024-01-03,PROD0002,WH-SOUTH,513,332,161,5,16.2,1.5,1
2024-01-04,PROD0002,WH-SOUTH,789,353,90,4,39.89,2.2,1
2024-01-05,PROD0002,WH-EAST,805,358,90,14,44.06,2.2,1
2024-01-06,PROD0002,WH-EAST,1158,392,6,4,37.41,3.0,1
2024-01-07,PROD0002,WH-EAST,888,387,91,12,135.07,2.3,1
2024-01-08,PROD0002,WH-NORTH,1163,524,137,9,162.03,2.2,1
2024-01-09,PROD0002,WH-SOUTH,929,380,71,5,122.67,2.4,1
2024-01-10,PROD0002,WH-EAST,1201,507,107,6,151.55,2.4,1
2024-01-11,PROD0002,WH-NORTH,639,378,165,2,190.42,1.7,1
2024-01-12,PROD0002,WH-SOUTH,533,378,201,8,123.48,1.4,1
2024-01-13,PROD0002,WH-EAST,941,442,129,2,137.6,2.1,1
2024-01-14,PROD0002,WH-EAST,761,357,104,13,74.42,2.1,1
2024-01-15,PROD0002,WH-SOUTH,984,394,66,11,40.25,2.5,1
2024-01-16,PROD0002,WH-SOUTH,817,444,172,8,115.29,1.8,1
2024-01-17,PROD0002,WH-NORTH,1113,336,0,7,92.35,3.3,0
2024-01-18,PROD0002,WH-SOUTH,881,462,169,10,164.91,1.9,1
2024-01-19,PROD0002,WH-NORTH,854,333,49,13,137.99,2.6,1
2024-01-20,PROD0002,WH-EAST,924,369,61,6,175.67,2.5,1
2024-01-21,PROD0002,WH-NORTH,1248,435,19,2,73.92,2.9,1
2024-01-22,PROD0002,WH-EAST,984,489,161,2,196.16,2.0,1
2024-01-23,PROD0002,WH-EAST,1134,396,18,10,80.29,2.9,1
2024-01-24,PROD0002,WH-EAST,765,416,161,4,58.01,1.8,1
2024-01-25,PROD0002,WH-SOUTH,477,321,162,2,152.01,1.5,1
2024-01-26,PROD0002,WH-SOUTH,901,359,59,3,106.43,2.5,1
2024-01-27,PROD0002,WH-SOUTH,664,287,66,14,21.9,2.3,1
2024-01-28,PROD0002,WH-NORTH,1113,390,19,13,132.88,2.9,1
2024-01-29,PROD0002,WH-EAST,1132,365,0,2,28.65,3.1,0
2024-01-30,PROD0002,WH-NORTH,709,375,139,12,167.35,1.9,1
2024-01-31,PROD0002,WH-SOUTH,1185,397,2,11,194.04,3.0,1
2024-02-01,PROD0002,WH-EAST,0,427,427,4,36.19,0.0,1
2024-02-02,PROD0002,WH-NORTH,1059,648,295,3,102.73,1.6,1
2024-02-03,PROD0002,WH-NORTH,876,409,117,7,34.62,2.1,1
2024-02-04,PROD0002,WH-SOUTH,289,439,343,12,153.17,0.7,1
2024-02-05,PROD0002,WH-NORTH,1026,430,88,3,37.75,2.4,1
2024-02-06,PROD0002,WH-EAST,260,454,368,11,183.45,0.6,1
2024-02-07,PROD0002,WH-EAST,331,401,291,2,180.03,0.8,1
2024-02-08,PROD0002,WH-SOUTH,1217,426,21,9,128.94,2.9,1
2024-02-09,PROD0002,WH-NORTH,0,334,334,13,25.51,0.0,1
2024-02-10,PROD0002,WH-EAST,828,489,213,3,190.49,1.7,1
2024-02-11,PROD0002,WH-NORTH,1229,368,0,6,170.74,3.3,0
2024-02-12,PROD0002,WH-NORTH,773,478,221,14,173.45,1.6,1
2024-02-13,PROD0002,WH-SOUTH,607,505,303,13,101.1,1.2,1
2024-02-14,PROD0002,WH-SOUTH,673,371,147,12,16.42,1.8,1
2024-02-15,PROD0002,WH-EAST,223,400,326,4,181.69,0.6,1
2024-02-16,PROD0002,WH-EAST,1106,318,0,5,133.07,3.5,0
2024-02-17,PROD0002,WH-EAST,1124,412,38,5,60.19,2.7,1
2024-02-18,PROD0002,WH-NORTH,968,321,0,5,37.71,3.0,0
2024-02-19,PROD0002,WH-EAST,238,330,251,5,39.7,0.7,1
2024-02-20,PROD0002,WH-NORTH,951,511,194,12,148.53,1.9,1
2024-02-21,PROD0002,WH-EAST,619,345,139,2,177.39,1.8,1
2024-02-22,PROD0002,WH-SOUTH,305,532,431,9,114.98,0.6,1
2024-02-23,PROD0002,WH-NORTH,1223,416,9,8,101.35,2.9,1
2024-02-24,PROD0002,WH-NORTH,240,373,293,8,91.96,0.6,1
2024-02-25,PROD0002,WH-EAST,1258,541,122,10,85.23,2.3,1
2024-02-26,PROD0002,WH-NORTH,355,522,404,7,23.69,0.7,1
2024-02-27,PROD0002,WH-SOUTH,483,455,294,5,157.04,1.1,1
2024-02-28,PROD0002,WH-EAST,392,503,373,6,21.32,0.8,1
2024-02-29,PROD0002,WH-NORTH,570,346,156,6,189.36,1.6,1
2024-03-01,PROD0002,WH-NORTH,224,243,169,11,106.77,0.9,1
2024-03-02,PROD0002,WH-SOUTH,575,429,238,2,107.89,1.3,1
2024-03-03,PROD0002,WH-SOUTH,743,394,147,8,186.17,1.9,1
2024-03-04,PROD0002,WH-SOUTH,738,365,119,11,100.97,2.0,1
2024-03-05,PROD0002,WH-EAST,989,444,115,5,199.26,2.2,1
2024-03-06,PROD0002,WH-SOUTH,911,374,71,10,50.3,2.4,1
2024-03-07,PROD0002,WH-NORTH,559,355,169,9,181.04,1.6,1
2024-03-08,PROD0002,WH-EAST,842,336,56,4,111.96,2.5,1
2024-03-09,PROD0002,WH-EAST,810,457,187,10,182.02,1.8,1
2024-03-10,PROD0002,WH-NORTH,307,478,376,6,10.4,0.6,1
2024-03-11,PROD0002,WH-EAST,1161,482,95,2,19.23,2.4,1
2024-03-12,PROD0002,WH-SOUTH,243,406,325,7,17.52,0.6,1
2024-03-13,PROD0002,WH-SOUTH,926,407,99,9,161.38,2.3,1
2024-03-14,PROD0002,WH-SOUTH,920,405,99,14,172.27,2.3,1
2024-03-15,PROD0002,WH-EAST,812,331,61,8,190.67,2.5,1
2024-03-16,PROD0002,WH-SOUTH,1159,398,12,2,92.33,2.9,1
2024-03-17,PROD0002,WH-EAST,0,397,397,6,110.89,0.0,1
2024-03-18,PROD0002,WH-EAST,1253,479,62,2,183.21,2.6,1
2024-03-19,PROD0002,WH-SOUTH,317,454,349,7,141.25,0.7,1
2024-03-20,PROD0002,WH-NORTH,704,293,59,11,172.8,2.4,1
2024-03-21,PROD0002,WH-EAST,349,424,308,2,23.8,0.8,1
2024-03-22,PROD0002,WH-SOUTH,312,471,367,3,186.74,0.7,1
2024-03-23,PROD0002,WH-NORTH,724,435,194,4,177.44,1.7,1
2024-03-24,PROD0002,WH-NORTH,478,369,210,6,93.16,1.3,1
2024-03-25,PROD0002,WH-EAST,1138,330,0,4,67.91,3.4,0
2024-03-26,PROD0002,WH-EAST,866,441,153,12,139.5,2.0,1
2024-03-27,PROD0002,WH-EAST,776,468,210,9,157.85,1.7,1
2024-03-28,PROD0002,WH-NORTH,397,359,227,11,123.5,1.1,1
2024-03-29,PROD0002,WH-EAST,1218,500,94,7,141.61,2.4,1
2024-03-30,PROD0002,WH-NORTH,385,516,388,11,52.32,0.7,1
2024-03-31,PROD0002,WH-NORTH,745,349,101,13,123.25,2.1,1
2024-04-01,PROD0002,WH-NORTH,515,281,110,12,93.71,1.8,1
2024-04-02,PROD0002,WH-EAST,832,398,121,14,81.62,2.1,1
2024-04-03,PROD0002,WH-EAST,466,404,249,10,86.18,1.2,1
2024-04-04,PROD0002,WH-NORTH,693,383,152,9,53.54,1.8,1
2024-04-05,PROD0002,WH-NORTH,1092,591,227,8,128.0,1.8,1
2024-04-06,PROD0002,WH-SOUTH,271,395,305,5,52.94,0.7,1
2024-04-07,PROD0002,WH-SOUTH,944,431,117,8,139.49,2.2,1
2024-04-08,PROD0002,WH-SOUTH,482,382,222,4,194.6,1.3,1
2024-04-09,PROD0002,WH-SOUTH,1059,349,0,4,177.94,3.0,0
2024-04-10,PROD0002,WH-SOUTH,418,467,328,6,56.94,0.9,1
2024-04-11,PROD0002,WH-SOUTH,996,336,4,5,57.82,3.0,1
2024-04-12,PROD0002,WH-NORTH,519,526,353,3,96.1,1.0,1
2024-04-13,PROD0002,WH-SOUTH,522,413,239,12,61.32,1.3,1
2024-04-14,PROD0002,WH-EAST,1023,534,193,10,145.13,1.9,1
2024-04-15,PROD0002,WH-NORTH,530,474,298,7,19.55,1.1,1
2024-04-16,PROD0002,WH-SOUTH,873,531,240,6,151.72,1.6,1
2024-04-17,PROD0002,WH-NORTH,478,391,232,11,121.27,1.2,1
2024-04-18,PROD0002,WH-SOUTH,743,383,136,9,147.05,1.9,1
2024-04-19,PROD0002,WH-SOUTH,871,369,79,7,154.11,2.4,1
2024-04-20,PROD0002,WH-NORTH,816,534,262,2,16.93,1.5,1
2024-04-21,PROD0002,WH-NORTH,602,406,206,14,108.16,1.5,1
2024-04-22,PROD0002,WH-EAST,1120,463,90,4,183.89,2.4,1
2024-04-23,PROD0002,WH-EAST,1227,445,36,4,55.71,2.8,1
2024-04-24,PROD0002,WH-NORTH,996,407,75,13,103.12,2.4,1
2024-04-25,PROD0002,WH-EAST,529,478,302,9,109.34,1.1,1
2024-04-26,PROD0002,WH-NORTH,933,490,179,6,45.09,1.9,1
2024-04-27,PROD0002,WH-SOUTH,287,573,478,2,88.03,0.5,1
2024-04-28,PROD0002,WH-NORTH,992,469,139,13,10.16,2.1,1
2024-04-29,PROD0002,WH-SOUTH,650,465,249,11,24.98,1.4,1
2024-04-30,PROD0002,WH-NORTH,1072,317,0,10,183.01,3.4,0
2024-05-01,PROD0002,WH-SOUTH,251,316,233,3,170.65,0.8,1
2024-05-02,PROD0002,WH-EAST,494,348,184,2,24.96,1.4,1
2024-05-03,PROD0002,WH-NORTH,359,484,365,8,13.6,0.7,1
2024-05-04,PROD0002,WH-NORTH,1176,380,0,9,37.19,3.1,0
2024-05-05,PROD0002,WH-EAST,652,530,313,5,129.58,1.2,1
2024-05-06,PROD0002,WH-EAST,331,372,262,8,178.27,0.9,1
2024-05-07,PROD0002,WH-NORTH,792,412,148,9,125.6,1.9,1
2024-05-08,PROD0002,WH-EAST,1020,555,215,14,193.16,1.8,1
2024-05-09,PROD0002,WH-NORTH,246,358,276,6,21.53,0.7,1
2024-05-10,PROD0002,WH-SOUTH,1100,421,55,2,130.12,2.6,1
2024-05-11,PROD0002,WH-SOUTH,473,440,283,3,145.09,1.1,1
2024-05-12,PROD0002,WH-EAST,587,520,325,13,185.69,1.1,1
2024-05-13,PROD0002,WH-SOUTH,1131,373,0,12,96.75,3.0,0
2024-05-14,PROD0002,WH-SOUTH,675,527,302,13,154.15,1.3,1
2024-05-15,PROD0002,WH-SOUTH,242,310,230,11,96.5,0.8,1
2024-05-16,PROD0002,WH-NORTH,1082,421,61,8,91.5,2.6,1
2024-05-17,PROD0002,WH-EAST,875,496,205,5,123.02,1.8,1
2024-05-18,PROD0002,WH-SOUTH,985,431,103,2,155.52,2.3,1
2024-05-19,PROD0002,WH-SOUTH,271,449,359,13,9.96,0.6,1
2024-05-20,PROD0002,WH-EAST,353,368,251,12,84.91,1.0,1
2024-05-21,PROD0002,WH-SOUTH,971,367,44,5,74.66,2.6,1
2024-05-22,PROD0002,WH-SOUTH,929,362,53,2,181.82,2.6,1
2024-05-23,PROD0002,WH-EAST,393,407,276,6,30.26,1.0,1
2024-05-24,PROD0002,WH-SOUTH,387,455,326,12,60.71,0.9,1
2024-05-25,PROD0002,WH-SOUTH,1044,438,90,11,62.21,2.4,1
2024-05-26,PROD0002,WH-EAST,743,435,188,12,50.66,1.7,1
2024-05-27,PROD0002,WH-NORTH,378,371,245,9,155.71,1.0,1
2024-05-28,PROD0002,WH-SOUTH,1021,459,119,2,165.48,2.2,1
2024-05-29,PROD0002,WH-SOUTH,934,408,97,9,179.73,2.3,1
2024-05-30,PROD0002,WH-EAST,726,337,95,14,151.15,2.2,1
2024-05-31,PROD0002,WH-NORTH,1006,404,69,4,188.92,2.5,1
2024-06-01,PROD0002,WH-SOUTH,1206,288,0,8,94.3,4.2,0
2024-06-02,PROD0002,WH-SOUTH,299,322,223,14,38.13,0.9,1
2024-06-03,PROD0002,WH-EAST,379,357,231,4,126.13,1.1,1
2024-06-04,PROD0002,WH-NORTH,1263,291,0,5,158.37,4.3,0
2024-06-05,PROD0002,WH-EAST,633,369,158,11,125.23,1.7,1
2024-06-06,PROD0002,WH-NORTH,916,522,217,9,5.18,1.8,1
2024-06-07,PROD0002,WH-SOUTH,805,546,278,11,144.33,1.5,1
2024-06-08,PROD0002,WH-SOUTH,651,488,271,7,48.17,1.3,1
2024-06-09,PROD0002,WH-EAST,948,399,83,5,136.76,2.4,1
2024-06-10,PROD0002,WH-EAST,959,348,29,6,86.36,2.8,1
2024-06-11,PROD0002,WH-EAST,543,362,181,4,9.24,1.5,1
2024-06-12,PROD0002,WH-NORTH,235,497,419,6,177.6,0.5,1
2024-06-13,PROD0002,WH-SOUTH,292,452,355,10,101.73,0.6,1
2024-06-14,PROD0002,WH-EAST,901,326,26,5,133.51,2.8,1
2024-06-15,PROD0002,WH-NORTH,945,456,141,13,191.12,2.1,1
2024-06-16,PROD0002,WH-NORTH,1149,456,73,5,197.16,2.5,1
2024-06-17,PROD0002,WH-NORTH,994,438,107,10,163.96,2.3,1
2024-06-18,PROD0002,WH-EAST,901,414,114,14,173.68,2.2,1
2024-06-19,PROD0002,WH-NORTH,269,458,369,12,122.95,0.6,1
2024-06-20,PROD0002,WH-EAST,1177,442,50,4,138.41,2.7,1
2024-06-21,PROD0002,WH-SOUTH,282,481,387,9,146.35,0.6,1
2024-06-22,PROD0002,WH-SOUTH,1207,409,7,5,171.4,3.0,1
2024-06-23,PROD0002,WH-SOUTH,574,337,146,6,74.63,1.7,1
2024-06-24,PROD0002,WH-EAST,273,388,297,3,124.61,0.7,1
2024-06-25,PROD0002,WH-NORTH,1066,536,181,7,155.45,2.0,1
2024-06-26,PROD0002,WH-NORTH,265,416,328,11,66.45,0.6,1
2024-06-27,PROD0002,WH-EAST,429,384,241,11,147.66,1.1,1
2024-06-28,PROD0002,WH-NORTH,411,509,372,5,76.22,0.8,1
2024-01-01,PROD0003,WH-EAST,1275,530,105,10,66.41,2.4,1
2024-01-02,PROD0003,WH-NORTH,240,430,350,8,32.03,0.6,1
2024-01-03,PROD0003,WH-SOUTH,0,410,410,6,144.87,0.0,1
2024-01-04,PROD0003,WH-EAST,1019,294,0,9,90.21,3.5,0
2024-01-05,PROD0003,WH-SOUTH,331,722,612,6,114.68,0.5,1
2024-01-06,PROD0003,WH-EAST,927,439,130,9,53.6,2.1,1
2024-01-07,PROD0003,WH-SOUTH,403,689,555,11,68.8,0.6,1
2024-01-08,PROD0003,WH-NORTH,396,379,247,13,160.53,1.0,1
2024-01-09,PROD0003,WH-NORTH,1247,438,23,9,95.11,2.8,1
2024-01-10,PROD0003,WH-EAST,410,494,358,11,179.33,0.8,1
2024-01-11,PROD0003,WH-EAST,853,484,200,11,190.97,1.8,1
2024-01-12,PROD0003,WH-EAST,1240,394,0,7,126.86,3.1,0
2024-01-13,PROD0003,WH-EAST,287,542,447,6,66.15,0.5,1
2024-01-14,PROD0003,WH-SOUTH,531,482,305,14,67.68,1.1,1
2024-01-15,PROD0003,WH-NORTH,472,315,158,6,19.15,1.5,1
2024-01-16,PROD0003,WH-EAST,383,380,253,10,78.26,1.0,1
2024-01-17,PROD0003,WH-SOUTH,795,484,219,2,158.56,1.6,1
2024-01-18,PROD0003,WH-NORTH,741,333,86,3,179.19,2.2,1
2024-01-19,PROD0003,WH-NORTH,540,429,249,13,187.0,1.3,1
2024-01-20,PROD0003,WH-SOUTH,743,404,157,2,149.87,1.8,1
2024-01-21,PROD0003,WH-NORTH,1193,374,0,14,139.78,3.2,0
2024-01-22,PROD0003,WH-EAST,1185,382,0,9,52.06,3.1,0
2024-01-23,PROD0003,WH-EAST,970,348,25,5,25.64,2.8,1
2024-01-24,PROD0003,WH-EAST,229,534,458,4,161.37,0.4,1
2024-01-25,PROD0003,WH-SOUTH,1019,504,165,7,98.88,2.0,1
2024-01-26,PROD0003,WH-EAST,526,486,311,13,184.71,1.1,1
2024-01-27,PROD0003,WH-EAST,1157,347,0,14,82.92,3.3,0
2024-01-28,PROD0003,WH-EAST,1207,391,0,2,87.47,3.1,0
2024-01-29,PROD0003,WH-EAST,1168,337,0,3,72.77,3.5,0
2024-01-30,PROD0003,WH-EAST,565,429,241,8,20.79,1.3,1
2024-01-31,PROD0003,WH-EAST,669,389,166,6,196.17,1.7,1
2024-02-01,PROD0003,WH-SOUTH,1019,348,9,12,7.76,2.9,1
2024-02-02,PROD0003,WH-NORTH,828,394,118,13,85.6,2.1,1
2024-02-03,PROD0003,WH-NORTH,438,452,306,4,30.68,1.0,1
2024-02-04,PROD0003,WH-EAST,1192,405,8,4,77.77,2.9,1
2024-02-05,PROD0003,WH-EAST,354,405,287,13,88.78,0.9,1
2024-02-06,PROD0003,WH-SOUTH,826,410,135,10,168.7,2.0,1
2024-02-07,PROD0003,WH-SOUTH,739,404,158,11,151.96,1.8,1
2024-02-08,PROD0003,WH-SOUTH,762,349,95,13,43.65,2.2,1
2024-02-09,PROD0003,WH-EAST,278,252,160,2,55.67,1.1,1
2024-02-10,PROD0003,WH-NORTH,436,344,199,4,153.57,1.3,1
2024-02-11,PROD0003,WH-NORTH,670,485,262,3,31.16,1.4,1
2024-02-12,PROD0003,WH-EAST,518,302,130,14,6.95,1.7,1
2024-02-13,PROD0003,WH-EAST,331,372,262,10,173.14,0.9,1
2024-02-14,PROD0003,WH-EAST,478,435,276,2,168.19,1.1,1
2024-02-15,PROD0003,WH-NORTH,0,379,379,4,42.57,0.0,1
2024-02-16,PROD0003,WH-SOUTH,660,491,271,5,130.03,1.3,1
2024-02-17,PROD0003,WH-NORTH,637,373,161,14,123.56,1.7,1
2024-02-18,PROD0003,WH-SOUTH,548,506,324,2,168.43,1.1,1
2024-02-19,PROD0003,WH-NORTH,1017,415,76,5,151.72,2.5,1
2024-02-20,PROD0003,WH-EAST,547,372,190,9,64.4,1.5,1
2024-02-21,PROD0003,WH-EAST,1021,402,62,13,49.71,2.5,1
2024-02-22,PROD0003,WH-NORTH,583,351,157,10,105.4,1.7,1
2024-02-23,PROD0003,WH-NORTH,477,431,272,12,169.4,1.1,1
2024-02-24,PROD0003,WH-EAST,1138,417,38,11,69.26,2.7,1
2024-02-25,PROD0003,WH-SOUTH,364,386,265,5,184.1,0.9,1
2024-02-26,PROD0003,WH-EAST,1258,354,0,3,23.31,3.6,0
2024-02-27,PROD0003,WH-EAST,300,523,423,2,162.86,0.6,1
2024-02-28,PROD0003,WH-SOUTH,440,387,241,8,49.56,1.1,1
2024-02-29,PROD0003,WH-NORTH,542,312,132,12,53.02,1.7,1
2024-03-01,PROD0003,WH-EAST,661,265,45,10,59.58,2.5,1
2024-03-02,PROD0003,WH-EAST,952,488,171,4,135.23,2.0,1
2024-03-03,PROD0003,WH-NORTH,863,434,147,5,100.66,2.0,1
2024-03-04,PROD0003,WH-EAST,428,454,312,5,35.28,0.9,1
2024-03-05,PROD0003,WH-EAST,485,550,389,9,190.81,0.9,1
2024-03-06,PROD0003,WH-NORTH,321,385,278,14,166.52,0.8,1
2024-03-07,PROD0003,WH-SOUTH,1003,513,179,10,93.68,2.0,1
2024-03-08,PROD0003,WH-SOUTH,351,571,454,7,34.59,0.6,1
2024-03-09,PROD0003,WH-EAST,1130,488,112,11,19.09,2.3,1
2024-03-10,PROD0003,WH-EAST,861,335,48,10,180.39,2.6,1
2024-03-11,PROD0003,WH-NORTH,1195,552,154,7,28.56,2.2,1
2024-03-12,PROD0003,WH-NORTH,661,351,131,8,146.55,1.9,1
2024-03-13,PROD0003,WH-SOUTH,655,382,164,7,31.84,1.7,1
2024-03-14,PROD0003,WH-SOUTH,359,473,354,3,168.74,0.8,1
2024-03-15,PROD0003,WH-EAST,921,401,94,11,134.95,2.3,1
2024-03-16,PROD0003,WH-SOUTH,356,599,481,11,156.85,0.6,1
2024-03-17,PROD0003,WH-SOUTH,419,456,317,13,172.38,0.9,1
2024-03-18,PROD0003,WH-NORTH,1278,273,0,13,176.88,4.7,0
2024-03-19,PROD0003,WH-SOUTH,1205,473,72,7,126.94,2.5,1
2024-03-20,PROD0003,WH-EAST,1165,571,183,3,141.0,2.0,1
2024-03-21,PROD0003,WH-EAST,855,445,160,9,105.54,1.9,1
2024-03-22,PROD0003,WH-SOUTH,966,468,146,14,120.27,2.1,1
2024-03-23,PROD0003,WH-NORTH,418,476,337,11,157.14,0.9,1
2024-03-24,PROD0003,WH-EAST,248,535,453,14,68.8,0.5,1
2024-03-25,PROD0003,WH-EAST,463,494,340,9,109.31,0.9,1
2024-03-26,PROD0003,WH-NORTH,216,523,451,12,143.83,0.4,1
2024-03-27,PROD0003,WH-NORTH,808,428,159,4,7.22,1.9,1
2024-03-28,PROD0003,WH-NORTH,642,533,319,9,36.96,1.2,1
2024-03-29,PROD0003,WH-NORTH,234,368,290,6,156.0,0.6,1
2024-03-30,PROD0003,WH-NORTH,619,177,0,9,129.92,3.5,0
2024-03-31,PROD0003,WH-SOUTH,839,425,146,8,133.57,2.0,1
2024-04-01,PROD0003,WH-EAST,1119,359,0,8,100.38,3.1,0
2024-04-02,PROD0003,WH-SOUTH,252,569,485,5,122.2,0.4,1
2024-04-03,PROD0003,WH-EAST,858,489,203,7,57.76,1.8,1
2024-04-04,PROD0003,WH-EAST,674,461,237,9,150.52,1.5,1
2024-04-05,PROD0003,WH-EAST,1029,438,95,8,109.09,2.3,1
2024-04-06,PROD0003,WH-NORTH,278,557,465,3,31.64,0.5,1
2024-04-07,PROD0003,WH-SOUTH,1119,385,12,6,196.97,2.9,1
2024-04-08,PROD0003,WH-EAST,1053,402,51,2,114.89,2.6,1
2024-04-09,PROD0003,WH-SOUTH,1130,357,0,3,167.24,3.2,0
2024-04-10,PROD0003,WH-EAST,871,423,133,2,12.97,2.1,1
2024-04-11,PROD0003,WH-NORTH,275,533,442,9,45.88,0.5,1
2024-04-12,PROD0003,WH-SOUTH,761,479,226,9,183.95,1.6,1
2024-04-13,PROD0003,WH-SOUTH,1000,400,67,14,116.63,2.5,1
2024-04-14,PROD0003,WH-NORTH,1099,313,0,10,122.85,3.5,0
2024-04-15,PROD0003,WH-SOUTH,787,463,201,9,18.2,1.7,1
2024-04-16,PROD0003,WH-NORTH,451,456,306,7,62.29,1.0,1
2024-04-17,PROD0003,WH-NORTH,488,529,367,7,127.9,0.9,1
2024-04-18,PROD0003,WH-EAST,327,386,277,12,13.16,0.8,1
2024-04-19,PROD0003,WH-SOUTH,0,435,435,4,134.06,0.0,1
2024-04-20,PROD0003,WH-SOUTH,520,314,141,11,92.45,1.7,1
2024-04-21,PROD0003,WH-NORTH,254,317,233,5,113.78,0.8,1
2024-04-22,PROD0003,WH-SOUTH,980,318,0,8,171.25,3.1,0
2024-04-23,PROD0003,WH-EAST,1111,549,179,11,187.89,2.0,1
2024-04-24,PROD0003,WH-NORTH,1181,458,65,14,190.05,2.6,1
2024-04-25,PROD0003,WH-SOUTH,823,385,111,10,47.48,2.1,1
2024-04-26,PROD0003,WH-EAST,712,546,309,12,42.91,1.3,1
2024-04-27,PROD0003,WH-EAST,654,329,111,12,44.88,2.0,1
2024-04-28,PROD0003,WH-SOUTH,887,412,117,13,6.66,2.2,1
2024-04-29,PROD0003,WH-SOUTH,764,367,113,3,72.91,2.1,1
2024-04-30,PROD0003,WH-SOUTH,548,486,304,3,48.38,1.1,1
2024-05-01,PROD0003,WH-NORTH,1091,449,86,7,90.35,2.4,1
2024-05-02,PROD0003,WH-SOUTH,699,394,161,3,120.62,1.8,1
2024-05-03,PROD0003,WH-EAST,1091,581,218,4,153.83,1.9,1
2024-05-04,PROD0003,WH-NORTH,1157,419,34,10,194.17,2.8,1
2024-05-05,PROD0003,WH-EAST,687,506,277,11,151.72,1.4,1
2024-05-06,PROD0003,WH-NORTH,415,426,288,5,86.44,1.0,1
2024-05-07,PROD0003,WH-EAST,735,359,114,4,56.93,2.0,1
2024-05-08,PROD0003,WH-NORTH,858,500,214,8,68.11,1.7,1
2024-05-09,PROD0003,WH-EAST,419,431,292,8,97.94,1.0,1
2024-05-10,PROD0003,WH-EAST,494,334,170,13,65.29,1.5,1
2024-05-11,PROD0003,WH-SOUTH,406,441,306,14,62.95,0.9,1
2024-05-12,PROD0003,WH-EAST,1089,511,148,4,196.7,2.1,1
2024-05-13,PROD0003,WH-EAST,920,369,63,2,142.9,2.5,1
2024-05-14,PROD0003,WH-NORTH,1095,554,189,14,185.47,2.0,1
2024-05-15,PROD0003,WH-NORTH,681,462,235,10,173.6,1.5,1
2024-05-16,PROD0003,WH-SOUTH,295,362,264,13,86.99,0.8,1
2024-05-17,PROD0003,WH-EAST,280,555,462,2,194.26,0.5,1
2024-05-18,PROD0003,WH-NORTH,802,425,158,3,172.6,1.9,1
2024-05-19,PROD0003,WH-SOUTH,972,446,122,7,104.28,2.2,1
2024-05-20,PROD0003,WH-EAST,677,521,296,6,150.58,1.3,1
2024-05-21,PROD0003,WH-EAST,956,498,180,11,34.39,1.9,1
2024-05-22,PROD0003,WH-SOUTH,539,381,202,4,59.38,1.4,1
2024-05-23,PROD0003,WH-SOUTH,298,418,319,13,96.75,0.7,1
2024-05-24,PROD0003,WH-NORTH,787,456,194,8,42.51,1.7,1
2024-05-25,PROD0003,WH-SOUTH,433,276,132,12,149.1,1.6,1
2024-05-26,PROD0003,WH-SOUTH,1193,387,0,3,134.69,3.1,0
2024-05-27,PROD0003,WH-EAST,388,429,300,12,78.68,0.9,1
2024-05-28,PROD0003,WH-SOUTH,1223,345,0,9,86.5,3.5,0
2024-05-29,PROD0003,WH-NORTH,1290,503,73,5,138.48,2.6,1
2024-05-30,PROD0003,WH-SOUTH,586,230,35,10,152.7,2.5,1
2024-05-31,PROD0003,WH-NORTH,660,432,212,3,160.32,1.5,1
2024-06-01,PROD0003,WH-SOUTH,382,298,171,3,155.52,1.3,1
2024-06-02,PROD0003,WH-EAST,1252,418,1,14,140.96,3.0,1
2024-06-03,PROD0003,WH-SOUTH,1149,378,0,4,72.96,3.0,0
2024-06-04,PROD0003,WH-SOUTH,1004,405,71,6,71.64,2.5,1
2024-06-05,PROD0003,WH-EAST,515,370,199,4,67.07,1.4,1
2024-06-06,PROD0003,WH-NORTH,1202,575,175,2,178.66,2.1,1
2024-06-07,PROD0003,WH-NORTH,589,322,126,4,103.49,1.8,1
2024-06-08,PROD0003,WH-NORTH,934,380,69,6,196.85,2.5,1
2024-06-09,PROD0003,WH-SOUTH,839,454,175,7,91.39,1.8,1
2024-06-10,PROD0003,WH-NORTH,844,293,12,3,42.97,2.9,1
2024-06-11,PROD0003,WH-NORTH,1055,499,148,10,86.48,2.1,1
2024-06-12,PROD0003,WH-EAST,793,483,219,5,63.12,1.6,1
2024-06-13,PROD0003,WH-EAST,632,359,149,10,39.09,1.8,1
2024-06-14,PROD0003,WH-EAST,605,483,282,11,159.33,1.3,1
2024-06-15,PROD0003,WH-EAST,904,437,136,5,81.62,2.1,1
2024-06-16,PROD0003,WH-SOUTH,233,482,405,2,25.11,0.5,1
2024-06-17,PROD0003,WH-NORTH,385,458,330,10,155.05,0.8,1
2024-06-18,PROD0003,WH-NORTH,1175,436,45,10,165.95,2.7,1
2024-06-19,PROD0003,WH-SOUTH,521,489,316,6,116.34,1.1,1
2024-06-20,PROD0003,WH-EAST,1291,368,0,13,48.4,3.5,0
2024-06-21,PROD0003,WH-NORTH,1290,363,0,2,144.1,3.6,0
2024-06-22,PROD0003,WH-NORTH,468,399,243,14,194.36,1.2,1
2024-06-23,PROD0003,WH-SOUTH,780,351,91,6,19.11,2.2,1
2024-06-24,PROD0003,WH-SOUTH,572,431,241,4,36.75,1.3,1
2024-06-25,PROD0003,WH-NORTH,834,324,46,12,5.36,2.6,1
2024-06-26,PROD0003,WH-SOUTH,254,396,312,13,13.53,0.6,1
2024-06-27,PROD0003,WH-SOUTH,926,515,207,2,62.76,1.8,1
2024-06-28,PROD0003,WH-SOUTH,691,327,97,5,104.67,2.1,1
2024-01-01,PROD0004,WH-EAST,770,316,60,8,178.79,2.4,1
2024-01-02,PROD0004,WH-SOUTH,0,417,417,12,100.86,0.0,1
2024-01-03,PROD0004,WH-SOUTH,695,422,191,5,170.43,1.6,1
2024-01-04,PROD0004,WH-EAST,513,391,220,6,34.81,1.3,1
2024-01-05,PROD0004,WH-NORTH,384,397,269,7,56.88,1.0,1
2024-01-06,PROD0004,WH-EAST,617,370,165,2,138.97,1.7,1
2024-01-07,PROD0004,WH-SOUTH,893,516,219,2,37.94,1.7,1
2024-01-08,PROD0004,WH-NORTH,510,364,194,8,89.58,1.4,1
2024-01-09,PROD0004,WH-NORTH,275,359,268,5,133.13,0.8,1
2024-01-10,PROD0004,WH-SOUTH,262,388,301,7,54.82,0.7,1
2024-01-11,PROD0004,WH-EAST,944,287,0,13,37.34,3.3,0
2024-01-12,PROD0004,WH-NORTH,333,376,265,10,191.85,0.9,1
2024-01-13,PROD0004,WH-EAST,1028,275,0,4,14.27,3.7,0
2024-01-14,PROD0004,WH-SOUTH,518,127,0,8,111.77,4.1,0
2024-01-15,PROD0004,WH-SOUTH,299,224,125,11,88.87,1.3,1
2024-01-16,PROD0004,WH-EAST,493,362,198,5,197.44,1.4,1
2024-01-17,PROD0004,WH-EAST,314,393,289,3,50.18,0.8,1
2024-01-18,PROD0004,WH-NORTH,418,329,190,7,13.94,1.3,1
2024-01-19,PROD0004,WH-EAST,893,341,44,8,163.75,2.6,1
2024-01-20,PROD0004,WH-SOUTH,402,387,253,2,152.94,1.0,1
2024-01-21,PROD0004,WH-EAST,1058,320,0,5,98.96,3.3,0
2024-01-22,PROD0004,WH-NORTH,744,328,80,13,114.62,2.3,1
2024-01-23,PROD0004,WH-NORTH,520,409,236,5,197.14,1.3,1
2024-01-24,PROD0004,WH-SOUTH,954,268,0,12,52.93,3.6,0
2024-01-25,PROD0004,WH-EAST,306,358,256,7,163.37,0.9,1
2024-01-26,PROD0004,WH-EAST,962,361,41,9,133.85,2.7,1
2024-01-27,PROD0004,WH-SOUTH,0,396,396,3,113.63,0.0,1
2024-01-28,PROD0004,WH-NORTH,346,445,330,9,54.36,0.8,1
2024-01-29,PROD0004,WH-NORTH,427,329,187,11,25.91,1.3,1
2024-01-30,PROD0004,WH-NORTH,1065,408,53,2,44.08,2.6,1
2024-01-31,PROD0004,WH-EAST,426,390,248,10,139.12,1.1,1
2024-02-01,PROD0004,WH-NORTH,495,453,288,9,62.29,1.1,1
2024-02-02,PROD0004,WH-SOUTH,447,327,178,2,91.28,1.4,1
2024-02-03,PROD0004,WH-SOUTH,241,388,308,6,25.19,0.6,1
2024-02-04,PROD0004,WH-NORTH,193,445,381,5,90.09,0.4,1
2024-02-05,PROD0004,WH-NORTH,330,300,190,14,109.03,1.1,1
2024-02-06,PROD0004,WH-NORTH,1069,324,0,6,47.11,3.3,0
2024-02-07,PROD0004,WH-EAST,563,375,188,14,143.17,1.5,1
2024-02-08,PROD0004,WH-NORTH,638,445,233,13,184.02,1.4,1
2024-02-09,PROD0004,WH-EAST,709,320,84,13,24.24,2.2,1
2024-02-10,PROD0004,WH-NORTH,370,404,281,9,66.44,0.9,1
2024-02-11,PROD0004,WH-SOUTH,249,366,283,8,177.85,0.7,1
2024-02-12,PROD0004,WH-EAST,333,481,370,5,152.39,0.7,1
2024-02-13,PROD0004,WH-NORTH,770,383,127,11,76.51,2.0,1
2024-02-14,PROD0004,WH-SOUTH,879,424,131,2,106.77,2.1,1
2024-02-15,PROD0004,WH-SOUTH,356,306,188,5,61.6,1.2,1
2024-02-16,PROD0004,WH-SOUTH,995,358,27,11,162.89,2.8,1
2024-02-17,PROD0004,WH-EAST,612,254,50,9,44.33,2.4,1
2024-02-18,PROD0004,WH-SOUTH,999,382,49,2,58.71,2.6,1
2024-02-19,PROD0004,WH-EAST,725,286,45,3,122.62,2.5,1
2024-02-20,PROD0004,WH-SOUTH,527,319,144,11,98.46,1.7,1
2024-02-21,PROD0004,WH-EAST,274,276,185,5,155.8,1.0,1
2024-02-22,PROD0004,WH-NORTH,421,405,265,8,110.58,1.0,1
2024-02-23,PROD0004,WH-EAST,1049,431,82,2,62.2,2.4,1
2024-02-24,PROD0004,WH-SOUTH,289,293,197,8,126.86,1.0,1
2024-02-25,PROD0004,WH-NORTH,630,364,154,14,25.29,1.7,1
2024-02-26,PROD0004,WH-EAST,827,425,150,9,134.04,1.9,1
2024-02-27,PROD0004,WH-EAST,583,410,216,3,80.51,1.4,1
2024-02-28,PROD0004,WH-SOUTH,660,267,47,5,65.1,2.5,1
2024-02-29,PROD0004,WH-EAST,690,391,161,13,86.82,1.8,1
2024-03-01,PROD0004,WH-NORTH,1059,382,29,8,68.9,2.8,1
2024-03-02,PROD0004,WH-NORTH,964,330,9,14,119.44,2.9,1
2024-03-03,PROD0004,WH-EAST,297,380,281,11,130.06,0.8,1
2024-03-04,PROD0004,WH-EAST,793,304,40,11,17.48,2.6,1
2024-03-05,PROD0004,WH-EAST,0,358,358,6,24.48,0.0,1
2024-03-06,PROD0004,WH-SOUTH,710,336,100,5,95.71,2.1,1
2024-03-07,PROD0004,WH-SOUTH,399,267,134,5,93.87,1.5,1
2024-03-08,PROD0004,WH-SOUTH,487,340,178,2,101.14,1.4,1
2024-03-09,PROD0004,WH-SOUTH,302,393,293,6,111.75,0.8,1
2024-03-10,PROD0004,WH-NORTH,0,403,403,13,148.18,0.0,1
2024-03-11,PROD0004,WH-SOUTH,220,358,285,2,34.05,0.6,1
2024-03-12,PROD0004,WH-NORTH,234,410,332,9,154.9,0.6,1
2024-03-13,PROD0004,WH-SOUTH,754,133,0,10,149.41,5.7,0
2024-03-14,PROD0004,WH-SOUTH,805,416,148,4,93.42,1.9,1
2024-03-15,PROD0004,WH-EAST,379,460,334,13,99.66,0.8,1
2024-03-16,PROD0004,WH-EAST,1024,418,77,11,98.69,2.4,1
2024-03-17,PROD0004,WH-EAST,369,283,160,7,198.4,1.3,1
2024-03-18,PROD0004,WH-EAST,662,207,0,13,195.78,3.2,0
2024-03-19,PROD0004,WH-EAST,810,433,163,9,182.41,1.9,1
2024-03-20,PROD0004,WH-EAST,488,494,332,13,32.86,1.0,1
2024-03-21,PROD0004,WH-SOUTH,792,297,33,13,162.28,2.7,1
2024-03-22,PROD0004,WH-EAST,369,281,158,3,97.72,1.3,1
2024-03-23,PROD0004,WH-SOUTH,1055,398,47,2,192.79,2.7,1
2024-03-24,PROD0004,WH-NORTH,928,413,104,5,180.57,2.2,1
2024-03-25,PROD0004,WH-SOUTH,569,434,245,9,73.66,1.3,1
2024-03-26,PROD0004,WH-SOUTH,596,77,0,11,198.61,7.7,0
2024-03-27,PROD0004,WH-SOUTH,874,410,119,8,46.53,2.1,1
2024-03-28,PROD0004,WH-NORTH,1003,383,49,13,94.41,2.6,1
2024-03-29,PROD0004,WH-NORTH,719,371,132,13,62.35,1.9,1
2024-03-30,PROD0004,WH-SOUTH,642,268,54,8,31.42,2.4,1
2024-03-31,PROD0004,WH-SOUTH,995,366,35,2,33.05,2.7,1
2024-04-01,PROD0004,WH-NORTH,254,341,257,11,18.02,0.7,1
2024-04-02,PROD0004,WH-SOUTH,664,420,199,9,29.59,1.6,1
2024-04-03,PROD0004,WH-EAST,545,252,71,4,196.31,2.2,1
2024-04-04,PROD0004,WH-EAST,228,442,366,2,81.2,0.5,1
2024-04-05,PROD0004,WH-EAST,930,429,119,4,81.61,2.2,1
2024-04-06,PROD0004,WH-EAST,247,338,256,11,174.82,0.7,1
2024-04-07,PROD0004,WH-EAST,313,341,237,2,164.03,0.9,1
2024-04-08,PROD0004,WH-SOUTH,852,379,95,8,194.18,2.2,1
2024-04-09,PROD0004,WH-SOUTH,406,372,237,4,127.31,1.1,1
2024-04-10,PROD0004,WH-SOUTH,796,380,115,11,59.12,2.1,1
2024-04-11,PROD0004,WH-SOUTH,1070,314,0,3,95.94,3.4,0
2024-04-12,PROD0004,WH-NORTH,809,474,205,5,195.32,1.7,1
2024-04-13,PROD0004,WH-NORTH,610,190,0,8,156.27,3.2,0
2024-04-14,PROD0004,WH-EAST,601,351,151,10,80.05,1.7,1
2024-04-15,PROD0004,WH-NORTH,311,286,183,2,90.89,1.1,1
2024-04-16,PROD0004,WH-SOUTH,1115,484,113,9,6.64,2.3,1
2024-04-17,PROD0004,WH-SOUTH,1071,416,59,10,101.08,2.6,1
2024-04-18,PROD0004,WH-NORTH,932,364,54,14,42.24,2.6,1
2024-04-19,PROD0004,WH-EAST,969,463,140,11,89.63,2.1,1
2024-04-20,PROD0004,WH-EAST,349,330,214,8,121.36,1.1,1
2024-04-21,PROD0004,WH-EAST,589,413,217,4,70.27,1.4,1
2024-04-22,PROD0004,WH-SOUTH,510,334,164,14,153.47,1.5,1
2024-04-23,PROD0004,WH-EAST,836,266,0,5,97.55,3.1,0
2024-04-24,PROD0004,WH-NORTH,674,308,84,3,167.85,2.2,1
2024-04-25,PROD0004,WH-SOUTH,436,436,291,10,131.04,1.0,1
2024-04-26,PROD0004,WH-SOUTH,812,493,223,8,139.1,1.6,1
2024-04-27,PROD0004,WH-SOUTH,576,508,316,12,78.46,1.1,1
2024-04-28,PROD0004,WH-SOUTH,486,488,326,14,70.4,1.0,1
2024-04-29,PROD0004,WH-SOUTH,978,398,72,2,149.59,2.5,1
2024-04-30,PROD0004,WH-NORTH,663,407,186,3,57.61,1.6,1
2024-05-01,PROD0004,WH-EAST,860,357,71,10,58.13,2.4,1
2024-05-02,PROD0004,WH-EAST,911,331,28,6,53.02,2.8,1
2024-05-03,PROD0004,WH-EAST,704,394,160,13,164.65,1.8,1
2024-05-04,PROD0004,WH-SOUTH,1011,193,0,10,26.44,5.2,0
2024-05-05,PROD0004,WH-NORTH,0,376,376,7,105.42,0.0,1
2024-05-06,PROD0004,WH-NORTH,941,272,0,7,171.29,3.5,0
2024-05-07,PROD0004,WH-NORTH,697,448,216,5,60.11,1.6,1
2024-05-08,PROD0004,WH-NORTH,971,325,2,10,168.58,3.0,1
2024-05-09,PROD0004,WH-EAST,232,465,388,5,71.55,0.5,1
2024-05-10,PROD0004,WH-EAST,786,451,189,8,163.02,1.7,1
2024-05-11,PROD0004,WH-NORTH,359,356,237,3,23.96,1.0,1
2024-05-12,PROD0004,WH-SOUTH,843,362,81,2,178.49,2.3,1
2024-05-13,PROD0004,WH-SOUTH,1040,402,56,9,166.74,2.6,1
2024-05-14,PROD0004,WH-NORTH,912,366,62,4,142.6,2.5,1
2024-05-15,PROD0004,WH-NORTH,676,362,137,2,94.12,1.9,1
2024-05-16,PROD0004,WH-EAST,943,305,0,14,168.64,3.1,0
2024-05-17,PROD0004,WH-NORTH,487,275,113,8,5.88,1.8,1
2024-05-18,PROD0004,WH-NORTH,0,315,315,3,146.18,0.0,1
2024-05-19,PROD0004,WH-SOUTH,577,369,177,13,180.79,1.6,1
2024-05-20,PROD0004,WH-SOUTH,299,453,354,9,170.87,0.7,1
2024-05-21,PROD0004,WH-EAST,384,466,338,11,72.35,0.8,1
2024-05-22,PROD0004,WH-EAST,240,322,242,11,136.71,0.7,1
2024-05-23,PROD0004,WH-EAST,559,287,101,8,33.11,1.9,1
2024-05-24,PROD0004,WH-SOUTH,864,439,151,5,159.89,2.0,1
2024-05-25,PROD0004,WH-NORTH,398,400,268,6,179.2,1.0,1
2024-05-26,PROD0004,WH-SOUTH,1102,402,35,8,54.66,2.7,1
2024-05-27,PROD0004,WH-EAST,1021,440,100,7,163.87,2.3,1
2024-05-28,PROD0004,WH-SOUTH,1058,335,0,7,111.1,3.2,0
2024-05-29,PROD0004,WH-NORTH,830,465,189,11,52.85,1.8,1
2024-05-30,PROD0004,WH-NORTH,1014,457,119,7,57.9,2.2,1
2024-05-31,PROD0004,WH-EAST,318,398,292,10,73.81,0.8,1
2024-06-01,PROD0004,WH-EAST,697,318,86,4,7.96,2.2,1
2024-06-02,PROD0004,WH-EAST,760,318,65,11,85.88,2.4,1
2024-06-03,PROD0004,WH-EAST,319,327,221,4,32.08,1.0,1
2024-06-04,PROD0004,WH-NORTH,940,326,13,6,28.94,2.9,1
2024-06-05,PROD0004,WH-EAST,379,402,276,14,199.89,0.9,1
2024-06-06,PROD0004,WH-EAST,626,477,269,14,190.44,1.3,1
2024-06-07,PROD0004,WH-NORTH,337,351,239,10,8.46,1.0,1
2024-06-08,PROD0004,WH-NORTH,0,430,430,11,62.76,0.0,1
2024-06-09,PROD0004,WH-EAST,0,306,306,8,133.81,0.0,1
2024-06-10,PROD0004,WH-NORTH,395,320,189,6,23.62,1.2,1
2024-06-11,PROD0004,WH-EAST,1010,348,12,5,126.15,2.9,1
2024-06-12,PROD0004,WH-NORTH,1075,425,67,10,89.08,2.5,1
2024-06-13,PROD0004,WH-SOUTH,806,384,116,11,129.24,2.1,1
2024-06-14,PROD0004,WH-SOUTH,641,433,220,9,130.95,1.5,1
2024-06-15,PROD0004,WH-NORTH,313,323,219,3,134.06,1.0,1
2024-06-16,PROD0004,WH-EAST,402,377,243,9,170.01,1.1,1
2024-06-17,PROD0004,WH-NORTH,0,375,375,12,111.52,0.0,1
2024-06-18,PROD0004,WH-NORTH,767,290,35,5,173.96,2.6,1
2024-06-19,PROD0004,WH-NORTH,885,390,95,7,46.29,2.3,1
2024-06-20,PROD0004,WH-SOUTH,312,389,285,9,92.95,0.8,1
2024-06-21,PROD0004,WH-SOUTH,356,476,358,9,136.52,0.7,1
2024-06-22,PROD0004,WH-SOUTH,802,607,340,4,23.18,1.3,1
2024-06-23,PROD0004,WH-SOUTH,1061,446,93,8,199.08,2.4,1
2024-06-24,PROD0004,WH-SOUTH,683,384,157,13,154.34,1.8,1
2024-06-25,PROD0004,WH-SOUTH,644,446,232,4,163.21,1.4,1
2024-06-26,PROD0004,WH-EAST,810,497,227,12,139.93,1.6,1
2024-06-27,PROD0004,WH-SOUTH,736,386,141,12,103.08,1.9,1
2024-06-28,PROD0004,WH-EAST,630,306,96,13,190.68,2.1,1
2024-01-01,PROD0005,WH-EAST,526,416,241,7,52.06,1.3,1
2024-01-02,PROD0005,WH-SOUTH,1411,454,0,8,20.84,3.1,0
2024-01-03,PROD0005,WH-EAST,734,448,204,9,120.45,1.6,1
2024-01-04,PROD0005,WH-EAST,764,435,181,14,18.31,1.8,1
2024-01-05,PROD0005,WH-SOUTH,1414,626,155,5,144.93,2.3,1
2024-01-06,PROD0005,WH-EAST,503,473,306,13,61.66,1.1,1
2024-01-07,PROD0005,WH-EAST,992,435,105,4,142.33,2.3,1
2024-01-08,PROD0005,WH-NORTH,634,611,400,12,69.78,1.0,1
2024-01-09,PROD0005,WH-SOUTH,983,533,206,9,46.68,1.8,1
2024-01-10,PROD0005,WH-EAST,712,374,137,8,177.25,1.9,1
2024-01-11,PROD0005,WH-EAST,655,481,263,11,176.18,1.4,1
2024-01-12,PROD0005,WH-EAST,1075,420,62,4,162.97,2.6,1
2024-01-13,PROD0005,WH-EAST,0,362,362,13,130.74,0.0,1
2024-01-14,PROD0005,WH-SOUTH,1116,497,125,12,86.16,2.2,1
2024-01-15,PROD0005,WH-NORTH,305,477,376,7,100.25,0.6,1
2024-01-16,PROD0005,WH-NORTH,1264,435,14,11,141.36,2.9,1
2024-01-17,PROD0005,WH-EAST,764,450,196,14,7.73,1.7,1
2024-01-18,PROD0005,WH-EAST,551,468,285,13,99.33,1.2,1
2024-01-19,PROD0005,WH-NORTH,454,473,322,9,172.27,1.0,1
2024-01-20,PROD0005,WH-SOUTH,1393,537,73,8,73.17,2.6,1
2024-01-21,PROD0005,WH-EAST,1018,427,88,5,171.43,2.4,1
2024-01-22,PROD0005,WH-NORTH,778,556,297,13,69.72,1.4,1
2024-01-23,PROD0005,WH-SOUTH,450,446,296,5,152.98,1.0,1
2024-01-24,PROD0005,WH-SOUTH,748,480,231,12,99.39,1.6,1
2024-01-25,PROD0005,WH-EAST,763,542,288,14,165.05,1.4,1
2024-01-26,PROD0005,WH-SOUTH,633,337,126,2,45.33,1.9,1
2024-01-27,PROD0005,WH-EAST,319,590,484,11,90.33,0.5,1
2024-01-28,PROD0005,WH-EAST,1318,477,38,12,40.55,2.8,1
2024-01-29,PROD0005,WH-SOUTH,841,476,196,3,188.37,1.8,1
2024-01-30,PROD0005,WH-SOUTH,807,601,332,8,178.04,1.3,1
2024-01-31,PROD0005,WH-SOUTH,1397,467,2,12,58.23,3.0,1
2024-02-01,PROD0005,WH-NORTH,1323,580,139,14,187.47,2.3,1
2024-02-02,PROD0005,WH-SOUTH,580,623,430,8,102.59,0.9,1
2024-02-03,PROD0005,WH-SOUTH,1108,534,165,14,43.46,2.1,1
2024-02-04,PROD0005,WH-EAST,1339,319,0,7,144.45,4.2,0
2024-02-05,PROD0005,WH-SOUTH,764,536,282,9,45.34,1.4,1
2024-02-06,PROD0005,WH-EAST,1101,417,50,14,23.26,2.6,1
2024-02-07,PROD0005,WH-EAST,856,578,293,6,163.28,1.5,1
2024-02-08,PROD0005,WH-EAST,1233,512,101,8,151.09,2.4,1
2024-02-09,PROD0005,WH-EAST,1042,509,162,13,129.61,2.0,1
2024-02-10,PROD0005,WH-EAST,956,466,148,5,25.93,2.1,1
2024-02-11,PROD0005,WH-SOUTH,1377,421,0,13,63.13,3.3,0
2024-02-12,PROD0005,WH-NORTH,501,447,280,11,67.08,1.1,1
2024-02-13,PROD0005,WH-NORTH,702,350,116,2,17.02,2.0,1
2024-02-14,PROD0005,WH-EAST,703,342,108,3,159.55,2.1,1
2024-02-15,PROD0005,WH-EAST,697,608,376,9,174.67,1.1,1
2024-02-16,PROD0005,WH-EAST,1380,521,61,2,174.86,2.6,1
2024-02-17,PROD0005,WH-SOUTH,344,533,419,14,173.39,0.6,1
2024-02-18,PROD0005,WH-EAST,1130,379,3,13,97.9,3.0,1
2024-02-19,PROD0005,WH-NORTH,528,378,202,9,184.77,1.4,1
2024-02-20,PROD0005,WH-EAST,1287,369,0,7,118.25,3.5,0
2024-02-21,PROD0005,WH-SOUTH,792,375,111,6,105.78,2.1,1
2024-02-22,PROD0005,WH-SOUTH,929,446,137,3,197.21,2.1,1
2024-02-23,PROD0005,WH-NORTH,692,399,169,7,62.03,1.7,1
2024-02-24,PROD0005,WH-SOUTH,887,274,0,2,14.68,3.2,0
2024-02-25,PROD0005,WH-NORTH,1156,523,138,4,81.26,2.2,1
2024-02-26,PROD0005,WH-SOUTH,914,525,221,8,8.84,1.7,1
2024-02-27,PROD0005,WH-NORTH,882,567,273,7,102.45,1.6,1
2024-02-28,PROD0005,WH-EAST,336,513,401,3,107.63,0.7,1
2024-02-29,PROD0005,WH-SOUTH,680,535,309,14,85.67,1.3,1
2024-03-01,PROD0005,WH-SOUTH,337,591,479,7,113.81,0.6,1
2024-03-02,PROD0005,WH-EAST,673,511,287,10,68.02,1.3,1
2024-03-03,PROD0005,WH-SOUTH,0,529,529,5,6.12,0.0,1
2024-03-04,PROD0005,WH-NORTH,885,393,98,11,186.04,2.3,1
2024-03-05,PROD0005,WH-NORTH,1181,333,0,10,171.5,3.5,0
2024-03-06,PROD0005,WH-SOUTH,680,364,138,14,181.56,1.9,1
2024-03-07,PROD0005,WH-NORTH,1005,455,120,8,107.62,2.2,1
2024-03-08,PROD0005,WH-SOUTH,552,417,233,7,11.6,1.3,1
2024-03-09,PROD0005,WH-NORTH,1048,618,269,3,152.85,1.7,1
2024-03-10,PROD0005,WH-EAST,889,517,221,2,107.64,1.7,1
2024-03-11,PROD0005,WH-SOUTH,295,451,353,8,149.31,0.7,1
2024-03-12,PROD0005,WH-SOUTH,1125,568,193,10,26.67,2.0,1
2024-03-13,PROD0005,WH-NORTH,251,268,185,2,114.59,0.9,1
2024-03-14,PROD0005,WH-SOUTH,1213,348,0,14,193.41,3.5,0
2024-03-15,PROD0005,WH-EAST,537,319,140,5,92.07,1.7,1
2024-03-16,PROD0005,WH-SOUTH,1368,531,75,14,128.63,2.6,1
2024-03-17,PROD0005,WH-NORTH,697,331,99,5,63.57,2.1,1
2024-03-18,PROD0005,WH-NORTH,917,402,97,9,117.55,2.3,1
2024-03-19,PROD0005,WH-EAST,1256,500,82,8,184.38,2.5,1
2024-03-20,PROD0005,WH-NORTH,1332,496,52,5,99.56,2.7,1
2024-03-21,PROD0005,WH-SOUTH,481,514,354,5,61.22,0.9,1
2024-03-22,PROD0005,WH-NORTH,432,441,297,7,182.12,1.0,1
2024-03-23,PROD0005,WH-SOUTH,241,551,471,2,126.74,0.4,1
2024-03-24,PROD0005,WH-SOUTH,743,563,316,7,190.15,1.3,1
2024-03-25,PROD0005,WH-SOUTH,813,371,100,8,8.13,2.2,1
2024-03-26,PROD0005,WH-EAST,612,321,117,3,90.62,1.9,1
2024-03-27,PROD0005,WH-NORTH,590,442,246,8,89.99,1.3,1
2024-03-28,PROD0005,WH-SOUTH,863,502,215,14,63.39,1.7,1
2024-03-29,PROD0005,WH-SOUTH,1122,572,198,12,175.06,2.0,1
2024-03-30,PROD0005,WH-SOUTH,1184,406,12,6,56.47,2.9,1
2024-03-31,PROD0005,WH-SOUTH,1176,494,102,3,184.17,2.4,1
2024-04-01,PROD0005,WH-SOUTH,451,479,329,9,99.26,0.9,1
2024-04-02,PROD0005,WH-NORTH,517,596,424,4,48.34,0.9,1
2024-04-03,PROD0005,WH-NORTH,674,458,234,14,172.15,1.5,1
2024-04-04,PROD0005,WH-EAST,972,577,253,10,96.47,1.7,1
2024-04-05,PROD0005,WH-NORTH,1029,385,42,4,147.44,2.7,1
2024-04-06,PROD0005,WH-NORTH,1201,564,164,2,68.12,2.1,1
2024-04-07,PROD0005,WH-SOUTH,1113,551,180,7,112.35,2.0,1
2024-04-08,PROD0005,WH-EAST,573,480,289,3,116.47,1.2,1
2024-04-09,PROD0005,WH-EAST,581,437,244,13,174.6,1.3,1
2024-04-10,PROD0005,WH-EAST,359,686,567,5,53.16,0.5,1
2024-04-11,PROD0005,WH-NORTH,1397,497,32,5,77.51,2.8,1
2024-04-12,PROD0005,WH-SOUTH,1174,452,61,11,189.25,2.6,1
2024-04-13,PROD0005,WH-EAST,930,393,83,8,199.52,2.4,1
2024-04-14,PROD0005,WH-EAST,422,664,524,3,120.91,0.6,1
2024-04-15,PROD0005,WH-SOUTH,900,574,274,12,96.78,1.6,1
2024-04-16,PROD0005,WH-EAST,1009,415,79,14,97.84,2.4,1
2024-04-17,PROD0005,WH-SOUTH,740,541,295,9,47.8,1.4,1
2024-04-18,PROD0005,WH-NORTH,996,646,314,8,169.88,1.5,1
2024-04-19,PROD0005,WH-EAST,1015,369,31,14,68.55,2.8,1
2024-04-20,PROD0005,WH-NORTH,0,538,538,12,130.3,0.0,1
2024-04-21,PROD0005,WH-EAST,291,458,361,8,35.63,0.6,1
2024-04-22,PROD0005,WH-EAST,959,562,243,2,138.82,1.7,1
2024-04-23,PROD0005,WH-NORTH,511,575,405,8,74.36,0.9,1
2024-04-24,PROD0005,WH-SOUTH,768,485,229,8,51.33,1.6,1
2024-04-25,PROD0005,WH-SOUTH,329,433,324,3,18.2,0.8,1
2024-04-26,PROD0005,WH-EAST,760,544,291,14,191.66,1.4,1
2024-04-27,PROD0005,WH-EAST,566,570,382,3,144.75,1.0,1
2024-04-28,PROD0005,WH-EAST,936,439,127,9,135.77,2.1,1
2024-04-29,PROD0005,WH-EAST,597,614,415,7,154.14,1.0,1
2024-04-30,PROD0005,WH-SOUTH,1055,458,107,5,149.62,2.3,1
2024-05-01,PROD0005,WH-EAST,405,403,268,7,11.48,1.0,1
2024-05-02,PROD0005,WH-NORTH,774,586,328,7,21.0,1.3,1
2024-05-03,PROD0005,WH-NORTH,955,484,166,14,30.06,2.0,1
2024-05-04,PROD0005,WH-NORTH,363,500,379,10,92.73,0.7,1
2024-05-05,PROD0005,WH-SOUTH,809,689,420,5,92.71,1.2,1
2024-05-06,PROD0005,WH-NORTH,1276,512,87,3,61.31,2.5,1
2024-05-07,PROD0005,WH-NORTH,604,593,392,9,52.06,1.0,1
2024-05-08,PROD0005,WH-NORTH,1268,443,21,11,11.89,2.9,1
2024-05-09,PROD0005,WH-SOUTH,492,562,398,12,184.66,0.9,1
2024-05-10,PROD0005,WH-EAST,478,449,290,3,87.56,1.1,1
2024-05-11,PROD0005,WH-NORTH,741,535,288,8,97.59,1.4,1
2024-05-12,PROD0005,WH-EAST,677,573,348,7,92.54,1.2,1
2024-05-13,PROD0005,WH-NORTH,1174,482,91,7,188.97,2.4,1
2024-05-14,PROD0005,WH-SOUTH,1134,683,305,9,180.54,1.7,1
2024-05-15,PROD0005,WH-EAST,584,651,457,14,151.01,0.9,1
2024-05-16,PROD0005,WH-EAST,1008,664,328,3,10.03,1.5,1
2024-05-17,PROD0005,WH-NORTH,622,393,186,7,99.46,1.6,1
2024-05-18,PROD0005,WH-SOUTH,582,452,258,12,34.05,1.3,1
2024-05-19,PROD0005,WH-SOUTH,0,420,420,3,77.12,0.0,1
2024-05-20,PROD0005,WH-SOUTH,1172,464,74,11,52.72,2.5,1
2024-05-21,PROD0005,WH-EAST,1032,460,116,3,21.77,2.2,1
2024-05-22,PROD0005,WH-SOUTH,989,482,153,3,50.04,2.1,1
2024-05-23,PROD0005,WH-NORTH,758,442,190,2,13.08,1.7,1
2024-05-24,PROD0005,WH-SOUTH,1219,618,212,2,190.05,2.0,1
2024-05-25,PROD0005,WH-EAST,0,425,425,11,137.95,0.0,1
2024-05-26,PROD0005,WH-EAST,1335,456,11,14,65.01,2.9,1
2024-05-27,PROD0005,WH-EAST,649,479,263,10,189.36,1.4,1
2024-05-28,PROD0005,WH-EAST,1327,575,133,8,46.18,2.3,1
2024-05-29,PROD0005,WH-SOUTH,403,489,355,7,155.39,0.8,1
2024-05-30,PROD0005,WH-NORTH,1322,551,111,10,147.26,2.4,1
2024-05-31,PROD0005,WH-EAST,1141,477,97,12,40.88,2.4,1
2024-06-01,PROD0005,WH-EAST,559,508,322,12,166.81,1.1,1
2024-06-02,PROD0005,WH-NORTH,1032,350,6,13,11.8,2.9,1
2024-06-03,PROD0005,WH-EAST,660,555,335,10,8.54,1.2,1
2024-06-04,PROD0005,WH-EAST,1095,416,51,14,148.65,2.6,1
2024-06-05,PROD0005,WH-SOUTH,824,290,16,3,63.81,2.8,1
2024-06-06,PROD0005,WH-EAST,1112,438,68,10,189.32,2.5,1
2024-06-07,PROD0005,WH-NORTH,486,388,226,11,102.71,1.3,1
2024-06-08,PROD0005,WH-EAST,718,545,306,3,48.46,1.3,1
2024-06-09,PROD0005,WH-EAST,258,537,451,6,79.05,0.5,1
2024-06-10,PROD0005,WH-SOUTH,350,520,404,6,68.48,0.7,1
2024-06-11,PROD0005,WH-NORTH,1336,511,66,7,90.64,2.6,1
2024-06-12,PROD0005,WH-SOUTH,496,619,454,8,120.73,0.8,1
2024-06-13,PROD0005,WH-NORTH,773,596,339,14,152.4,1.3,1
2024-06-14,PROD0005,WH-EAST,827,541,266,6,100.22,1.5,1
2024-06-15,PROD0005,WH-EAST,668,415,193,11,131.27,1.6,1
2024-06-16,PROD0005,WH-NORTH,789,396,133,3,152.9,2.0,1
2024-06-17,PROD0005,WH-SOUTH,1154,404,20,2,179.29,2.9,1
2024-06-18,PROD0005,WH-SOUTH,1216,578,173,9,22.07,2.1,1
2024-06-19,PROD0005,WH-SOUTH,731,671,428,6,154.38,1.1,1
2024-06-20,PROD0005,WH-EAST,573,405,214,10,149.27,1.4,1
2024-06-21,PROD0005,WH-SOUTH,406,547,412,13,121.23,0.7,1
2024-06-22,PROD0005,WH-EAST,339,461,348,14,177.28,0.7,1
2024-06-23,PROD0005,WH-SOUTH,1226,383,0,10,13.68,3.2,0
2024-06-24,PROD0005,WH-NORTH,0,383,383,14,111.78,0.0,1
2024-06-25,PROD0005,WH-SOUTH,464,412,258,7,148.51,1.1,1
2024-06-26,PROD0005,WH-EAST,800,451,185,14,99.74,1.8,1
2024-06-27,PROD0005,WH-SOUTH,1018,528,189,6,169.75,1.9,1
2024-06-28,PROD0005,WH-NORTH,438,480,334,7,42.3,0.9,1
2024-01-01,PROD0006,WH-NORTH,169,127,71,10,43.5,1.3,1
2024-01-02,PROD0006,WH-EAST,113,140,103,6,188.08,0.8,1
2024-01-03,PROD0006,WH-NORTH,342,104,0,2,117.25,3.3,0
2024-01-04,PROD0006,WH-NORTH,345,93,0,9,71.16,3.7,0
2024-01-05,PROD0006,WH-EAST,183,176,115,12,17.04,1.0,1
2024-01-06,PROD0006,WH-NORTH,234,159,81,9,35.49,1.5,1
2024-01-07,PROD0006,WH-NORTH,87,108,79,6,11.36,0.8,1
2024-01-08,PROD0006,WH-NORTH,132,109,65,13,157.69,1.2,1
2024-01-09,PROD0006,WH-SOUTH,113,96,59,5,52.55,1.2,1
2024-01-10,PROD0006,WH-SOUTH,208,138,69,6,89.71,1.5,1
2024-01-11,PROD0006,WH-EAST,262,119,32,3,118.22,2.2,1
2024-01-12,PROD0006,WH-EAST,237,153,74,9,151.75,1.5,1
2024-01-13,PROD0006,WH-EAST,252,92,8,6,57.35,2.7,1
2024-01-14,PROD0006,WH-EAST,129,94,51,9,35.61,1.4,1
2024-01-15,PROD0006,WH-SOUTH,343,99,0,8,103.4,3.5,0
2024-01-16,PROD0006,WH-SOUTH,347,120,5,5,83.85,2.9,1
2024-01-17,PROD0006,WH-EAST,200,95,29,5,153.84,2.1,1
2024-01-18,PROD0006,WH-NORTH,104,139,105,3,99.31,0.7,1
2024-01-19,PROD0006,WH-SOUTH,256,131,46,2,183.45,2.0,1
2024-01-20,PROD0006,WH-SOUTH,125,98,57,14,194.7,1.3,1
2024-01-21,PROD0006,WH-EAST,368,118,0,2,25.55,3.1,0
2024-01-22,PROD0006,WH-NORTH,68,102,80,10,16.37,0.7,1
2024-01-23,PROD0006,WH-EAST,102,147,113,10,168.13,0.7,1
2024-01-24,PROD0006,WH-NORTH,346,126,11,3,73.95,2.7,1
2024-01-25,PROD0006,WH-NORTH,314,93,0,11,99.38,3.4,0
2024-01-26,PROD0006,WH-SOUTH,143,149,102,11,161.68,1.0,1
2024-01-27,PROD0006,WH-SOUTH,71,115,92,2,102.52,0.6,1
2024-01-28,PROD0006,WH-SOUTH,187,139,77,2,190.36,1.3,1
2024-01-29,PROD0006,WH-NORTH,196,113,48,14,32.99,1.7,1
2024-01-30,PROD0006,WH-SOUTH,270,148,58,3,129.47,1.8,1
2024-01-31,PROD0006,WH-SOUTH,241,106,26,12,24.36,2.3,1
2024-02-01,PROD0006,WH-NORTH,78,134,108,2,108.23,0.6,1
2024-02-02,PROD0006,WH-SOUTH,75,110,85,11,178.55,0.7,1
2024-02-03,PROD0006,WH-EAST,191,91,28,3,12.25,2.1,1
2024-02-04,PROD0006,WH-SOUTH,386,129,1,4,174.12,3.0,1
2024-02-05,PROD0006,WH-EAST,365,106,0,5,86.66,3.4,0
2024-02-06,PROD0006,WH-EAST,94,141,110,4,27.17,0.7,1
2024-02-07,PROD0006,WH-EAST,216,190,118,12,194.86,1.1,1
2024-02-08,PROD0006,WH-NORTH,91,145,115,11,8.49,0.6,1
2024-02-09,PROD0006,WH-NORTH,0,103,103,7,169.88,0.0,1
2024-02-10,PROD0006,WH-SOUTH,302,105,5,14,12.71,2.9,1
2024-02-11,PROD0006,WH-SOUTH,274,145,54,10,165.94,1.9,1
2024-02-12,PROD0006,WH-EAST,352,129,12,13,109.18,2.7,1
2024-02-13,PROD0006,WH-EAST,139,113,67,3,178.5,1.2,1
2024-02-14,PROD0006,WH-NORTH,367,126,4,4,31.36,2.9,1
2024-02-15,PROD0006,WH-NORTH,375,91,0,3,62.86,4.1,0
2024-02-16,PROD0006,WH-EAST,280,140,47,12,190.39,2.0,1
2024-02-17,PROD0006,WH-EAST,349,152,36,3,103.64,2.3,1
2024-02-18,PROD0006,WH-EAST,194,110,46,6,93.63,1.8,1
2024-02-19,PROD0006,WH-NORTH,267,156,67,13,196.56,1.7,1
2024-02-20,PROD0006,WH-SOUTH,307,138,36,11,167.99,2.2,1
2024-02-21,PROD0006,WH-SOUTH,180,131,71,12,8.33,1.4,1
2024-02-22,PROD0006,WH-NORTH,332,178,68,10,101.1,1.9,1
2024-02-23,PROD0006,WH-NORTH,225,180,105,11,118.31,1.2,1
2024-02-24,PROD0006,WH-NORTH,300,141,41,3,127.88,2.1,1
2024-02-25,PROD0006,WH-EAST,181,145,85,2,60.14,1.2,1
2024-02-26,PROD0006,WH-SOUTH,132,137,93,12,87.02,1.0,1
2024-02-27,PROD0006,WH-NORTH,80,124,98,3,177.9,0.6,1
2024-02-28,PROD0006,WH-NORTH,282,131,37,7,41.19,2.2,1
2024-02-29,PROD0006,WH-SOUTH,382,145,18,2,138.88,2.6,1
2024-03-01,PROD0006,WH-EAST,131,106,63,6,30.44,1.2,1
2024-03-02,PROD0006,WH-NORTH,137,91,46,6,15.23,1.5,1
2024-03-03,PROD0006,WH-NORTH,241,161,81,2,17.44,1.5,1
2024-03-04,PROD0006,WH-SOUTH,258,153,67,9,184.64,1.7,1
2024-03-05,PROD0006,WH-NORTH,145,143,95,11,134.85,1.0,1
2024-03-06,PROD0006,WH-NORTH,88,123,94,2,169.09,0.7,1
2024-03-07,PROD0006,WH-SOUTH,308,126,24,14,162.68,2.4,1
2024-03-08,PROD0006,WH-EAST,199,119,53,7,21.97,1.7,1
2024-03-09,PROD0006,WH-NORTH,322,117,10,6,26.34,2.8,1
2024-03-10,PROD0006,WH-EAST,291,125,28,14,152.63,2.3,1
2024-03-11,PROD0006,WH-SOUTH,218,123,51,8,68.67,1.8,1
2024-03-12,PROD0006,WH-SOUTH,251,115,32,9,90.86,2.2,1
2024-03-13,PROD0006,WH-EAST,157,136,84,2,76.61,1.2,1
2024-03-14,PROD0006,WH-EAST,113,149,112,11,186.34,0.8,1
2024-03-15,PROD0006,WH-EAST,337,140,28,14,72.84,2.4,1
2024-03-16,PROD0006,WH-EAST,234,118,40,11,142.11,2.0,1
2024-03-17,PROD0006,WH-EAST,336,137,25,3,83.2,2.5,1
2024-03-18,PROD0006,WH-SOUTH,96,122,90,3,23.26,0.8,1
2024-03-19,PROD0006,WH-NORTH,147,78,29,4,62.09,1.9,1
2024-03-20,PROD0006,WH-SOUTH,181,136,76,9,47.28,1.3,1
2024-03-21,PROD0006,WH-SOUTH,359,108,0,3,185.0,3.3,0
2024-03-22,PROD0006,WH-NORTH,294,80,0,12,84.92,3.7,0
2024-03-23,PROD0006,WH-SOUTH,257,138,53,12,15.43,1.9,1
2024-03-24,PROD0006,WH-NORTH,66,103,81,12,196.19,0.6,1
2024-03-25,PROD0006,WH-NORTH,93,162,131,9,10.64,0.6,1
2024-03-26,PROD0006,WH-NORTH,76,158,133,9,46.58,0.5,1
2024-03-27,PROD0006,WH-EAST,135,151,106,12,166.51,0.9,1
2024-03-28,PROD0006,WH-SOUTH,366,142,20,11,79.23,2.6,1
2024-03-29,PROD0006,WH-NORTH,372,137,13,2,17.41,2.7,1
2024-03-30,PROD0006,WH-SOUTH,274,170,79,6,171.88,1.6,1
2024-03-31,PROD0006,WH-EAST,316,146,41,9,112.83,2.2,1
2024-04-01,PROD0006,WH-SOUTH,88,177,148,5,57.89,0.5,1
2024-04-02,PROD0006,WH-EAST,286,116,21,13,197.41,2.5,1
2024-04-03,PROD0006,WH-SOUTH,347,140,25,12,82.17,2.5,1
2024-04-04,PROD0006,WH-EAST,205,134,66,4,29.75,1.5,1
2024-04-05,PROD0006,WH-SOUTH,201,137,70,4,149.76,1.5,1
2024-04-06,PROD0006,WH-EAST,321,126,19,6,83.06,2.5,1
2024-04-07,PROD0006,WH-NORTH,368,136,14,12,141.83,2.7,1
2024-04-08,PROD0006,WH-EAST,262,175,88,8,81.23,1.5,1
2024-04-09,PROD0006,WH-SOUTH,224,159,85,5,153.44,1.4,1
2024-04-10,PROD0006,WH-SOUTH,139,168,122,11,159.54,0.8,1
2024-04-11,PROD0006,WH-NORTH,168,135,79,3,139.75,1.2,1
2024-04-12,PROD0006,WH-EAST,133,129,85,3,186.61,1.0,1
2024-04-13,PROD0006,WH-NORTH,201,115,48,12,25.51,1.7,1
2024-04-14,PROD0006,WH-EAST,284,112,18,11,170.33,2.5,1
2024-04-15,PROD0006,WH-EAST,202,157,90,7,93.31,1.3,1
2024-04-16,PROD0006,WH-EAST,185,137,76,5,196.87,1.4,1
2024-04-17,PROD0006,WH-SOUTH,168,122,66,12,60.28,1.4,1
2024-04-18,PROD0006,WH-NORTH,163,168,114,6,141.92,1.0,1
2024-04-19,PROD0006,WH-NORTH,275,103,12,8,153.02,2.7,1
2024-04-20,PROD0006,WH-SOUTH,218,156,84,10,155.49,1.4,1
2024-04-21,PROD0006,WH-EAST,334,164,53,9,160.42,2.0,1
2024-04-22,PROD0006,WH-NORTH,167,181,126,14,114.88,0.9,1
2024-04-23,PROD0006,WH-EAST,305,118,17,8,113.62,2.6,1
2024-04-24,PROD0006,WH-NORTH,289,130,34,13,125.93,2.2,1
2024-04-25,PROD0006,WH-SOUTH,298,131,32,2,121.8,2.3,1
2024-04-26,PROD0006,WH-EAST,220,133,60,3,108.47,1.7,1
2024-04-27,PROD0006,WH-NORTH,192,114,50,13,176.36,1.7,1
2024-04-28,PROD0006,WH-SOUTH,259,133,47,3,88.07,1.9,1
2024-04-29,PROD0006,WH-EAST,176,121,63,13,146.12,1.5,1
2024-04-30,PROD0006,WH-SOUTH,354,120,2,4,149.24,3.0,1
2024-05-01,PROD0006,WH-EAST,261,74,0,13,150.3,3.5,0
2024-05-02,PROD0006,WH-NORTH,81,124,97,3,153.62,0.7,1
2024-05-03,PROD0006,WH-SOUTH,102,151,117,11,32.21,0.7,1
2024-05-04,PROD0006,WH-NORTH,243,159,78,5,52.08,1.5,1
2024-05-05,PROD0006,WH-NORTH,221,149,76,13,143.15,1.5,1
2024-05-06,PROD0006,WH-SOUTH,133,140,96,3,87.8,0.9,1
2024-05-07,PROD0006,WH-NORTH,373,114,0,6,159.28,3.3,0
2024-05-08,PROD0006,WH-NORTH,224,91,17,4,44.3,2.5,1
2024-05-09,PROD0006,WH-NORTH,222,118,44,12,179.7,1.9,1
2024-05-10,PROD0006,WH-SOUTH,0,113,113,4,11.76,0.0,1
2024-05-11,PROD0006,WH-EAST,148,83,34,9,17.77,1.8,1
2024-05-12,PROD0006,WH-SOUTH,293,98,1,2,195.62,3.0,1
2024-05-13,PROD0006,WH-SOUTH,108,83,47,5,190.7,1.3,1
2024-05-14,PROD0006,WH-NORTH,355,55,0,14,117.06,6.5,0
2024-05-15,PROD0006,WH-EAST,285,97,2,14,193.71,2.9,1
2024-05-16,PROD0006,WH-EAST,260,167,81,14,40.52,1.6,1
2024-05-17,PROD0006,WH-EAST,210,137,67,12,24.41,1.5,1
2024-05-18,PROD0006,WH-NORTH,374,162,38,4,118.68,2.3,1
2024-05-19,PROD0006,WH-NORTH,97,148,116,5,132.84,0.7,1
2024-05-20,PROD0006,WH-SOUTH,0,140,140,5,77.73,0.0,1
2024-05-21,PROD0006,WH-EAST,344,129,15,6,191.16,2.7,1
2024-05-22,PROD0006,WH-EAST,332,121,11,13,175.99,2.7,1
2024-05-23,PROD0006,WH-NORTH,299,135,36,2,113.75,2.2,1
2024-05-24,PROD0006,WH-SOUTH,317,141,36,13,172.72,2.2,1
2024-05-25,PROD0006,WH-SOUTH,308,68,0,5,119.03,4.5,0
2024-05-26,PROD0006,WH-NORTH,333,138,27,10,195.11,2.4,1
2024-05-27,PROD0006,WH-NORTH,231,103,26,3,48.91,2.2,1
2024-05-28,PROD0006,WH-EAST,382,118,0,10,41.23,3.2,0
2024-05-29,PROD0006,WH-EAST,66,122,100,5,92.04,0.5,1
2024-05-30,PROD0006,WH-NORTH,184,135,74,9,169.28,1.4,1
2024-05-31,PROD0006,WH-NORTH,240,115,35,10,5.61,2.1,1
2024-06-01,PROD0006,WH-EAST,207,167,98,9,178.14,1.2,1
2024-06-02,PROD0006,WH-SOUTH,95,139,108,2,135.87,0.7,1
2024-06-03,PROD0006,WH-SOUTH,249,98,15,7,66.07,2.5,1
2024-06-04,PROD0006,WH-SOUTH,0,178,178,5,184.05,0.0,1
2024-06-05,PROD0006,WH-EAST,168,138,82,4,171.54,1.2,1
2024-06-06,PROD0006,WH-EAST,97,157,125,2,135.21,0.6,1
2024-06-07,PROD0006,WH-EAST,326,112,4,5,105.91,2.9,1
2024-06-08,PROD0006,WH-SOUTH,108,108,72,9,98.84,1.0,1
2024-06-09,PROD0006,WH-SOUTH,379,171,45,10,99.83,2.2,1
2024-06-10,PROD0006,WH-SOUTH,384,111,0,3,67.62,3.5,0
2024-06-11,PROD0006,WH-NORTH,338,151,39,13,11.5,2.2,1
2024-06-12,PROD0006,WH-NORTH,198,132,66,12,178.58,1.5,1
2024-06-13,PROD0006,WH-NORTH,289,103,7,3,24.47,2.8,1
2024-06-14,PROD0006,WH-NORTH,203,131,64,11,69.82,1.5,1
2024-06-15,PROD0006,WH-NORTH,0,119,119,9,45.08,0.0,1
2024-06-16,PROD0006,WH-SOUTH,285,141,46,11,20.05,2.0,1
2024-06-17,PROD0006,WH-NORTH,214,140,69,9,116.59,1.5,1
2024-06-18,PROD0006,WH-NORTH,95,125,94,2,179.75,0.8,1
2024-06-19,PROD0006,WH-EAST,156,124,72,4,13.79,1.3,1
2024-06-20,PROD0006,WH-EAST,123,136,95,6,29.76,0.9,1
2024-06-21,PROD0006,WH-SOUTH,203,138,71,5,33.75,1.5,1
2024-06-22,PROD0006,WH-SOUTH,84,171,143,4,117.23,0.5,1
2024-06-23,PROD0006,WH-NORTH,259,88,2,8,162.38,2.9,1
2024-06-24,PROD0006,WH-SOUTH,0,162,162,4,181.77,0.0,1
2024-06-25,PROD0006,WH-SOUTH,305,115,14,9,112.0,2.7,1
2024-06-26,PROD0006,WH-EAST,337,110,0,7,7.18,3.1,0
2024-06-27,PROD0006,WH-EAST,380,99,0,14,161.43,3.8,0
2024-06-28,PROD0006,WH-EAST,341,155,42,6,59.15,2.2,1
2024-01-01,PROD0007,WH-EAST,358,260,141,13,145.26,1.4,1
2024-01-02,PROD0007,WH-NORTH,440,290,144,2,194.1,1.5,1
2024-01-03,PROD0007,WH-EAST,313,172,68,7,181.32,1.8,1
2024-01-04,PROD0007,WH-SOUTH,763,392,138,9,160.53,1.9,1
2024-01-05,PROD0007,WH-NORTH,326,251,143,2,27.82,1.3,1
2024-01-06,PROD0007,WH-EAST,350,221,105,5,11.91,1.6,1
2024-01-07,PROD0007,WH-SOUTH,803,311,44,12,20.3,2.6,1
2024-01-08,PROD0007,WH-EAST,563,307,120,9,8.73,1.8,1
2024-01-09,PROD0007,WH-SOUTH,185,235,174,8,75.07,0.8,1
2024-01-10,PROD0007,WH-SOUTH,169,266,210,2,9.39,0.6,1
2024-01-11,PROD0007,WH-SOUTH,620,271,65,6,126.54,2.3,1
2024-01-12,PROD0007,WH-SOUTH,337,199,87,7,38.23,1.7,1
2024-01-13,PROD0007,WH-EAST,412,335,198,11,122.98,1.2,1
2024-01-14,PROD0007,WH-NORTH,227,306,231,3,193.41,0.7,1
2024-01-15,PROD0007,WH-EAST,496,229,64,7,149.0,2.2,1
2024-01-16,PROD0007,WH-SOUTH,252,326,242,7,39.49,0.8,1
2024-01-17,PROD0007,WH-EAST,583,306,112,3,76.79,1.9,1
2024-01-18,PROD0007,WH-NORTH,299,266,167,9,174.26,1.1,1
2024-01-19,PROD0007,WH-SOUTH,768,282,26,6,18.88,2.7,1
2024-01-20,PROD0007,WH-EAST,781,232,0,12,80.52,3.4,0
2024-01-21,PROD0007,WH-NORTH,264,289,201,12,12.77,0.9,1
2024-01-22,PROD0007,WH-NORTH,695,310,79,11,94.42,2.2,1
2024-01-23,PROD0007,WH-SOUTH,456,262,110,8,24.43,1.7,1
2024-01-24,PROD0007,WH-SOUTH,325,149,41,7,153.41,2.2,1
2024-01-25,PROD0007,WH-NORTH,573,264,73,6,138.22,2.2,1
2024-01-26,PROD0007,WH-NORTH,290,341,245,3,171.95,0.9,1
2024-01-27,PROD0007,WH-EAST,676,312,87,4,58.01,2.2,1
2024-01-28,PROD0007,WH-EAST,657,269,50,13,35.64,2.4,1
2024-01-29,PROD0007,WH-SOUTH,529,189,13,11,23.0,2.8,1
2024-01-30,PROD0007,WH-EAST,339,348,235,6,8.9,1.0,1
2024-01-31,PROD0007,WH-SOUTH,139,178,132,7,170.89,0.8,1
2024-02-01,PROD0007,WH-EAST,411,299,162,4,130.65,1.4,1
2024-02-02,PROD0007,WH-EAST,332,240,130,9,114.23,1.4,1
2024-02-03,PROD0007,WH-EAST,301,233,133,12,162.08,1.3,1
2024-02-04,PROD0007,WH-EAST,420,223,83,9,185.42,1.9,1
2024-02-05,PROD0007,WH-SOUTH,304,256,155,3,114.77,1.2,1
2024-02-06,PROD0007,WH-SOUTH,717,276,37,4,170.1,2.6,1
2024-02-07,PROD0007,WH-SOUTH,431,230,87,13,190.33,1.9,1
2024-02-08,PROD0007,WH-NORTH,648,251,35,11,28.5,2.6,1
2024-02-09,PROD0007,WH-SOUTH,394,291,160,11,133.28,1.4,1
2024-02-10,PROD0007,WH-SOUTH,551,320,137,11,101.76,1.7,1
2024-02-11,PROD0007,WH-SOUTH,675,280,55,7,117.16,2.4,1
2024-02-12,PROD0007,WH-EAST,153,267,216,8,148.06,0.6,1
2024-02-13,PROD0007,WH-SOUTH,538,298,119,9,14.05,1.8,1
2024-02-14,PROD0007,WH-SOUTH,342,383,269,9,193.36,0.9,1
2024-02-15,PROD0007,WH-SOUTH,320,423,317,9,189.2,0.8,1
2024-02-16,PROD0007,WH-EAST,173,184,127,2,140.96,0.9,1
2024-02-17,PROD0007,WH-EAST,310,183,80,14,126.08,1.7,1
2024-02-18,PROD0007,WH-SOUTH,559,379,193,14,68.14,1.5,1
2024-02-19,PROD0007,WH-SOUTH,283,153,59,13,112.17,1.8,1
2024-02-20,PROD0007,WH-EAST,378,397,271,12,132.63,1.0,1
2024-02-21,PROD0007,WH-NORTH,647,192,0,7,139.52,3.4,0
2024-02-22,PROD0007,WH-SOUTH,0,337,337,2,199.94,0.0,1
2024-02-23,PROD0007,WH-NORTH,666,379,157,9,186.06,1.8,1
2024-02-24,PROD0007,WH-EAST,455,192,41,13,156.05,2.4,1
2024-02-25,PROD0007,WH-SOUTH,593,202,5,2,189.62,2.9,1
2024-02-26,PROD0007,WH-NORTH,513,283,112,13,176.87,1.8,1
2024-02-27,PROD0007,WH-SOUTH,151,371,321,14,123.97,0.4,1
2024-02-28,PROD0007,WH-SOUTH,157,261,209,8,137.86,0.6,1
2024-02-29,PROD0007,WH-SOUTH,572,248,58,5,139.93,2.3,1
2024-03-01,PROD0007,WH-EAST,167,335,280,8,161.38,0.5,1
2024-03-02,PROD0007,WH-EAST,473,236,79,10,54.93,2.0,1
2024-03-03,PROD0007,WH-SOUTH,325,287,179,11,199.02,1.1,1
2024-03-04,PROD0007,WH-SOUTH,778,225,0,2,171.63,3.5,0
2024-03-05,PROD0007,WH-SOUTH,602,244,44,11,39.31,2.5,1
2024-03-06,PROD0007,WH-SOUTH,186,324,262,10,17.09,0.6,1
2024-03-07,PROD0007,WH-NORTH,560,284,98,9,135.63,2.0,1
2024-03-08,PROD0007,WH-SOUTH,282,291,197,13,118.01,1.0,1
2024-03-09,PROD0007,WH-SOUTH,232,274,197,6,50.18,0.8,1
2024-03-10,PROD0007,WH-SOUTH,721,300,60,11,59.87,2.4,1
2024-03-11,PROD0007,WH-SOUTH,511,221,51,12,117.56,2.3,1
2024-03-12,PROD0007,WH-NORTH,216,227,155,11,170.17,1.0,1
2024-03-13,PROD0007,WH-NORTH,421,331,191,3,198.23,1.3,1
2024-03-14,PROD0007,WH-SOUTH,811,205,0,8,183.39,4.0,0
2024-03-15,PROD0007,WH-NORTH,537,253,74,12,33.29,2.1,1
2024-03-16,PROD0007,WH-NORTH,518,309,137,7,122.53,1.7,1
2024-03-17,PROD0007,WH-SOUTH,397,177,45,12,118.03,2.2,1
2024-03-18,PROD0007,WH-EAST,766,312,57,12,45.52,2.5,1
2024-03-19,PROD0007,WH-EAST,463,330,176,13,177.6,1.4,1
2024-03-20,PROD0007,WH-SOUTH,476,264,106,13,98.47,1.8,1
2024-03-21,PROD0007,WH-SOUTH,344,303,189,2,148.35,1.1,1
2024-03-22,PROD0007,WH-NORTH,257,425,340,12,159.61,0.6,1
2024-03-23,PROD0007,WH-NORTH,812,281,11,8,35.88,2.9,1
2024-03-24,PROD0007,WH-SOUTH,375,371,246,11,123.23,1.0,1
2024-03-25,PROD0007,WH-EAST,324,302,194,6,136.74,1.1,1
2024-03-26,PROD0007,WH-EAST,452,260,110,13,94.97,1.7,1
2024-03-27,PROD0007,WH-NORTH,617,232,27,13,104.49,2.7,1
2024-03-28,PROD0007,WH-NORTH,318,236,130,10,193.67,1.3,1
2024-03-29,PROD0007,WH-SOUTH,436,210,65,6,102.08,2.1,1
2024-03-30,PROD0007,WH-SOUTH,192,153,89,8,142.47,1.3,1
2024-03-31,PROD0007,WH-SOUTH,718,242,3,11,191.65,3.0,1
2024-04-01,PROD0007,WH-SOUTH,645,246,31,9,47.98,2.6,1
2024-04-02,PROD0007,WH-NORTH,588,295,99,6,8.94,2.0,1
2024-04-03,PROD0007,WH-NORTH,448,374,225,4,121.05,1.2,1
2024-04-04,PROD0007,WH-EAST,683,326,99,5,94.0,2.1,1
2024-04-05,PROD0007,WH-NORTH,383,306,179,6,125.96,1.3,1
2024-04-06,PROD0007,WH-NORTH,286,269,174,3,118.58,1.1,1
2024-04-07,PROD0007,WH-NORTH,585,191,0,13,68.04,3.1,0
2024-04-08,PROD0007,WH-NORTH,341,357,244,3,163.46,1.0,1
2024-04-09,PROD0007,WH-EAST,628,189,0,13,94.93,3.3,0
2024-04-10,PROD0007,WH-SOUTH,521,283,110,7,85.9,1.8,1
2024-04-11,PROD0007,WH-NORTH,294,335,237,13,186.98,0.9,1
2024-04-12,PROD0007,WH-SOUTH,814,283,12,5,93.36,2.9,1
2024-04-13,PROD0007,WH-NORTH,687,278,49,2,24.05,2.5,1
2024-04-14,PROD0007,WH-NORTH,735,344,99,8,35.51,2.1,1
2024-04-15,PROD0007,WH-NORTH,555,342,157,13,137.07,1.6,1
2024-04-16,PROD0007,WH-SOUTH,313,137,33,3,45.7,2.3,1
2024-04-17,PROD0007,WH-SOUTH,606,240,38,2,38.36,2.5,1
2024-04-18,PROD0007,WH-SOUTH,578,301,109,5,71.57,1.9,1
2024-04-19,PROD0007,WH-EAST,699,253,20,13,171.42,2.8,1
2024-04-20,PROD0007,WH-SOUTH,811,170,0,7,15.26,4.8,0
2024-04-21,PROD0007,WH-EAST,763,342,88,7,124.19,2.2,1
2024-04-22,PROD0007,WH-EAST,755,216,0,8,16.33,3.5,0
2024-04-23,PROD0007,WH-EAST,544,332,151,6,160.35,1.6,1
2024-04-24,PROD0007,WH-SOUTH,803,258,0,11,90.22,3.1,0
2024-04-25,PROD0007,WH-SOUTH,756,318,66,8,34.19,2.4,1
2024-04-26,PROD0007,WH-SOUTH,0,286,286,4,40.0,0.0,1
2024-04-27,PROD0007,WH-SOUTH,174,237,179,12,150.5,0.7,1
2024-04-28,PROD0007,WH-EAST,476,296,138,14,100.95,1.6,1
2024-04-29,PROD0007,WH-SOUTH,638,339,127,3,159.7,1.9,1
2024-04-30,PROD0007,WH-NORTH,340,182,69,8,15.83,1.9,1
2024-05-01,PROD0007,WH-SOUTH,187,282,220,7,182.55,0.7,1
2024-05-02,PROD0007,WH-SOUTH,164,269,215,13,111.94,0.6,1
2024-05-03,PROD0007,WH-SOUTH,167,300,245,3,180.95,0.6,1
2024-05-04,PROD0007,WH-NORTH,752,232,0,11,194.72,3.2,0
2024-05-05,PROD0007,WH-NORTH,410,269,133,10,110.07,1.5,1
2024-05-06,PROD0007,WH-NORTH,611,302,99,7,164.73,2.0,1
2024-05-07,PROD0007,WH-NORTH,583,283,89,8,104.42,2.1,1
2024-05-08,PROD0007,WH-SOUTH,732,352,108,2,62.2,2.1,1
2024-05-09,PROD0007,WH-SOUTH,519,270,97,4,175.45,1.9,1
2024-05-10,PROD0007,WH-SOUTH,766,327,72,12,110.1,2.3,1
2024-05-11,PROD0007,WH-SOUTH,427,264,122,5,88.06,1.6,1
2024-05-12,PROD0007,WH-NORTH,528,274,98,11,150.91,1.9,1
2024-05-13,PROD0007,WH-SOUTH,637,284,72,6,28.69,2.2,1
2024-05-14,PROD0007,WH-NORTH,448,219,70,2,160.32,2.0,1
2024-05-15,PROD0007,WH-NORTH,701,251,18,13,149.8,2.8,1
2024-05-16,PROD0007,WH-SOUTH,0,281,281,9,112.95,0.0,1
2024-05-17,PROD0007,WH-NORTH,386,291,163,10,126.9,1.3,1
2024-05-18,PROD0007,WH-NORTH,762,312,58,8,88.43,2.4,1
2024-05-19,PROD0007,WH-NORTH,629,288,79,10,153.15,2.2,1
2024-05-20,PROD0007,WH-SOUTH,339,289,176,5,7.08,1.2,1
2024-05-21,PROD0007,WH-NORTH,211,207,137,13,75.89,1.0,1
2024-05-22,PROD0007,WH-SOUTH,465,199,44,9,182.76,2.3,1
2024-05-23,PROD0007,WH-NORTH,744,256,8,4,138.96,2.9,1
2024-05-24,PROD0007,WH-SOUTH,166,353,298,14,60.88,0.5,1
2024-05-25,PROD0007,WH-EAST,401,162,29,10,10.71,2.5,1
2024-05-26,PROD0007,WH-SOUTH,255,296,211,14,83.98,0.9,1
2024-05-27,PROD0007,WH-EAST,418,318,179,10,12.47,1.3,1
2024-05-28,PROD0007,WH-NORTH,379,320,194,14,18.62,1.2,1
2024-05-29,PROD0007,WH-SOUTH,624,207,0,13,51.99,3.0,0
2024-05-30,PROD0007,WH-SOUTH,178,316,257,11,73.59,0.6,1
2024-05-31,PROD0007,WH-SOUTH,219,291,218,14,19.99,0.8,1
2024-06-01,PROD0007,WH-EAST,615,254,49,8,175.81,2.4,1
2024-06-02,PROD0007,WH-NORTH,405,338,203,8,171.9,1.2,1
2024-06-03,PROD0007,WH-NORTH,172,258,201,8,105.12,0.7,1
2024-06-04,PROD0007,WH-SOUTH,177,283,224,6,75.12,0.6,1
2024-06-05,PROD0007,WH-NORTH,683,300,73,8,124.82,2.3,1
2024-06-06,PROD0007,WH-NORTH,680,330,104,12,173.11,2.1,1
2024-06-07,PROD0007,WH-EAST,474,278,120,5,129.02,1.7,1
2024-06-08,PROD0007,WH-NORTH,174,265,207,8,80.95,0.7,1
2024-06-09,PROD0007,WH-NORTH,503,298,131,13,152.27,1.7,1
2024-06-10,PROD0007,WH-SOUTH,0,281,281,2,48.9,0.0,1
2024-06-11,PROD0007,WH-EAST,688,233,4,8,5.26,3.0,1
2024-06-12,PROD0007,WH-NORTH,783,189,0,8,58.8,4.1,0
2024-06-13,PROD0007,WH-SOUTH,722,254,14,7,126.64,2.8,1
2024-06-14,PROD0007,WH-EAST,736,316,71,7,150.78,2.3,1
2024-06-15,PROD0007,WH-SOUTH,694,273,42,2,29.67,2.5,1
2024-06-16,PROD0007,WH-SOUTH,244,231,150,7,27.15,1.1,1
2024-06-17,PROD0007,WH-NORTH,263,213,126,7,184.62,1.2,1
2024-06-18,PROD0007,WH-SOUTH,216,304,232,9,69.04,0.7,1
2024-06-19,PROD0007,WH-EAST,463,160,6,14,5.05,2.9,1
2024-06-20,PROD0007,WH-NORTH,152,259,209,10,68.47,0.6,1
2024-06-21,PROD0007,WH-SOUTH,137,333,288,5,40.84,0.4,1
2024-06-22,PROD0007,WH-SOUTH,500,251,85,2,27.83,2.0,1
2024-06-23,PROD0007,WH-NORTH,360,293,173,3,161.19,1.2,1
2024-06-24,PROD0007,WH-NORTH,653,213,0,13,75.48,3.1,0
2024-06-25,PROD0007,WH-EAST,277,251,159,13,28.47,1.1,1
2024-06-26,PROD0007,WH-NORTH,484,229,68,6,24.86,2.1,1
2024-06-27,PROD0007,WH-NORTH,151,263,213,9,55.37,0.6,1
2024-06-28,PROD0007,WH-SOUTH,635,405,194,8,118.19,1.6,1
2024-01-01,PROD0008,WH-NORTH,493,358,194,9,84.4,1.4,1
2024-01-02,PROD0008,WH-EAST,696,359,127,6,92.37,1.9,1
2024-01-03,PROD0008,WH-NORTH,849,359,76,2,115.63,2.4,1
2024-01-04,PROD0008,WH-SOUTH,1255,531,113,2,76.56,2.4,1
2024-01-05,PROD0008,WH-SOUTH,476,552,394,3,34.0,0.9,1
2024-01-06,PROD0008,WH-SOUTH,482,566,406,11,21.88,0.9,1
2024-01-07,PROD0008,WH-NORTH,1009,315,0,11,48.26,3.2,0
2024-01-08,PROD0008,WH-NORTH,1278,364,0,8,73.24,3.5,0
2024-01-09,PROD0008,WH-SOUTH,1067,531,176,13,193.9,2.0,1
2024-01-10,PROD0008,WH-SOUTH,1185,432,37,10,153.32,2.7,1
2024-01-11,PROD0008,WH-EAST,678,357,131,7,198.49,1.9,1
2024-01-12,PROD0008,WH-NORTH,517,559,387,10,92.31,0.9,1
2024-01-13,PROD0008,WH-SOUTH,896,430,132,14,49.51,2.1,1
2024-01-14,PROD0008,WH-NORTH,0,637,637,14,165.81,0.0,1
2024-01-15,PROD0008,WH-EAST,526,453,278,10,128.11,1.2,1
2024-01-16,PROD0008,WH-SOUTH,700,487,254,2,124.06,1.4,1
2024-01-17,PROD0008,WH-NORTH,1091,618,255,6,6.12,1.8,1
2024-01-18,PROD0008,WH-SOUTH,1236,490,78,8,105.44,2.5,1
2024-01-19,PROD0008,WH-EAST,797,407,142,4,80.8,2.0,1
2024-01-20,PROD0008,WH-SOUTH,808,470,201,8,44.49,1.7,1
2024-01-21,PROD0008,WH-SOUTH,840,371,91,5,108.33,2.3,1
2024-01-22,PROD0008,WH-NORTH,1405,569,101,2,115.03,2.5,1
2024-01-23,PROD0008,WH-EAST,274,340,249,10,38.1,0.8,1
2024-01-24,PROD0008,WH-EAST,1060,448,95,13,184.83,2.4,1
2024-01-25,PROD0008,WH-EAST,0,484,484,12,126.94,0.0,1
2024-01-26,PROD0008,WH-SOUTH,733,529,285,10,187.23,1.4,1
2024-01-27,PROD0008,WH-EAST,1058,305,0,3,176.48,3.5,0
2024-01-28,PROD0008,WH-SOUTH,252,357,273,14,103.32,0.7,1
2024-01-29,PROD0008,WH-NORTH,1324,443,2,9,119.66,3.0,1
2024-01-30,PROD0008,WH-SOUTH,680,405,179,8,67.89,1.7,1
2024-01-31,PROD0008,WH-NORTH,1349,655,206,12,92.67,2.1,1
2024-02-01,PROD0008,WH-SOUTH,359,567,448,11,91.36,0.6,1
2024-02-02,PROD0008,WH-NORTH,498,578,412,10,46.36,0.9,1
2024-02-03,PROD0008,WH-EAST,891,469,172,6,55.2,1.9,1
2024-02-04,PROD0008,WH-EAST,873,474,183,2,189.1,1.8,1
2024-02-05,PROD0008,WH-SOUTH,1367,500,45,8,180.51,2.7,1
2024-02-06,PROD0008,WH-EAST,619,405,199,9,183.62,1.5,1
2024-02-07,PROD0008,WH-EAST,457,415,263,10,139.11,1.1,1
2024-02-08,PROD0008,WH-EAST,743,407,160,8,63.04,1.8,1
2024-02-09,PROD0008,WH-EAST,1295,419,0,6,48.4,3.1,0
2024-02-10,PROD0008,WH-EAST,268,601,512,2,169.16,0.4,1
2024-02-11,PROD0008,WH-SOUTH,1341,505,58,13,184.78,2.7,1
2024-02-12,PROD0008,WH-SOUTH,527,591,416,13,175.99,0.9,1
2024-02-13,PROD0008,WH-SOUTH,582,367,173,14,191.16,1.6,1
2024-02-14,PROD0008,WH-NORTH,820,459,186,5,128.19,1.8,1
2024-02-15,PROD0008,WH-NORTH,578,337,145,9,135.39,1.7,1
2024-02-16,PROD0008,WH-SOUTH,702,534,300,11,122.45,1.3,1
2024-02-17,PROD0008,WH-EAST,473,549,392,4,92.67,0.9,1
2024-02-18,PROD0008,WH-EAST,1102,462,95,11,98.13,2.4,1
2024-02-19,PROD0008,WH-SOUTH,0,455,455,10,58.48,0.0,1
2024-02-20,PROD0008,WH-NORTH,1333,487,43,14,27.41,2.7,1
2024-02-21,PROD0008,WH-EAST,1398,403,0,11,141.1,3.5,0
2024-02-22,PROD0008,WH-SOUTH,849,506,223,7,128.07,1.7,1
2024-02-23,PROD0008,WH-SOUTH,1259,442,23,10,158.71,2.8,1
2024-02-24,PROD0008,WH-NORTH,719,558,319,11,123.38,1.3,1
2024-02-25,PROD0008,WH-EAST,1413,534,63,6,13.52,2.6,1
2024-02-26,PROD0008,WH-SOUTH,1035,475,130,3,49.39,2.2,1
2024-02-27,PROD0008,WH-EAST,1347,556,107,10,107.49,2.4,1
2024-02-28,PROD0008,WH-NORTH,1420,608,135,10,134.95,2.3,1
2024-02-29,PROD0008,WH-SOUTH,424,403,262,8,131.59,1.1,1
2024-03-01,PROD0008,WH-SOUTH,1122,419,45,8,196.68,2.7,1
2024-03-02,PROD0008,WH-EAST,684,561,333,2,114.11,1.2,1
2024-03-03,PROD0008,WH-NORTH,612,511,307,13,64.55,1.2,1
2024-03-04,PROD0008,WH-SOUTH,413,485,348,2,131.27,0.9,1
2024-03-05,PROD0008,WH-NORTH,276,421,329,8,85.46,0.7,1
2024-03-06,PROD0008,WH-SOUTH,1228,457,48,3,60.52,2.7,1
2024-03-07,PROD0008,WH-NORTH,1174,570,179,2,14.16,2.1,1
2024-03-08,PROD0008,WH-SOUTH,1236,552,140,6,71.26,2.2,1
2024-03-09,PROD0008,WH-NORTH,610,537,334,2,23.74,1.1,1
2024-03-10,PROD0008,WH-EAST,1259,622,203,9,146.8,2.0,1
2024-03-11,PROD0008,WH-NORTH,1269,350,0,14,165.34,3.6,0
2024-03-12,PROD0008,WH-EAST,1220,548,142,12,112.24,2.2,1
2024-03-13,PROD0008,WH-EAST,844,434,153,5,16.02,1.9,1
2024-03-14,PROD0008,WH-SOUTH,369,487,364,14,180.69,0.8,1
2024-03-15,PROD0008,WH-EAST,919,415,109,9,16.53,2.2,1
2024-03-16,PROD0008,WH-NORTH,1136,338,0,9,23.18,3.4,0
2024-03-17,PROD0008,WH-EAST,1038,449,103,4,74.73,2.3,1
2024-03-18,PROD0008,WH-SOUTH,449,571,422,14,55.16,0.8,1
2024-03-19,PROD0008,WH-SOUTH,609,448,245,14,135.94,1.4,1
2024-03-20,PROD0008,WH-NORTH,1044,365,17,7,194.77,2.9,1
2024-03-21,PROD0008,WH-EAST,578,659,467,6,20.51,0.9,1
2024-03-22,PROD0008,WH-SOUTH,846,494,212,5,144.82,1.7,1
2024-03-23,PROD0008,WH-EAST,1412,477,7,13,102.21,3.0,1
2024-03-24,PROD0008,WH-EAST,909,391,88,13,41.52,2.3,1
2024-03-25,PROD0008,WH-SOUTH,550,583,400,7,36.91,0.9,1
2024-03-26,PROD0008,WH-NORTH,1176,506,114,2,162.14,2.3,1
2024-03-27,PROD0008,WH-SOUTH,357,364,245,13,50.04,1.0,1
2024-03-28,PROD0008,WH-SOUTH,1393,538,74,9,142.46,2.6,1
2024-03-29,PROD0008,WH-NORTH,591,439,242,5,156.26,1.3,1
2024-03-30,PROD0008,WH-EAST,608,604,402,8,190.0,1.0,1
2024-03-31,PROD0008,WH-EAST,1332,458,14,6,176.24,2.9,1
2024-04-01,PROD0008,WH-NORTH,1312,786,349,6,129.08,1.7,1
2024-04-02,PROD0008,WH-EAST,1152,586,202,9,34.32,2.0,1
2024-04-03,PROD0008,WH-SOUTH,848,583,301,3,114.77,1.5,1
2024-04-04,PROD0008,WH-EAST,251,362,279,3,9.25,0.7,1
2024-04-05,PROD0008,WH-EAST,587,393,198,10,37.18,1.5,1
2024-04-06,PROD0008,WH-EAST,920,419,113,6,30.57,2.2,1
2024-04-07,PROD0008,WH-EAST,663,512,291,9,194.07,1.3,1
2024-04-08,PROD0008,WH-NORTH,299,513,414,6,105.57,0.6,1
2024-04-09,PROD0008,WH-EAST,673,556,332,3,75.52,1.2,1
2024-04-10,PROD0008,WH-SOUTH,1253,515,98,5,56.58,2.4,1
2024-04-11,PROD0008,WH-NORTH,657,679,460,14,48.48,1.0,1
2024-04-12,PROD0008,WH-NORTH,483,462,301,13,174.49,1.0,1
2024-04-13,PROD0008,WH-NORTH,263,436,349,3,188.3,0.6,1
2024-04-14,PROD0008,WH-EAST,525,370,195,6,51.54,1.4,1
2024-04-15,PROD0008,WH-SOUTH,1175,586,195,11,9.01,2.0,1
2024-04-16,PROD0008,WH-EAST,803,429,162,3,35.43,1.9,1
2024-04-17,PROD0008,WH-SOUTH,1188,548,152,12,34.68,2.2,1
2024-04-18,PROD0008,WH-SOUTH,1400,594,128,6,56.2,2.4,1
2024-04-19,PROD0008,WH-EAST,936,356,44,9,15.11,2.6,1
2024-04-20,PROD0008,WH-SOUTH,308,481,379,2,126.23,0.6,1
2024-04-21,PROD0008,WH-SOUTH,1001,622,289,12,47.38,1.6,1
2024-04-22,PROD0008,WH-SOUTH,769,428,172,13,133.07,1.8,1
2024-04-23,PROD0008,WH-NORTH,394,501,370,2,191.77,0.8,1
2024-04-24,PROD0008,WH-SOUTH,831,194,0,13,100.76,4.3,0
2024-04-25,PROD0008,WH-NORTH,1184,345,0,9,122.83,3.4,0
2024-04-26,PROD0008,WH-SOUTH,856,493,208,4,141.57,1.7,1
2024-04-27,PROD0008,WH-NORTH,981,400,73,8,115.31,2.5,1
2024-04-28,PROD0008,WH-SOUTH,369,369,246,6,57.2,1.0,1
2024-04-29,PROD0008,WH-EAST,890,593,297,7,93.21,1.5,1
2024-04-30,PROD0008,WH-EAST,1097,349,0,4,82.96,3.1,0
2024-05-01,PROD0008,WH-SOUTH,359,556,437,3,66.56,0.6,1
2024-05-02,PROD0008,WH-SOUTH,1103,581,214,6,92.03,1.9,1
2024-05-03,PROD0008,WH-SOUTH,1426,534,59,12,69.64,2.7,1
2024-05-04,PROD0008,WH-NORTH,506,306,138,12,91.96,1.7,1
2024-05-05,PROD0008,WH-SOUTH,1186,542,147,9,69.25,2.2,1
2024-05-06,PROD0008,WH-SOUTH,696,453,221,13,23.48,1.5,1
2024-05-07,PROD0008,WH-NORTH,299,389,290,14,8.98,0.8,1
2024-05-08,PROD0008,WH-SOUTH,290,497,401,6,134.27,0.6,1
2024-05-09,PROD0008,WH-SOUTH,1214,489,85,2,154.85,2.5,1
2024-05-10,PROD0008,WH-SOUTH,658,388,169,5,104.98,1.7,1
2024-05-11,PROD0008,WH-EAST,1177,365,0,13,5.55,3.2,0
2024-05-12,PROD0008,WH-SOUTH,1314,319,0,11,45.6,4.1,0
2024-05-13,PROD0008,WH-NORTH,926,464,156,13,174.84,2.0,1
2024-05-14,PROD0008,WH-SOUTH,1380,371,0,14,41.52,3.7,0
2024-05-15,PROD0008,WH-NORTH,969,386,63,3,150.64,2.5,1
2024-05-16,PROD0008,WH-NORTH,654,548,330,10,100.94,1.2,1
2024-05-17,PROD0008,WH-EAST,627,491,282,3,65.54,1.3,1
2024-05-18,PROD0008,WH-EAST,1016,460,122,6,162.8,2.2,1
2024-05-19,PROD0008,WH-SOUTH,913,517,213,12,117.06,1.8,1
2024-05-20,PROD0008,WH-SOUTH,1400,355,0,4,128.43,3.9,0
2024-05-21,PROD0008,WH-EAST,246,418,336,4,154.55,0.6,1
2024-05-22,PROD0008,WH-SOUTH,772,372,115,9,171.48,2.1,1
2024-05-23,PROD0008,WH-SOUTH,0,496,496,2,67.5,0.0,1
2024-05-24,PROD0008,WH-SOUTH,370,612,489,3,131.03,0.6,1
2024-05-25,PROD0008,WH-SOUTH,467,495,340,9,30.46,0.9,1
2024-05-26,PROD0008,WH-NORTH,261,494,407,6,59.18,0.5,1
2024-05-27,PROD0008,WH-SOUTH,1375,472,14,14,83.47,2.9,1
2024-05-28,PROD0008,WH-NORTH,787,379,117,3,145.38,2.1,1
2024-05-29,PROD0008,WH-NORTH,0,549,549,2,197.51,0.0,1
2024-05-30,PROD0008,WH-SOUTH,707,503,268,8,140.41,1.4,1
2024-05-31,PROD0008,WH-SOUTH,1006,381,46,7,150.48,2.6,1
2024-06-01,PROD0008,WH-EAST,1293,501,70,12,97.94,2.6,1
2024-06-02,PROD0008,WH-EAST,0,517,517,7,124.79,0.0,1
2024-06-03,PROD0008,WH-NORTH,1185,471,76,5,52.51,2.5,1
2024-06-04,PROD0008,WH-NORTH,1281,416,0,3,65.57,3.1,0
2024-06-05,PROD0008,WH-SOUTH,0,426,426,3,168.35,0.0,1
2024-06-06,PROD0008,WH-NORTH,1254,560,142,14,7.48,2.2,1
2024-06-07,PROD0008,WH-SOUTH,482,451,291,4,110.92,1.1,1
2024-06-08,PROD0008,WH-SOUTH,870,589,299,4,117.86,1.5,1
2024-06-09,PROD0008,WH-EAST,313,478,374,8,26.73,0.7,1
2024-06-10,PROD0008,WH-SOUTH,1265,551,130,3,82.47,2.3,1
2024-06-11,PROD0008,WH-SOUTH,304,397,296,2,69.67,0.8,1
2024-06-12,PROD0008,WH-EAST,788,522,260,12,96.51,1.5,1
2024-06-13,PROD0008,WH-NORTH,966,495,173,11,117.17,2.0,1
2024-06-14,PROD0008,WH-EAST,917,455,150,2,112.15,2.0,1
2024-06-15,PROD0008,WH-NORTH,563,578,391,4,34.17,1.0,1
2024-06-16,PROD0008,WH-SOUTH,260,552,466,10,105.83,0.5,1
2024-06-17,PROD0008,WH-EAST,1090,391,28,10,104.15,2.8,1
2024-06-18,PROD0008,WH-SOUTH,498,404,238,10,149.46,1.2,1
2024-06-19,PROD0008,WH-NORTH,881,475,182,9,197.37,1.9,1
2024-06-20,PROD0008,WH-NORTH,0,532,532,11,144.04,0.0,1
2024-06-21,PROD0008,WH-SOUTH,316,448,343,7,120.13,0.7,1
2024-06-22,PROD0008,WH-NORTH,1427,448,0,8,93.2,3.2,0
2024-06-23,PROD0008,WH-NORTH,419,515,376,7,79.46,0.8,1
2024-06-24,PROD0008,WH-NORTH,0,488,488,10,40.59,0.0,1
2024-06-25,PROD0008,WH-SOUTH,590,362,166,11,130.3,1.6,1
2024-06-26,PROD0008,WH-NORTH,381,564,437,8,159.46,0.7,1
2024-06-27,PROD0008,WH-EAST,305,326,225,4,134.46,0.9,1
2024-06-28,PROD0008,WH-EAST,685,506,278,5,96.49,1.4,1
2024-01-01,PROD0009,WH-EAST,232,231,154,11,17.23,1.0,1
2024-01-02,PROD0009,WH-EAST,738,407,161,14,9.57,1.8,1
2024-01-03,PROD0009,WH-NORTH,386,389,261,6,89.28,1.0,1
2024-01-04,PROD0009,WH-EAST,211,295,225,3,69.08,0.7,1
2024-01-05,PROD0009,WH-SOUTH,653,407,190,4,101.43,1.6,1
2024-01-06,PROD0009,WH-NORTH,865,298,10,11,195.59,2.9,1
2024-01-07,PROD0009,WH-EAST,292,313,216,11,15.6,0.9,1
2024-01-08,PROD0009,WH-EAST,508,235,66,8,166.24,2.2,1
2024-01-09,PROD0009,WH-SOUTH,587,237,42,6,172.73,2.5,1
2024-01-10,PROD0009,WH-NORTH,870,241,0,9,153.05,3.6,0
2024-01-11,PROD0009,WH-SOUTH,718,365,126,4,194.22,2.0,1
2024-01-12,PROD0009,WH-SOUTH,203,215,148,13,106.18,0.9,1
2024-01-13,PROD0009,WH-SOUTH,957,395,76,12,7.27,2.4,1
2024-01-14,PROD0009,WH-EAST,740,271,25,7,141.82,2.7,1
2024-01-15,PROD0009,WH-NORTH,306,273,171,5,16.45,1.1,1
2024-01-16,PROD0009,WH-NORTH,801,345,78,9,72.77,2.3,1
2024-01-17,PROD0009,WH-NORTH,616,336,131,12,65.47,1.8,1
2024-01-18,PROD0009,WH-NORTH,503,275,108,11,57.74,1.8,1
2024-01-19,PROD0009,WH-EAST,946,466,151,5,40.32,2.0,1
2024-01-20,PROD0009,WH-SOUTH,0,267,267,5,46.39,0.0,1
2024-01-21,PROD0009,WH-NORTH,919,391,85,9,184.27,2.4,1
2024-01-22,PROD0009,WH-SOUTH,207,215,146,12,37.26,1.0,1
2024-01-23,PROD0009,WH-EAST,573,334,143,13,75.28,1.7,1
2024-01-24,PROD0009,WH-NORTH,388,295,166,3,52.0,1.3,1
2024-01-25,PROD0009,WH-SOUTH,677,356,131,12,172.25,1.9,1
2024-01-26,PROD0009,WH-SOUTH,795,237,0,3,46.09,3.4,0
2024-01-27,PROD0009,WH-SOUTH,605,337,136,14,195.38,1.8,1
2024-01-28,PROD0009,WH-NORTH,0,408,408,11,101.52,0.0,1
2024-01-29,PROD0009,WH-NORTH,257,451,366,7,34.18,0.6,1
2024-01-30,PROD0009,WH-NORTH,388,370,241,3,149.06,1.0,1
2024-01-31,PROD0009,WH-SOUTH,624,319,111,14,117.34,2.0,1
2024-02-01,PROD0009,WH-NORTH,0,183,183,5,77.89,0.0,1
2024-02-02,PROD0009,WH-EAST,172,389,332,7,155.4,0.4,1
2024-02-03,PROD0009,WH-NORTH,888,321,25,11,179.0,2.8,1
2024-02-04,PROD0009,WH-EAST,196,305,240,4,106.28,0.6,1
2024-02-05,PROD0009,WH-EAST,586,365,170,5,174.12,1.6,1
2024-02-06,PROD0009,WH-SOUTH,0,422,422,14,35.66,0.0,1
2024-02-07,PROD0009,WH-SOUTH,935,241,0,2,107.1,3.9,0
2024-02-08,PROD0009,WH-EAST,460,224,71,4,86.52,2.1,1
2024-02-09,PROD0009,WH-SOUTH,702,330,96,7,170.59,2.1,1
2024-02-10,PROD0009,WH-NORTH,214,172,101,12,188.52,1.2,1
2024-02-11,PROD0009,WH-NORTH,337,321,209,6,187.76,1.0,1
2024-02-12,PROD0009,WH-SOUTH,523,131,0,13,111.24,4.0,0
2024-02-13,PROD0009,WH-SOUTH,760,302,49,11,119.63,2.5,1
2024-02-14,PROD0009,WH-EAST,546,260,78,7,53.39,2.1,1
2024-02-15,PROD0009,WH-NORTH,609,385,182,13,34.26,1.6,1
2024-02-16,PROD0009,WH-EAST,798,464,198,11,81.12,1.7,1
2024-02-17,PROD0009,WH-EAST,770,358,102,9,159.46,2.2,1
2024-02-18,PROD0009,WH-SOUTH,478,261,102,3,35.91,1.8,1
2024-02-19,PROD0009,WH-EAST,925,295,0,12,45.07,3.1,0
2024-02-20,PROD0009,WH-SOUTH,390,381,251,12,57.42,1.0,1
2024-02-21,PROD0009,WH-NORTH,720,411,171,10,16.09,1.8,1
2024-02-22,PROD0009,WH-SOUTH,223,315,241,2,183.59,0.7,1
2024-02-23,PROD0009,WH-SOUTH,692,245,15,7,19.48,2.8,1
2024-02-24,PROD0009,WH-EAST,935,360,49,5,106.15,2.6,1
2024-02-25,PROD0009,WH-EAST,472,345,188,13,78.65,1.4,1
2024-02-26,PROD0009,WH-EAST,411,354,217,7,141.71,1.2,1
2024-02-27,PROD0009,WH-NORTH,209,333,264,12,7.43,0.6,1
2024-02-28,PROD0009,WH-EAST,468,295,139,14,85.96,1.6,1
2024-02-29,PROD0009,WH-SOUTH,720,365,125,3,32.33,2.0,1
2024-03-01,PROD0009,WH-EAST,421,406,266,11,118.57,1.0,1
2024-03-02,PROD0009,WH-EAST,947,326,11,14,153.86,2.9,1
2024-03-03,PROD0009,WH-EAST,922,321,14,3,22.89,2.9,1
2024-03-04,PROD0009,WH-NORTH,391,382,252,13,83.05,1.0,1
2024-03-05,PROD0009,WH-EAST,361,281,161,2,103.98,1.3,1
2024-03-06,PROD0009,WH-SOUTH,573,283,92,5,161.43,2.0,1
2024-03-07,PROD0009,WH-NORTH,558,396,210,4,89.15,1.4,1
2024-03-08,PROD0009,WH-NORTH,969,350,27,10,157.36,2.8,1
2024-03-09,PROD0009,WH-EAST,344,225,111,11,19.8,1.5,1
2024-03-10,PROD0009,WH-SOUTH,409,344,208,13,51.93,1.2,1
2024-03-11,PROD0009,WH-EAST,789,314,51,9,69.24,2.5,1
2024-03-12,PROD0009,WH-EAST,802,335,68,3,113.45,2.4,1
2024-03-13,PROD0009,WH-EAST,943,247,0,13,97.14,3.8,0
2024-03-14,PROD0009,WH-NORTH,742,239,0,3,28.99,3.1,0
2024-03-15,PROD0009,WH-EAST,946,345,30,9,65.29,2.7,1
2024-03-16,PROD0009,WH-NORTH,719,347,108,9,107.93,2.1,1
2024-03-17,PROD0009,WH-SOUTH,526,326,151,4,142.13,1.6,1
2024-03-18,PROD0009,WH-NORTH,418,376,237,3,108.95,1.1,1
2024-03-19,PROD0009,WH-SOUTH,658,269,50,5,9.74,2.4,1
2024-03-20,PROD0009,WH-SOUTH,268,320,231,3,112.88,0.8,1
2024-03-21,PROD0009,WH-SOUTH,0,388,388,5,23.89,0.0,1
2024-03-22,PROD0009,WH-EAST,833,494,217,4,152.76,1.7,1
2024-03-23,PROD0009,WH-EAST,214,371,300,4,35.44,0.6,1
2024-03-24,PROD0009,WH-NORTH,337,313,201,4,10.83,1.1,1
2024-03-25,PROD0009,WH-NORTH,622,321,114,11,65.79,1.9,1
2024-03-26,PROD0009,WH-NORTH,387,453,324,13,51.06,0.9,1
2024-03-27,PROD0009,WH-SOUTH,489,390,227,4,179.42,1.3,1
2024-03-28,PROD0009,WH-EAST,391,375,245,11,191.41,1.0,1
2024-03-29,PROD0009,WH-NORTH,168,401,345,13,138.61,0.4,1
2024-03-30,PROD0009,WH-NORTH,942,360,46,8,143.5,2.6,1
2024-03-31,PROD0009,WH-NORTH,504,294,126,2,65.9,1.7,1
2024-04-01,PROD0009,WH-NORTH,924,350,42,7,134.78,2.6,1
2024-04-02,PROD0009,WH-NORTH,820,280,7,5,48.16,2.9,1
2024-04-03,PROD0009,WH-EAST,522,386,212,14,34.22,1.4,1
2024-04-04,PROD0009,WH-NORTH,955,386,68,12,169.28,2.5,1
2024-04-05,PROD0009,WH-NORTH,503,276,109,11,14.73,1.8,1
2024-04-06,PROD0009,WH-EAST,808,403,134,7,98.7,2.0,1
2024-04-07,PROD0009,WH-NORTH,640,352,139,13,7.27,1.8,1
2024-04-08,PROD0009,WH-SOUTH,808,409,140,4,137.92,2.0,1
2024-04-09,PROD0009,WH-NORTH,742,305,58,12,28.65,2.4,1
2024-04-10,PROD0009,WH-NORTH,0,326,326,5,117.62,0.0,1
2024-04-11,PROD0009,WH-EAST,463,341,187,13,136.73,1.4,1
2024-04-12,PROD0009,WH-EAST,746,185,0,6,130.35,4.0,0
2024-04-13,PROD0009,WH-NORTH,782,396,136,4,46.65,2.0,1
2024-04-14,PROD0009,WH-SOUTH,164,352,298,3,122.01,0.5,1
2024-04-15,PROD0009,WH-EAST,0,240,240,3,171.07,0.0,1
2024-04-16,PROD0009,WH-SOUTH,784,298,37,3,184.23,2.6,1
2024-04-17,PROD0009,WH-SOUTH,479,318,159,12,74.09,1.5,1
2024-04-18,PROD0009,WH-SOUTH,179,177,118,12,36.1,1.0,1
2024-04-19,PROD0009,WH-NORTH,581,381,188,13,122.8,1.5,1
2024-04-20,PROD0009,WH-EAST,512,398,228,12,113.83,1.3,1
2024-04-21,PROD0009,WH-NORTH,0,329,329,6,169.84,0.0,1
2024-04-22,PROD0009,WH-NORTH,930,248,0,2,166.54,3.8,0
2024-04-23,PROD0009,WH-SOUTH,347,252,137,3,54.24,1.4,1
2024-04-24,PROD0009,WH-EAST,800,390,124,13,96.46,2.1,1
2024-04-25,PROD0009,WH-NORTH,518,291,119,3,173.41,1.8,1
2024-04-26,PROD0009,WH-NORTH,457,245,93,10,192.38,1.9,1
2024-04-27,PROD0009,WH-EAST,891,411,114,11,73.27,2.2,1
2024-04-28,PROD0009,WH-SOUTH,544,353,172,6,31.37,1.5,1
2024-04-29,PROD0009,WH-NORTH,369,291,168,2,191.02,1.3,1
2024-04-30,PROD0009,WH-NORTH,658,336,117,6,68.06,2.0,1
2024-05-01,PROD0009,WH-SOUTH,739,305,59,2,34.42,2.4,1
2024-05-02,PROD0009,WH-SOUTH,0,299,299,3,100.94,0.0,1
2024-05-03,PROD0009,WH-SOUTH,303,327,226,5,133.84,0.9,1
2024-05-04,PROD0009,WH-NORTH,227,314,239,9,87.15,0.7,1
2024-05-05,PROD0009,WH-NORTH,899,406,107,9,77.15,2.2,1
2024-05-06,PROD0009,WH-NORTH,714,321,83,9,124.74,2.2,1
2024-05-07,PROD0009,WH-SOUTH,613,276,72,5,124.65,2.2,1
2024-05-08,PROD0009,WH-EAST,334,391,280,8,125.6,0.9,1
2024-05-09,PROD0009,WH-EAST,907,337,35,4,161.26,2.7,1
2024-05-10,PROD0009,WH-SOUTH,506,316,148,8,190.68,1.6,1
2024-05-11,PROD0009,WH-SOUTH,845,340,59,6,145.57,2.5,1
2024-05-12,PROD0009,WH-SOUTH,842,342,62,6,95.39,2.5,1
2024-05-13,PROD0009,WH-SOUTH,431,350,207,7,16.3,1.2,1
2024-05-14,PROD0009,WH-SOUTH,715,266,28,5,159.89,2.7,1
2024-05-15,PROD0009,WH-NORTH,621,365,158,11,117.9,1.7,1
2024-05-16,PROD0009,WH-NORTH,301,250,150,4,106.59,1.2,1
2024-05-17,PROD0009,WH-EAST,249,248,165,4,67.86,1.0,1
2024-05-18,PROD0009,WH-NORTH,0,245,245,12,174.46,0.0,1
2024-05-19,PROD0009,WH-NORTH,839,260,0,11,159.37,3.2,0
2024-05-20,PROD0009,WH-NORTH,592,307,110,10,171.97,1.9,1
2024-05-21,PROD0009,WH-SOUTH,878,365,73,5,7.95,2.4,1
2024-05-22,PROD0009,WH-NORTH,514,221,50,13,135.8,2.3,1
2024-05-23,PROD0009,WH-NORTH,619,328,122,3,148.84,1.9,1
2024-05-24,PROD0009,WH-SOUTH,680,346,120,11,32.75,2.0,1
2024-05-25,PROD0009,WH-NORTH,865,316,28,7,7.48,2.7,1
2024-05-26,PROD0009,WH-SOUTH,560,302,116,2,122.37,1.9,1
2024-05-27,PROD0009,WH-EAST,902,378,78,6,9.78,2.4,1
2024-05-28,PROD0009,WH-NORTH,517,317,145,6,53.21,1.6,1
2024-05-29,PROD0009,WH-NORTH,330,258,148,3,155.48,1.3,1
2024-05-30,PROD0009,WH-SOUTH,914,344,40,8,101.59,2.7,1
2024-05-31,PROD0009,WH-SOUTH,537,256,77,4,148.69,2.1,1
2024-06-01,PROD0009,WH-NORTH,346,269,154,4,192.84,1.3,1
2024-06-02,PROD0009,WH-EAST,197,396,331,11,20.38,0.5,1
2024-06-03,PROD0009,WH-SOUTH,704,300,66,8,154.13,2.3,1
2024-06-04,PROD0009,WH-EAST,913,252,0,5,65.1,3.6,0
2024-06-05,PROD0009,WH-EAST,179,163,104,12,171.91,1.1,1
2024-06-06,PROD0009,WH-EAST,574,375,184,10,21.74,1.5,1
2024-06-07,PROD0009,WH-SOUTH,676,394,169,14,145.59,1.7,1
2024-06-08,PROD0009,WH-SOUTH,806,350,82,4,173.81,2.3,1
2024-06-09,PROD0009,WH-SOUTH,510,340,170,13,134.01,1.5,1
2024-06-10,PROD0009,WH-EAST,217,246,174,6,42.59,0.9,1
2024-06-11,PROD0009,WH-EAST,223,343,269,9,144.57,0.7,1
2024-06-12,PROD0009,WH-NORTH,278,361,269,13,199.77,0.8,1
2024-06-13,PROD0009,WH-NORTH,537,223,44,2,91.82,2.4,1
2024-06-14,PROD0009,WH-EAST,882,322,28,7,65.85,2.7,1
2024-06-15,PROD0009,WH-SOUTH,390,405,275,14,187.2,1.0,1
2024-06-16,PROD0009,WH-EAST,924,374,66,3,156.8,2.5,1
2024-06-17,PROD0009,WH-NORTH,578,273,81,8,83.47,2.1,1
2024-06-18,PROD0009,WH-EAST,173,221,164,11,57.36,0.8,1
2024-06-19,PROD0009,WH-SOUTH,608,342,140,10,135.24,1.8,1
2024-06-20,PROD0009,WH-SOUTH,885,220,0,2,106.22,4.0,0
2024-06-21,PROD0009,WH-SOUTH,948,342,26,3,104.11,2.8,1
2024-06-22,PROD0009,WH-SOUTH,707,246,11,14,144.54,2.9,1
2024-06-23,PROD0009,WH-SOUTH,614,250,46,3,96.12,2.5,1
2024-06-24,PROD0009,WH-SOUTH,916,320,15,5,154.0,2.9,1
2024-06-25,PROD0009,WH-SOUTH,515,388,217,11,43.05,1.3,1
2024-06-26,PROD0009,WH-NORTH,529,347,171,11,148.94,1.5,1
2024-06-27,PROD0009,WH-SOUTH,585,340,145,7,6.32,1.7,1
2024-06-28,PROD0009,WH-NORTH,684,339,111,6,115.7,2.0,1
2024-01-01,PROD0010,WH-SOUTH,270,517,427,6,118.22,0.5,1
2024-01-02,PROD0010,WH-NORTH,857,377,92,5,176.17,2.3,1
2024-01-03,PROD0010,WH-NORTH,1083,334,0,13,36.47,3.2,0
2024-01-04,PROD0010,WH-SOUTH,729,266,23,7,180.12,2.7,1
2024-01-05,PROD0010,WH-EAST,826,394,119,10,109.31,2.1,1
2024-01-06,PROD0010,WH-SOUTH,385,431,303,2,132.07,0.9,1
2024-01-07,PROD0010,WH-EAST,427,395,253,9,153.05,1.1,1
2024-01-08,PROD0010,WH-NORTH,684,372,144,9,36.17,1.8,1
2024-01-09,PROD0010,WH-EAST,1071,388,31,10,18.84,2.8,1
2024-01-10,PROD0010,WH-EAST,758,374,122,3,38.86,2.0,1
2024-01-11,PROD0010,WH-EAST,684,401,173,12,48.17,1.7,1
2024-01-12,PROD0010,WH-NORTH,802,343,76,14,113.45,2.3,1
2024-01-13,PROD0010,WH-NORTH,341,329,216,14,92.37,1.0,1
2024-01-14,PROD0010,WH-EAST,602,418,218,7,52.79,1.4,1
2024-01-15,PROD0010,WH-EAST,937,375,63,4,52.38,2.5,1
2024-01-16,PROD0010,WH-EAST,614,431,227,8,24.33,1.4,1
2024-01-17,PROD0010,WH-EAST,846,375,93,14,157.32,2.3,1
2024-01-18,PROD0010,WH-EAST,979,516,190,2,17.58,1.9,1
2024-01-19,PROD0010,WH-NORTH,746,590,342,3,59.01,1.3,1
2024-01-20,PROD0010,WH-SOUTH,732,533,289,6,90.32,1.4,1
2024-01-21,PROD0010,WH-NORTH,1147,369,0,2,197.51,3.1,0
2024-01-22,PROD0010,WH-EAST,466,409,254,7,83.53,1.1,1
2024-01-23,PROD0010,WH-EAST,398,461,329,10,88.02,0.9,1
2024-01-24,PROD0010,WH-SOUTH,965,544,223,9,193.93,1.8,1
2024-01-25,PROD0010,WH-NORTH,216,460,388,11,175.82,0.5,1
2024-01-26,PROD0010,WH-EAST,871,342,52,11,14.6,2.5,1
2024-01-27,PROD0010,WH-NORTH,538,283,104,13,85.51,1.9,1
2024-01-28,PROD0010,WH-EAST,1114,279,0,5,136.71,4.0,0
2024-01-29,PROD0010,WH-SOUTH,650,351,135,8,157.31,1.9,1
2024-01-30,PROD0010,WH-SOUTH,532,461,284,9,144.32,1.2,1
2024-01-31,PROD0010,WH-NORTH,1048,334,0,13,123.83,3.1,0
2024-02-01,PROD0010,WH-EAST,590,474,278,14,105.05,1.2,1
2024-02-02,PROD0010,WH-SOUTH,864,364,76,10,175.85,2.4,1
2024-02-03,PROD0010,WH-NORTH,788,426,164,6,30.45,1.8,1
2024-02-04,PROD0010,WH-SOUTH,0,356,356,8,101.82,0.0,1
2024-02-05,PROD0010,WH-EAST,653,421,204,7,158.95,1.6,1
2024-02-06,PROD0010,WH-NORTH,758,399,147,8,153.01,1.9,1
2024-02-07,PROD0010,WH-NORTH,614,352,148,11,61.89,1.7,1
2024-02-08,PROD0010,WH-EAST,406,190,55,2,64.28,2.1,1
2024-02-09,PROD0010,WH-EAST,343,351,237,2,104.94,1.0,1
2024-02-10,PROD0010,WH-NORTH,553,386,202,2,107.18,1.4,1
2024-02-11,PROD0010,WH-NORTH,987,390,61,9,170.35,2.5,1
2024-02-12,PROD0010,WH-NORTH,910,349,46,12,20.62,2.6,1
2024-02-13,PROD0010,WH-SOUTH,352,430,313,11,61.73,0.8,1
2024-02-14,PROD0010,WH-SOUTH,538,432,253,7,92.42,1.2,1
2024-02-15,PROD0010,WH-NORTH,694,327,96,10,18.89,2.1,1
2024-02-16,PROD0010,WH-SOUTH,202,450,383,12,150.9,0.4,1
2024-02-17,PROD0010,WH-SOUTH,249,455,372,9,45.99,0.5,1
2024-02-18,PROD0010,WH-SOUTH,882,386,92,3,14.9,2.3,1
2024-02-19,PROD0010,WH-NORTH,910,274,0,8,176.33,3.3,0
2024-02-20,PROD0010,WH-EAST,966,460,138,7,42.77,2.1,1
2024-02-21,PROD0010,WH-SOUTH,212,450,380,6,140.26,0.5,1
2024-02-22,PROD0010,WH-EAST,554,420,236,3,104.5,1.3,1
2024-02-23,PROD0010,WH-SOUTH,857,370,85,11,195.15,2.3,1
2024-02-24,PROD0010,WH-SOUTH,508,438,269,6,81.67,1.2,1
2024-02-25,PROD0010,WH-SOUTH,450,482,332,2,77.68,0.9,1
2024-02-26,PROD0010,WH-NORTH,419,395,256,12,65.51,1.1,1
2024-02-27,PROD0010,WH-NORTH,758,331,79,10,142.32,2.3,1
2024-02-28,PROD0010,WH-EAST,1015,202,0,3,105.21,5.0,0
2024-02-29,PROD0010,WH-EAST,227,389,314,2,42.63,0.6,1
2024-03-01,PROD0010,WH-EAST,1136,292,0,9,55.72,3.9,0
2024-03-02,PROD0010,WH-NORTH,568,494,305,9,124.43,1.1,1
2024-03-03,PROD0010,WH-EAST,1025,470,129,11,45.62,2.2,1
2024-03-04,PROD0010,WH-NORTH,472,494,337,12,36.85,1.0,1
2024-03-05,PROD0010,WH-EAST,953,400,83,7,69.42,2.4,1
2024-03-06,PROD0010,WH-NORTH,221,286,213,7,83.21,0.8,1
2024-03-07,PROD0010,WH-EAST,944,424,110,9,30.57,2.2,1
2024-03-08,PROD0010,WH-SOUTH,394,385,254,10,195.17,1.0,1
2024-03-09,PROD0010,WH-EAST,617,460,255,7,26.29,1.3,1
2024-03-10,PROD0010,WH-SOUTH,419,399,260,8,199.37,1.1,1
2024-03-11,PROD0010,WH-EAST,775,323,65,13,130.53,2.4,1
2024-03-12,PROD0010,WH-SOUTH,320,379,273,9,47.53,0.8,1
2024-03-13,PROD0010,WH-SOUTH,269,262,173,7,157.0,1.0,1
2024-03-14,PROD0010,WH-SOUTH,319,351,245,7,56.47,0.9,1
2024-03-15,PROD0010,WH-EAST,215,365,294,11,177.26,0.6,1
2024-03-16,PROD0010,WH-NORTH,731,373,130,8,168.89,2.0,1
2024-03-17,PROD0010,WH-NORTH,622,448,241,5,136.64,1.4,1
2024-03-18,PROD0010,WH-EAST,717,338,99,11,198.08,2.1,1
2024-03-19,PROD0010,WH-EAST,568,424,235,14,98.39,1.3,1
2024-03-20,PROD0010,WH-NORTH,268,296,207,10,140.08,0.9,1
2024-03-21,PROD0010,WH-EAST,503,430,263,11,60.63,1.2,1
2024-03-22,PROD0010,WH-NORTH,472,444,287,9,15.39,1.1,1
2024-03-23,PROD0010,WH-SOUTH,325,405,297,13,34.36,0.8,1
2024-03-24,PROD0010,WH-EAST,771,359,102,4,112.17,2.1,1
2024-03-25,PROD0010,WH-SOUTH,459,374,221,3,175.06,1.2,1
2024-03-26,PROD0010,WH-NORTH,435,386,241,9,111.5,1.1,1
2024-03-27,PROD0010,WH-NORTH,1137,424,45,5,66.26,2.7,1
2024-03-28,PROD0010,WH-NORTH,855,282,0,10,132.17,3.0,0
2024-03-29,PROD0010,WH-SOUTH,550,369,186,2,178.68,1.5,1
2024-03-30,PROD0010,WH-EAST,376,366,241,5,168.42,1.0,1
2024-03-31,PROD0010,WH-SOUTH,770,388,132,8,193.84,2.0,1
2024-04-01,PROD0010,WH-EAST,1151,283,0,14,64.37,4.1,0
2024-04-02,PROD0010,WH-NORTH,843,416,135,3,153.8,2.0,1
2024-04-03,PROD0010,WH-SOUTH,691,297,67,13,90.73,2.3,1
2024-04-04,PROD0010,WH-NORTH,929,396,87,8,180.9,2.3,1
2024-04-05,PROD0010,WH-NORTH,570,422,232,5,7.02,1.4,1
2024-04-06,PROD0010,WH-SOUTH,382,259,132,4,64.09,1.5,1
2024-04-07,PROD0010,WH-SOUTH,484,424,263,8,76.42,1.1,1
2024-04-08,PROD0010,WH-SOUTH,986,300,0,2,156.66,3.3,0
2024-04-09,PROD0010,WH-SOUTH,1120,395,22,11,131.72,2.8,1
2024-04-10,PROD0010,WH-EAST,468,448,292,9,79.16,1.0,1
2024-04-11,PROD0010,WH-NORTH,222,476,402,10,125.07,0.5,1
2024-04-12,PROD0010,WH-NORTH,1055,413,62,10,6.78,2.6,1
2024-04-13,PROD0010,WH-NORTH,0,499,499,8,67.66,0.0,1
2024-04-14,PROD0010,WH-EAST,470,402,246,8,125.7,1.2,1
2024-04-15,PROD0010,WH-NORTH,269,367,278,5,22.45,0.7,1
2024-04-16,PROD0010,WH-SOUTH,1064,372,18,2,190.17,2.9,1
2024-04-17,PROD0010,WH-EAST,494,415,251,13,57.04,1.2,1
2024-04-18,PROD0010,WH-EAST,963,360,39,8,195.33,2.7,1
2024-04-19,PROD0010,WH-EAST,654,502,284,11,149.84,1.3,1
2024-04-20,PROD0010,WH-NORTH,382,462,335,7,90.0,0.8,1
2024-04-21,PROD0010,WH-SOUTH,341,421,308,6,160.32,0.8,1
2024-04-22,PROD0010,WH-NORTH,623,329,122,8,174.42,1.9,1
2024-04-23,PROD0010,WH-EAST,1043,347,0,14,75.98,3.0,0
2024-04-24,PROD0010,WH-NORTH,896,203,0,5,20.17,4.4,0
2024-04-25,PROD0010,WH-NORTH,1095,346,0,12,40.22,3.2,0
2024-04-26,PROD0010,WH-NORTH,585,487,292,6,128.73,1.2,1
2024-04-27,PROD0010,WH-EAST,1056,277,0,3,29.86,3.8,0
2024-04-28,PROD0010,WH-EAST,826,437,162,6,148.8,1.9,1
2024-04-29,PROD0010,WH-NORTH,611,286,83,3,175.17,2.1,1
2024-04-30,PROD0010,WH-EAST,1100,446,80,4,142.55,2.5,1
2024-05-01,PROD0010,WH-SOUTH,1051,280,0,5,71.23,3.8,0
2024-05-02,PROD0010,WH-NORTH,977,378,53,7,127.77,2.6,1
2024-05-03,PROD0010,WH-SOUTH,990,464,134,14,150.85,2.1,1
2024-05-04,PROD0010,WH-EAST,194,366,302,3,167.96,0.5,1
2024-05-05,PROD0010,WH-SOUTH,680,387,161,14,69.95,1.8,1
2024-05-06,PROD0010,WH-SOUTH,262,578,491,14,13.46,0.5,1
2024-05-07,PROD0010,WH-NORTH,676,335,110,7,141.27,2.0,1
2024-05-08,PROD0010,WH-EAST,708,290,54,6,15.1,2.4,1
2024-05-09,PROD0010,WH-SOUTH,932,283,0,3,30.57,3.3,0
2024-05-10,PROD0010,WH-EAST,0,532,532,12,89.0,0.0,1
2024-05-11,PROD0010,WH-SOUTH,887,538,243,5,129.64,1.6,1
2024-05-12,PROD0010,WH-NORTH,342,490,376,5,28.17,0.7,1
2024-05-13,PROD0010,WH-SOUTH,411,311,174,6,178.95,1.3,1
2024-05-14,PROD0010,WH-EAST,922,368,61,7,54.56,2.5,1
2024-05-15,PROD0010,WH-NORTH,351,486,369,3,117.12,0.7,1
2024-05-16,PROD0010,WH-SOUTH,1091,395,32,10,101.82,2.8,1
2024-05-17,PROD0010,WH-NORTH,851,534,251,5,153.01,1.6,1
2024-05-18,PROD0010,WH-NORTH,802,399,132,4,150.47,2.0,1
2024-05-19,PROD0010,WH-SOUTH,216,426,354,14,143.25,0.5,1
2024-05-20,PROD0010,WH-EAST,872,449,159,8,164.7,1.9,1
2024-05-21,PROD0010,WH-SOUTH,671,434,211,13,185.2,1.5,1
2024-05-22,PROD0010,WH-NORTH,718,342,103,11,52.37,2.1,1
2024-05-23,PROD0010,WH-SOUTH,261,329,242,3,194.36,0.8,1
2024-05-24,PROD0010,WH-SOUTH,678,354,128,10,90.78,1.9,1
2024-05-25,PROD0010,WH-EAST,701,503,270,11,71.32,1.4,1
2024-05-26,PROD0010,WH-EAST,365,320,199,5,122.78,1.1,1
2024-05-27,PROD0010,WH-EAST,1014,373,35,8,163.66,2.7,1
2024-05-28,PROD0010,WH-EAST,799,383,117,10,62.02,2.1,1
2024-05-29,PROD0010,WH-SOUTH,896,389,91,7,174.48,2.3,1
2024-05-30,PROD0010,WH-EAST,343,275,161,8,129.86,1.2,1
2024-05-31,PROD0010,WH-EAST,343,437,323,14,129.58,0.8,1
2024-06-01,PROD0010,WH-SOUTH,622,386,179,2,159.96,1.6,1
2024-06-02,PROD0010,WH-EAST,319,366,260,4,13.9,0.9,1
2024-06-03,PROD0010,WH-NORTH,577,378,186,9,196.27,1.5,1
2024-06-04,PROD0010,WH-EAST,576,389,197,6,98.6,1.5,1
2024-06-05,PROD0010,WH-NORTH,668,400,178,4,63.09,1.7,1
2024-06-06,PROD0010,WH-SOUTH,0,424,424,5,128.91,0.0,1
2024-06-07,PROD0010,WH-EAST,745,246,0,12,126.71,3.0,0
2024-06-08,PROD0010,WH-SOUTH,366,366,244,9,182.41,1.0,1
2024-06-09,PROD0010,WH-NORTH,780,350,90,13,81.98,2.2,1
2024-06-10,PROD0010,WH-EAST,313,405,301,14,196.48,0.8,1
2024-06-11,PROD0010,WH-SOUTH,592,329,132,3,198.25,1.8,1
2024-06-12,PROD0010,WH-SOUTH,526,284,109,7,31.36,1.9,1
2024-06-13,PROD0010,WH-NORTH,0,392,392,3,190.97,0.0,1
2024-06-14,PROD0010,WH-NORTH,378,491,365,13,80.32,0.8,1
2024-06-15,PROD0010,WH-NORTH,804,309,41,3,69.45,2.6,1
2024-06-16,PROD0010,WH-SOUTH,249,564,481,3,162.43,0.4,1
2024-06-17,PROD0010,WH-EAST,561,372,185,6,46.11,1.5,1
2024-06-18,PROD0010,WH-EAST,965,457,136,5,23.8,2.1,1
2024-06-19,PROD0010,WH-SOUTH,664,402,181,8,168.17,1.7,1
2024-06-20,PROD0010,WH-SOUTH,303,384,283,2,88.86,0.8,1
2024-06-21,PROD0010,WH-SOUTH,1115,447,76,10,108.67,2.5,1
2024-06-22,PROD0010,WH-NORTH,310,363,260,9,36.38,0.9,1
2024-06-23,PROD0010,WH-SOUTH,777,364,105,9,126.03,2.1,1
2024-06-24,PROD0010,WH-NORTH,237,474,395,9,16.89,0.5,1
2024-06-25,PROD0010,WH-SOUTH,524,352,178,12,174.63,1.5,1
2024-06-26,PROD0010,WH-SOUTH,798,322,56,9,120.55,2.5,1
2024-06-27,PROD0010,WH-NORTH,1045,414,66,8,127.54,2.5,1
2024-06-28,PROD0010,WH-SOUTH,759,431,178,14,100.39,1.8,1
2024-01-01,PROD0011,WH-NORTH,1053,312,0,11,153.39,3.4,0
2024-01-02,PROD0011,WH-SOUTH,739,337,91,10,60.06,2.2,1
2024-01-03,PROD0011,WH-NORTH,820,265,0,5,155.33,3.1,0
2024-01-04,PROD0011,WH-NORTH,930,300,0,2,56.43,3.1,0
2024-01-05,PROD0011,WH-SOUTH,910,343,40,2,5.42,2.7,1
2024-01-06,PROD0011,WH-SOUTH,598,458,259,7,44.45,1.3,1
2024-01-07,PROD0011,WH-SOUTH,813,503,232,14,143.73,1.6,1
2024-01-08,PROD0011,WH-SOUTH,303,404,303,4,164.94,0.8,1
2024-01-09,PROD0011,WH-SOUTH,747,342,93,10,36.95,2.2,1
2024-01-10,PROD0011,WH-EAST,1057,180,0,5,173.79,5.9,0
2024-01-11,PROD0011,WH-EAST,665,386,165,6,112.91,1.7,1
2024-01-12,PROD0011,WH-EAST,0,487,487,10,144.13,0.0,1
2024-01-13,PROD0011,WH-NORTH,967,336,14,14,76.63,2.9,1
2024-01-14,PROD0011,WH-SOUTH,966,418,96,12,166.64,2.3,1
2024-01-15,PROD0011,WH-NORTH,594,365,167,3,31.04,1.6,1
2024-01-16,PROD0011,WH-NORTH,273,415,324,12,175.05,0.7,1
2024-01-17,PROD0011,WH-NORTH,1073,403,46,7,30.1,2.7,1
2024-01-18,PROD0011,WH-SOUTH,612,274,70,3,19.17,2.2,1
2024-01-19,PROD0011,WH-SOUTH,0,501,501,10,85.03,0.0,1
2024-01-20,PROD0011,WH-NORTH,1066,322,0,6,97.17,3.3,0
2024-01-21,PROD0011,WH-SOUTH,389,312,183,8,112.1,1.2,1
2024-01-22,PROD0011,WH-NORTH,440,305,159,7,94.58,1.4,1
2024-01-23,PROD0011,WH-EAST,1007,445,110,12,140.47,2.3,1
2024-01-24,PROD0011,WH-SOUTH,376,331,206,3,80.67,1.1,1
2024-01-25,PROD0011,WH-EAST,984,229,0,4,194.96,4.3,0
2024-01-26,PROD0011,WH-SOUTH,840,296,16,12,146.28,2.8,1
2024-01-27,PROD0011,WH-EAST,968,272,0,2,137.38,3.6,0
2024-01-28,PROD0011,WH-NORTH,493,395,231,11,123.93,1.2,1
2024-01-29,PROD0011,WH-EAST,519,232,59,5,32.46,2.2,1
2024-01-30,PROD0011,WH-EAST,994,415,84,11,86.62,2.4,1
2024-01-31,PROD0011,WH-EAST,807,379,110,11,195.45,2.1,1
2024-02-01,PROD0011,WH-EAST,947,297,0,14,61.79,3.2,0
2024-02-02,PROD0011,WH-EAST,531,448,271,11,138.28,1.2,1
2024-02-03,PROD0011,WH-EAST,567,461,272,3,67.58,1.2,1
2024-02-04,PROD0011,WH-NORTH,801,290,23,12,166.53,2.8,1
2024-02-05,PROD0011,WH-SOUTH,1011,371,34,3,129.59,2.7,1
2024-02-06,PROD0011,WH-SOUTH,371,348,225,11,44.94,1.1,1
2024-02-07,PROD0011,WH-EAST,233,358,281,9,91.37,0.7,1
2024-02-08,PROD0011,WH-NORTH,741,434,187,6,100.01,1.7,1
2024-02-09,PROD0011,WH-SOUTH,263,327,240,4,23.4,0.8,1
2024-02-10,PROD0011,WH-NORTH,659,464,245,2,125.36,1.4,1
2024-02-11,PROD0011,WH-SOUTH,718,344,105,10,51.07,2.1,1
2024-02-12,PROD0011,WH-EAST,449,417,268,13,190.22,1.1,1
2024-02-13,PROD0011,WH-EAST,272,423,333,13,119.9,0.6,1
2024-02-14,PROD0011,WH-EAST,677,480,255,14,35.1,1.4,1
2024-02-15,PROD0011,WH-NORTH,363,410,289,7,106.64,0.9,1
2024-02-16,PROD0011,WH-EAST,295,420,322,9,81.7,0.7,1
2024-02-17,PROD0011,WH-SOUTH,408,311,175,13,54.2,1.3,1
2024-02-18,PROD0011,WH-SOUTH,1002,390,56,13,40.51,2.6,1
2024-02-19,PROD0011,WH-SOUTH,935,365,54,14,27.39,2.6,1
2024-02-20,PROD0011,WH-SOUTH,709,297,61,3,94.97,2.4,1
2024-02-21,PROD0011,WH-SOUTH,307,359,257,6,130.27,0.9,1
2024-02-22,PROD0011,WH-SOUTH,205,467,399,2,127.0,0.4,1
2024-02-23,PROD0011,WH-EAST,411,267,130,2,99.52,1.5,1
2024-02-24,PROD0011,WH-EAST,554,475,291,6,27.43,1.2,1
2024-02-25,PROD0011,WH-SOUTH,339,305,192,10,155.74,1.1,1
2024-02-26,PROD0011,WH-EAST,354,342,224,4,129.26,1.0,1
2024-02-27,PROD0011,WH-EAST,408,384,248,10,28.15,1.1,1
2024-02-28,PROD0011,WH-SOUTH,960,331,11,14,53.42,2.9,1
2024-02-29,PROD0011,WH-NORTH,921,416,109,14,56.1,2.2,1
2024-03-01,PROD0011,WH-EAST,271,405,315,3,11.36,0.7,1
2024-03-02,PROD0011,WH-EAST,592,444,247,12,137.7,1.3,1
2024-03-03,PROD0011,WH-EAST,250,420,337,10,164.77,0.6,1
2024-03-04,PROD0011,WH-EAST,644,369,155,2,136.47,1.7,1
2024-03-05,PROD0011,WH-NORTH,299,486,387,9,196.03,0.6,1
2024-03-06,PROD0011,WH-SOUTH,523,306,132,5,166.38,1.7,1
2024-03-07,PROD0011,WH-NORTH,717,207,0,12,92.92,3.5,0
2024-03-08,PROD0011,WH-EAST,0,345,345,2,133.12,0.0,1
2024-03-09,PROD0011,WH-EAST,204,450,382,11,148.06,0.5,1
2024-03-10,PROD0011,WH-NORTH,950,408,92,11,125.46,2.3,1
2024-03-11,PROD0011,WH-SOUTH,527,446,271,2,35.14,1.2,1
2024-03-12,PROD0011,WH-SOUTH,404,284,150,12,67.2,1.4,1
2024-03-13,PROD0011,WH-NORTH,584,326,132,4,51.41,1.8,1
2024-03-14,PROD0011,WH-NORTH,338,403,291,10,6.59,0.8,1
2024-03-15,PROD0011,WH-NORTH,0,314,314,10,154.84,0.0,1
2024-03-16,PROD0011,WH-NORTH,0,349,349,9,109.93,0.0,1
2024-03-17,PROD0011,WH-EAST,667,357,135,13,98.42,1.9,1
2024-03-18,PROD0011,WH-NORTH,937,419,107,2,93.59,2.2,1
2024-03-19,PROD0011,WH-NORTH,233,455,378,14,87.7,0.5,1
2024-03-20,PROD0011,WH-SOUTH,362,345,225,8,189.23,1.0,1
2024-03-21,PROD0011,WH-SOUTH,529,188,12,3,72.94,2.8,1
2024-03-22,PROD0011,WH-SOUTH,696,384,152,2,168.49,1.8,1
2024-03-23,PROD0011,WH-EAST,786,354,92,4,125.83,2.2,1
2024-03-24,PROD0011,WH-NORTH,710,424,188,12,113.93,1.7,1
2024-03-25,PROD0011,WH-NORTH,372,473,349,6,118.83,0.8,1
2024-03-26,PROD0011,WH-EAST,679,337,111,10,100.03,2.0,1
2024-03-27,PROD0011,WH-SOUTH,765,289,34,11,22.25,2.6,1
2024-03-28,PROD0011,WH-SOUTH,847,262,0,7,170.59,3.2,0
2024-03-29,PROD0011,WH-NORTH,630,279,69,10,131.64,2.3,1
2024-03-30,PROD0011,WH-NORTH,758,349,97,8,20.92,2.2,1
2024-03-31,PROD0011,WH-EAST,715,462,224,9,76.31,1.5,1
2024-04-01,PROD0011,WH-EAST,704,459,225,11,122.28,1.5,1
2024-04-02,PROD0011,WH-EAST,857,369,84,11,63.04,2.3,1
2024-04-03,PROD0011,WH-NORTH,740,274,28,4,95.52,2.7,1
2024-04-04,PROD0011,WH-EAST,877,398,106,13,139.5,2.2,1
2024-04-05,PROD0011,WH-NORTH,1004,336,2,10,190.71,3.0,1
2024-04-06,PROD0011,WH-NORTH,1036,495,150,10,59.51,2.1,1
2024-04-07,PROD0011,WH-SOUTH,840,370,90,2,169.13,2.3,1
2024-04-08,PROD0011,WH-NORTH,694,298,67,10,182.71,2.3,1
2024-04-09,PROD0011,WH-SOUTH,836,286,8,12,41.15,2.9,1
2024-04-10,PROD0011,WH-EAST,198,350,284,12,9.39,0.6,1
2024-04-11,PROD0011,WH-NORTH,689,343,114,14,133.23,2.0,1
2024-04-12,PROD0011,WH-EAST,1068,361,5,4,133.23,3.0,1
2024-04-13,PROD0011,WH-SOUTH,1069,310,0,12,87.23,3.4,0
2024-04-14,PROD0011,WH-SOUTH,200,315,249,8,164.5,0.6,1
2024-04-15,PROD0011,WH-NORTH,482,357,197,4,157.18,1.4,1
2024-04-16,PROD0011,WH-EAST,519,354,181,4,62.21,1.5,1
2024-04-17,PROD0011,WH-NORTH,881,291,0,4,194.75,3.0,0
2024-04-18,PROD0011,WH-NORTH,487,271,109,8,179.77,1.8,1
2024-04-19,PROD0011,WH-NORTH,800,320,54,11,188.06,2.5,1
2024-04-20,PROD0011,WH-SOUTH,902,370,70,4,168.34,2.4,1
2024-04-21,PROD0011,WH-NORTH,588,277,81,12,108.63,2.1,1
2024-04-22,PROD0011,WH-EAST,477,341,182,11,10.77,1.4,1
2024-04-23,PROD0011,WH-EAST,782,253,0,8,53.72,3.1,0
2024-04-24,PROD0011,WH-EAST,752,262,12,3,103.45,2.9,1
2024-04-25,PROD0011,WH-NORTH,299,421,322,5,8.0,0.7,1
2024-04-26,PROD0011,WH-SOUTH,877,222,0,9,53.59,4.0,0
2024-04-27,PROD0011,WH-NORTH,1067,491,136,10,170.55,2.2,1
2024-04-28,PROD0011,WH-SOUTH,517,344,172,13,74.66,1.5,1
2024-04-29,PROD0011,WH-EAST,677,412,187,7,9.77,1.6,1
2024-04-30,PROD0011,WH-SOUTH,1035,423,78,10,98.01,2.4,1
2024-05-01,PROD0011,WH-NORTH,961,393,73,5,13.77,2.4,1
2024-05-02,PROD0011,WH-SOUTH,227,421,346,8,130.01,0.5,1
2024-05-03,PROD0011,WH-SOUTH,434,328,184,4,119.07,1.3,1
2024-05-04,PROD0011,WH-SOUTH,747,403,154,6,93.75,1.9,1
2024-05-05,PROD0011,WH-SOUTH,804,349,81,12,150.31,2.3,1
2024-05-06,PROD0011,WH-NORTH,368,392,270,8,122.65,0.9,1
2024-05-07,PROD0011,WH-SOUTH,237,340,261,12,28.52,0.7,1
2024-05-08,PROD0011,WH-SOUTH,657,387,168,12,125.28,1.7,1
2024-05-09,PROD0011,WH-NORTH,338,331,219,12,42.24,1.0,1
2024-05-10,PROD0011,WH-SOUTH,970,409,86,3,125.12,2.4,1
2024-05-11,PROD0011,WH-NORTH,975,253,0,10,6.13,3.9,0
2024-05-12,PROD0011,WH-SOUTH,275,266,175,13,157.84,1.0,1
2024-05-13,PROD0011,WH-EAST,518,321,149,11,194.56,1.6,1
2024-05-14,PROD0011,WH-EAST,954,485,167,4,90.51,2.0,1
2024-05-15,PROD0011,WH-SOUTH,550,408,225,6,199.77,1.3,1
2024-05-16,PROD0011,WH-SOUTH,362,356,236,8,140.96,1.0,1
2024-05-17,PROD0011,WH-SOUTH,819,263,0,12,148.78,3.1,0
2024-05-18,PROD0011,WH-SOUTH,806,348,80,14,94.58,2.3,1
2024-05-19,PROD0011,WH-SOUTH,647,317,102,5,20.85,2.0,1
2024-05-20,PROD0011,WH-NORTH,732,466,222,13,18.13,1.6,1
2024-05-21,PROD0011,WH-NORTH,837,311,32,7,42.77,2.7,1
2024-05-22,PROD0011,WH-NORTH,236,229,151,7,67.12,1.0,1
2024-05-23,PROD0011,WH-EAST,304,392,291,14,186.25,0.8,1
2024-05-24,PROD0011,WH-EAST,1008,308,0,14,193.86,3.3,0
2024-05-25,PROD0011,WH-NORTH,514,270,99,12,38.26,1.9,1
2024-05-26,PROD0011,WH-SOUTH,640,391,178,10,52.15,1.6,1
2024-05-27,PROD0011,WH-SOUTH,644,381,167,11,184.16,1.7,1
2024-05-28,PROD0011,WH-EAST,276,332,240,6,68.92,0.8,1
2024-05-29,PROD0011,WH-NORTH,904,348,47,13,40.32,2.6,1
2024-05-30,PROD0011,WH-NORTH,490,310,147,3,154.34,1.6,1
2024-05-31,PROD0011,WH-SOUTH,595,488,290,3,182.53,1.2,1
2024-06-01,PROD0011,WH-SOUTH,432,352,208,5,31.09,1.2,1
2024-06-02,PROD0011,WH-NORTH,268,345,256,4,107.31,0.8,1
2024-06-03,PROD0011,WH-NORTH,245,318,237,14,128.11,0.8,1
2024-06-04,PROD0011,WH-SOUTH,444,306,158,12,85.95,1.5,1
2024-06-05,PROD0011,WH-EAST,341,363,250,8,194.25,0.9,1
2024-06-06,PROD0011,WH-SOUTH,535,387,209,12,39.95,1.4,1
2024-06-07,PROD0011,WH-SOUTH,899,469,170,2,163.25,1.9,1
2024-06-08,PROD0011,WH-SOUTH,824,342,68,12,129.77,2.4,1
2024-06-09,PROD0011,WH-NORTH,830,385,109,9,30.49,2.2,1
2024-06-10,PROD0011,WH-EAST,633,380,169,13,159.89,1.7,1
2024-06-11,PROD0011,WH-SOUTH,458,424,272,2,128.53,1.1,1
2024-06-12,PROD0011,WH-EAST,1066,358,3,9,34.98,3.0,1
2024-06-13,PROD0011,WH-SOUTH,329,224,115,13,186.9,1.5,1
2024-06-14,PROD0011,WH-NORTH,219,407,334,3,198.72,0.5,1
2024-06-15,PROD0011,WH-SOUTH,0,213,213,12,108.51,0.0,1
2024-06-16,PROD0011,WH-SOUTH,935,293,0,2,103.78,3.2,0
2024-06-17,PROD0011,WH-EAST,211,308,238,14,181.0,0.7,1
2024-06-18,PROD0011,WH-SOUTH,478,409,250,5,104.28,1.2,1
2024-06-19,PROD0011,WH-NORTH,707,355,120,10,55.82,2.0,1
2024-06-20,PROD0011,WH-SOUTH,571,380,190,11,114.31,1.5,1
2024-06-21,PROD0011,WH-SOUTH,218,447,375,9,143.73,0.5,1
2024-06-22,PROD0011,WH-SOUTH,360,394,274,11,194.85,0.9,1
2024-06-23,PROD0011,WH-SOUTH,1046,496,148,2,117.71,2.1,1
2024-06-24,PROD0011,WH-NORTH,587,343,148,3,93.72,1.7,1
2024-06-25,PROD0011,WH-EAST,460,417,264,8,72.67,1.1,1
2024-06-26,PROD0011,WH-NORTH,726,315,73,12,82.56,2.3,1
2024-06-27,PROD0011,WH-EAST,657,444,225,9,173.74,1.5,1
2024-06-28,PROD0011,WH-NORTH,325,357,249,2,54.15,0.9,1
2024-01-01,PROD0012,WH-NORTH,38,40,28,11,25.48,0.9,1
2024-01-02,PROD0012,WH-NORTH,112,71,34,13,170.31,1.6,1
2024-01-03,PROD0012,WH-EAST,85,61,33,3,153.55,1.4,1
2024-01-04,PROD0012,WH-NORTH,73,60,36,4,111.78,1.2,1
2024-01-05,PROD0012,WH-NORTH,45,54,39,4,112.99,0.8,1
2024-01-06,PROD0012,WH-EAST,141,47,0,14,30.66,3.0,0
2024-01-07,PROD0012,WH-NORTH,71,35,12,4,55.94,2.0,1
2024-01-08,PROD0012,WH-EAST,64,53,32,4,155.93,1.2,1
2024-01-09,PROD0012,WH-NORTH,0,54,54,4,92.28,0.0,1
2024-01-10,PROD0012,WH-EAST,126,65,23,5,69.92,1.9,1
2024-01-11,PROD0012,WH-EAST,124,56,15,3,144.26,2.2,1
2024-01-12,PROD0012,WH-SOUTH,53,59,42,3,129.06,0.9,1
2024-01-13,PROD0012,WH-EAST,100,67,34,6,179.38,1.5,1
2024-01-14,PROD0012,WH-SOUTH,137,55,10,2,180.42,2.5,1
2024-01-15,PROD0012,WH-EAST,108,50,14,9,94.38,2.2,1
2024-01-16,PROD0012,WH-EAST,39,66,53,5,5.05,0.6,1
2024-01-17,PROD0012,WH-SOUTH,98,55,23,5,179.74,1.8,1
2024-01-18,PROD0012,WH-NORTH,101,59,26,13,194.07,1.7,1
2024-01-19,PROD0012,WH-NORTH,91,62,32,8,18.43,1.5,1
2024-01-20,PROD0012,WH-NORTH,58,58,39,6,67.64,1.0,1
2024-01-21,PROD0012,WH-SOUTH,117,32,0,13,92.84,3.7,0
2024-01-22,PROD0012,WH-NORTH,138,44,0,10,35.46,3.1,0
2024-01-23,PROD0012,WH-NORTH,70,63,40,4,41.28,1.1,1
2024-01-24,PROD0012,WH-NORTH,62,66,46,5,102.52,0.9,1
2024-01-25,PROD0012,WH-NORTH,166,71,16,5,70.88,2.3,1
2024-01-26,PROD0012,WH-EAST,0,70,70,13,61.8,0.0,1
2024-01-27,PROD0012,WH-EAST,175,58,0,12,23.7,3.0,0
2024-01-28,PROD0012,WH-NORTH,75,58,33,11,197.53,1.3,1
2024-01-29,PROD0012,WH-SOUTH,66,63,41,12,10.13,1.0,1
2024-01-30,PROD0012,WH-EAST,62,50,30,12,72.95,1.2,1
2024-01-31,PROD0012,WH-EAST,70,44,21,11,139.86,1.6,1
2024-02-01,PROD0012,WH-NORTH,70,68,45,7,112.8,1.0,1
2024-02-02,PROD0012,WH-NORTH,149,86,37,5,144.56,1.7,1
2024-02-03,PROD0012,WH-NORTH,115,42,4,13,181.6,2.7,1
2024-02-04,PROD0012,WH-NORTH,0,64,64,14,11.29,0.0,1
2024-02-05,PROD0012,WH-SOUTH,112,53,16,2,104.21,2.1,1
2024-02-06,PROD0012,WH-SOUTH,175,51,0,4,48.87,3.4,0
2024-02-07,PROD0012,WH-EAST,31,57,47,8,175.43,0.5,1
2024-02-08,PROD0012,WH-SOUTH,39,41,28,10,166.03,1.0,1
2024-02-09,PROD0012,WH-SOUTH,98,48,16,4,149.92,2.0,1
2024-02-10,PROD0012,WH-EAST,43,67,53,7,191.06,0.6,1
2024-02-11,PROD0012,WH-EAST,111,50,13,4,134.59,2.2,1
2024-02-12,PROD0012,WH-EAST,50,66,50,2,150.52,0.8,1
2024-02-13,PROD0012,WH-EAST,130,55,12,12,142.82,2.4,1
2024-02-14,PROD0012,WH-NORTH,161,64,11,13,135.25,2.5,1
2024-02-15,PROD0012,WH-EAST,81,77,50,6,195.8,1.1,1
2024-02-16,PROD0012,WH-SOUTH,50,43,27,8,179.79,1.2,1
2024-02-17,PROD0012,WH-NORTH,167,38,0,13,66.05,4.4,0
2024-02-18,PROD0012,WH-NORTH,88,58,29,5,87.74,1.5,1
2024-02-19,PROD0012,WH-NORTH,153,56,5,13,35.4,2.7,1
2024-02-20,PROD0012,WH-EAST,92,81,51,13,48.86,1.1,1
2024-02-21,PROD0012,WH-NORTH,73,75,51,13,134.82,1.0,1
2024-02-22,PROD0012,WH-NORTH,161,56,3,9,18.88,2.9,1
2024-02-23,PROD0012,WH-NORTH,68,72,50,11,17.67,0.9,1
2024-02-24,PROD0012,WH-EAST,129,77,34,5,131.86,1.7,1
2024-02-25,PROD0012,WH-NORTH,138,84,38,13,197.57,1.6,1
2024-02-26,PROD0012,WH-EAST,53,63,46,14,83.36,0.8,1
2024-02-27,PROD0012,WH-SOUTH,110,50,14,12,127.08,2.2,1
2024-02-28,PROD0012,WH-EAST,85,54,26,8,127.31,1.6,1
2024-02-29,PROD0012,WH-SOUTH,174,61,3,10,20.47,2.9,1
2024-03-01,PROD0012,WH-NORTH,35,56,45,3,31.37,0.6,1
2024-03-02,PROD0012,WH-SOUTH,0,90,90,11,129.83,0.0,1
2024-03-03,PROD0012,WH-EAST,168,58,2,10,99.06,2.9,1
2024-03-04,PROD0012,WH-NORTH,33,55,44,2,133.29,0.6,1
2024-03-05,PROD0012,WH-NORTH,144,42,0,13,42.51,3.4,0
2024-03-06,PROD0012,WH-NORTH,72,79,55,6,115.85,0.9,1
2024-03-07,PROD0012,WH-SOUTH,60,68,48,6,16.04,0.9,1
2024-03-08,PROD0012,WH-SOUTH,38,58,46,12,193.71,0.7,1
2024-03-09,PROD0012,WH-SOUTH,40,65,52,14,6.82,0.6,1
2024-03-10,PROD0012,WH-NORTH,105,75,40,8,85.97,1.4,1
2024-03-11,PROD0012,WH-SOUTH,143,69,22,12,27.57,2.1,1
2024-03-12,PROD0012,WH-SOUTH,80,69,43,2,115.53,1.2,1
2024-03-13,PROD0012,WH-SOUTH,47,68,53,9,15.09,0.7,1
2024-03-14,PROD0012,WH-NORTH,63,65,44,7,28.82,1.0,1
2024-03-15,PROD0012,WH-NORTH,41,67,54,13,96.82,0.6,1
2024-03-16,PROD0012,WH-NORTH,84,65,37,2,81.61,1.3,1
2024-03-17,PROD0012,WH-SOUTH,124,63,22,2,128.2,2.0,1
2024-03-18,PROD0012,WH-NORTH,57,81,62,3,170.62,0.7,1
2024-03-19,PROD0012,WH-NORTH,34,52,41,4,33.4,0.7,1
2024-03-20,PROD0012,WH-SOUTH,34,49,38,7,163.67,0.7,1
2024-03-21,PROD0012,WH-NORTH,139,62,16,10,105.92,2.2,1
2024-03-22,PROD0012,WH-NORTH,119,58,19,7,154.32,2.1,1
2024-03-23,PROD0012,WH-NORTH,63,55,34,3,136.07,1.1,1
2024-03-24,PROD0012,WH-NORTH,126,72,30,11,196.7,1.8,1
2024-03-25,PROD0012,WH-SOUTH,168,51,0,14,16.49,3.3,0
2024-03-26,PROD0012,WH-EAST,103,65,31,11,93.08,1.6,1
2024-03-27,PROD0012,WH-EAST,133,43,0,4,134.04,3.1,0
2024-03-28,PROD0012,WH-SOUTH,105,68,33,13,19.99,1.5,1
2024-03-29,PROD0012,WH-SOUTH,134,45,1,11,34.25,3.0,1
2024-03-30,PROD0012,WH-NORTH,73,48,24,4,84.01,1.5,1
2024-03-31,PROD0012,WH-NORTH,67,72,50,10,187.68,0.9,1
2024-04-01,PROD0012,WH-SOUTH,87,44,15,10,17.2,2.0,1
2024-04-02,PROD0012,WH-NORTH,41,65,52,11,129.91,0.6,1
2024-04-03,PROD0012,WH-NORTH,51,74,57,13,88.08,0.7,1
2024-04-04,PROD0012,WH-NORTH,98,77,45,12,80.16,1.3,1
2024-04-05,PROD0012,WH-NORTH,102,54,20,6,192.32,1.9,1
2024-04-06,PROD0012,WH-EAST,103,60,26,7,21.23,1.7,1
2024-04-07,PROD0012,WH-SOUTH,57,50,31,9,117.38,1.1,1
2024-04-08,PROD0012,WH-NORTH,37,35,23,14,89.29,1.1,1
2024-04-09,PROD0012,WH-SOUTH,0,75,75,4,119.98,0.0,1
2024-04-10,PROD0012,WH-EAST,172,68,11,4,79.36,2.5,1
2024-04-11,PROD0012,WH-SOUTH,159,65,12,11,87.54,2.4,1
2024-04-12,PROD0012,WH-NORTH,45,49,34,10,57.82,0.9,1
2024-04-13,PROD0012,WH-EAST,138,51,5,12,189.49,2.7,1
2024-04-14,PROD0012,WH-NORTH,99,44,11,14,85.34,2.2,1
2024-04-15,PROD0012,WH-EAST,160,60,7,11,131.39,2.7,1
2024-04-16,PROD0012,WH-EAST,80,46,20,8,130.34,1.7,1
2024-04-17,PROD0012,WH-EAST,135,57,12,12,10.17,2.4,1
2024-04-18,PROD0012,WH-NORTH,34,59,48,12,123.64,0.6,1
2024-04-19,PROD0012,WH-NORTH,121,55,15,13,143.39,2.2,1
2024-04-20,PROD0012,WH-SOUTH,141,57,10,7,178.77,2.5,1
2024-04-21,PROD0012,WH-SOUTH,40,68,55,14,18.17,0.6,1
2024-04-22,PROD0012,WH-NORTH,48,54,38,8,14.39,0.9,1
2024-04-23,PROD0012,WH-EAST,123,66,25,2,90.84,1.9,1
2024-04-24,PROD0012,WH-EAST,43,59,45,10,26.36,0.7,1
2024-04-25,PROD0012,WH-SOUTH,158,67,15,10,56.39,2.4,1
2024-04-26,PROD0012,WH-NORTH,31,52,42,9,91.28,0.6,1
2024-04-27,PROD0012,WH-SOUTH,43,31,17,8,90.58,1.4,1
2024-04-28,PROD0012,WH-EAST,84,47,19,14,12.93,1.8,1
2024-04-29,PROD0012,WH-NORTH,124,64,23,7,164.61,1.9,1
2024-04-30,PROD0012,WH-NORTH,81,71,44,4,126.05,1.1,1
2024-05-01,PROD0012,WH-NORTH,150,72,22,11,16.48,2.1,1
2024-05-02,PROD0012,WH-SOUTH,92,63,33,9,170.81,1.5,1
2024-05-03,PROD0012,WH-SOUTH,83,68,41,3,178.28,1.2,1
2024-05-04,PROD0012,WH-SOUTH,66,50,28,6,44.38,1.3,1
2024-05-05,PROD0012,WH-SOUTH,105,71,36,10,13.73,1.5,1
2024-05-06,PROD0012,WH-SOUTH,0,53,53,10,22.35,0.0,1
2024-05-07,PROD0012,WH-NORTH,123,59,18,10,34.68,2.1,1
2024-05-08,PROD0012,WH-SOUTH,64,59,38,2,121.47,1.1,1
2024-05-09,PROD0012,WH-EAST,80,47,21,14,160.38,1.7,1
2024-05-10,PROD0012,WH-NORTH,46,48,33,11,8.6,1.0,1
2024-05-11,PROD0012,WH-SOUTH,68,65,43,5,157.89,1.0,1
2024-05-12,PROD0012,WH-SOUTH,72,52,28,13,19.6,1.4,1
2024-05-13,PROD0012,WH-EAST,131,65,22,9,30.79,2.0,1
2024-05-14,PROD0012,WH-EAST,44,57,43,14,172.15,0.8,1
2024-05-15,PROD0012,WH-EAST,32,77,67,12,63.94,0.4,1
2024-05-16,PROD0012,WH-SOUTH,146,63,15,11,32.71,2.3,1
2024-05-17,PROD0012,WH-SOUTH,76,71,46,6,175.34,1.1,1
2024-05-18,PROD0012,WH-NORTH,121,66,26,12,119.07,1.8,1
2024-05-19,PROD0012,WH-EAST,158,69,17,2,39.36,2.3,1
2024-05-20,PROD0012,WH-SOUTH,109,57,21,3,158.05,1.9,1
2024-05-21,PROD0012,WH-EAST,137,56,11,12,154.81,2.4,1
2024-05-22,PROD0012,WH-EAST,162,67,13,12,12.21,2.4,1
2024-05-23,PROD0012,WH-EAST,78,63,37,9,122.56,1.2,1
2024-05-24,PROD0012,WH-NORTH,94,58,27,10,144.49,1.6,1
2024-05-25,PROD0012,WH-SOUTH,0,54,54,11,37.36,0.0,1
2024-05-26,PROD0012,WH-SOUTH,101,52,19,4,170.16,1.9,1
2024-05-27,PROD0012,WH-NORTH,126,53,11,3,152.32,2.4,1
2024-05-28,PROD0012,WH-NORTH,92,77,47,10,186.62,1.2,1
2024-05-29,PROD0012,WH-SOUTH,85,54,26,10,177.69,1.6,1
2024-05-30,PROD0012,WH-EAST,95,61,30,6,30.24,1.6,1
2024-05-31,PROD0012,WH-NORTH,110,50,14,10,164.51,2.2,1
2024-06-01,PROD0012,WH-NORTH,66,68,46,12,133.51,1.0,1
2024-06-02,PROD0012,WH-EAST,32,56,46,10,82.88,0.6,1
2024-06-03,PROD0012,WH-EAST,107,42,7,6,78.52,2.5,1
2024-06-04,PROD0012,WH-SOUTH,140,70,24,6,123.4,2.0,1
2024-06-05,PROD0012,WH-EAST,87,55,26,13,83.86,1.6,1
2024-06-06,PROD0012,WH-NORTH,130,54,11,3,72.19,2.4,1
2024-06-07,PROD0012,WH-NORTH,0,66,66,9,178.95,0.0,1
2024-06-08,PROD0012,WH-EAST,35,60,49,13,101.76,0.6,1
2024-06-09,PROD0012,WH-SOUTH,0,53,53,2,105.54,0.0,1
2024-06-10,PROD0012,WH-SOUTH,164,61,7,14,67.15,2.7,1
2024-06-11,PROD0012,WH-EAST,55,37,19,12,150.05,1.5,1
2024-06-12,PROD0012,WH-SOUTH,104,47,13,10,106.57,2.2,1
2024-06-13,PROD0012,WH-EAST,74,75,51,6,33.22,1.0,1
2024-06-14,PROD0012,WH-NORTH,164,51,0,2,165.05,3.2,0
2024-06-15,PROD0012,WH-NORTH,117,69,30,12,143.64,1.7,1
2024-06-16,PROD0012,WH-SOUTH,95,72,41,2,11.74,1.3,1
2024-06-17,PROD0012,WH-SOUTH,76,63,38,9,160.11,1.2,1
2024-06-18,PROD0012,WH-EAST,150,68,18,5,81.53,2.2,1
2024-06-19,PROD0012,WH-SOUTH,96,45,13,3,57.48,2.1,1
2024-06-20,PROD0012,WH-NORTH,41,72,59,8,148.24,0.6,1
2024-06-21,PROD0012,WH-SOUTH,51,56,39,13,17.56,0.9,1
2024-06-22,PROD0012,WH-EAST,146,55,7,6,132.25,2.7,1
2024-06-23,PROD0012,WH-NORTH,90,83,53,9,107.86,1.1,1
2024-06-24,PROD0012,WH-NORTH,139,52,6,14,80.43,2.7,1
2024-06-25,PROD0012,WH-NORTH,67,42,20,3,101.06,1.6,1
2024-06-26,PROD0012,WH-EAST,0,58,58,2,16.97,0.0,1
2024-06-27,PROD0012,WH-SOUTH,136,64,19,12,104.6,2.1,1
2024-06-28,PROD0012,WH-SOUTH,78,65,39,4,91.99,1.2,1
2024-01-01,PROD0013,WH-SOUTH,365,242,121,9,98.32,1.5,1
2024-01-02,PROD0013,WH-SOUTH,187,176,114,14,28.67,1.1,1
2024-01-03,PROD0013,WH-SOUTH,240,177,97,6,133.44,1.4,1
2024-01-04,PROD0013,WH-SOUTH,375,195,70,14,163.54,1.9,1
2024-01-05,PROD0013,WH-NORTH,429,177,34,11,48.44,2.4,1
2024-01-06,PROD0013,WH-SOUTH,260,157,71,7,136.47,1.7,1
2024-01-07,PROD0013,WH-SOUTH,202,141,74,11,128.61,1.4,1
2024-01-08,PROD0013,WH-SOUTH,341,72,0,11,74.82,4.7,0
2024-01-09,PROD0013,WH-EAST,193,170,106,4,40.33,1.1,1
2024-01-10,PROD0013,WH-SOUTH,282,221,127,9,173.79,1.3,1
2024-01-11,PROD0013,WH-EAST,246,191,109,5,124.02,1.3,1
2024-01-12,PROD0013,WH-EAST,516,232,60,13,132.74,2.2,1
2024-01-13,PROD0013,WH-EAST,258,169,83,4,167.79,1.5,1
2024-01-14,PROD0013,WH-EAST,314,241,137,4,173.9,1.3,1
2024-01-15,PROD0013,WH-SOUTH,318,203,97,14,139.47,1.6,1
2024-01-16,PROD0013,WH-NORTH,375,182,57,4,165.48,2.1,1
2024-01-17,PROD0013,WH-EAST,362,228,108,5,112.08,1.6,1
2024-01-18,PROD0013,WH-NORTH,166,150,95,11,179.91,1.1,1
2024-01-19,PROD0013,WH-EAST,428,243,101,14,6.44,1.8,1
2024-01-20,PROD0013,WH-EAST,258,163,77,11,143.69,1.6,1
2024-01-21,PROD0013,WH-EAST,335,136,25,13,93.02,2.5,1
2024-01-22,PROD0013,WH-SOUTH,201,200,133,4,64.93,1.0,1
2024-01-23,PROD0013,WH-SOUTH,444,248,100,9,112.22,1.8,1
2024-01-24,PROD0013,WH-SOUTH,326,198,90,3,168.58,1.6,1
2024-01-25,PROD0013,WH-SOUTH,267,234,145,5,78.73,1.1,1
2024-01-26,PROD0013,WH-NORTH,416,162,24,3,61.89,2.6,1
2024-01-27,PROD0013,WH-NORTH,397,179,47,11,139.71,2.2,1
2024-01-28,PROD0013,WH-SOUTH,472,204,47,4,65.59,2.3,1
2024-01-29,PROD0013,WH-EAST,386,202,74,10,106.93,1.9,1
2024-01-30,PROD0013,WH-NORTH,300,126,26,13,19.82,2.4,1
2024-01-31,PROD0013,WH-EAST,149,150,101,12,127.85,1.0,1
2024-02-01,PROD0013,WH-EAST,377,206,81,8,90.79,1.8,1
2024-02-02,PROD0013,WH-SOUTH,525,206,31,9,22.94,2.5,1
2024-02-03,PROD0013,WH-SOUTH,247,171,89,9,109.67,1.4,1
2024-02-04,PROD0013,WH-SOUTH,394,229,98,4,121.54,1.7,1
2024-02-05,PROD0013,WH-NORTH,435,292,147,5,156.58,1.5,1
2024-02-06,PROD0013,WH-NORTH,194,218,154,6,98.27,0.9,1
2024-02-07,PROD0013,WH-SOUTH,515,218,47,10,198.42,2.4,1
2024-02-08,PROD0013,WH-EAST,467,134,0,3,166.2,3.5,0
2024-02-09,PROD0013,WH-SOUTH,434,157,13,2,89.78,2.8,1
2024-02-10,PROD0013,WH-EAST,297,210,111,11,43.5,1.4,1
2024-02-11,PROD0013,WH-SOUTH,439,193,47,7,52.54,2.3,1
2024-02-12,PROD0013,WH-SOUTH,175,159,101,4,73.01,1.1,1
2024-02-13,PROD0013,WH-EAST,513,246,75,13,150.73,2.1,1
2024-02-14,PROD0013,WH-NORTH,516,171,0,2,24.55,3.0,0
2024-02-15,PROD0013,WH-EAST,267,161,72,3,61.99,1.7,1
2024-02-16,PROD0013,WH-EAST,349,202,86,14,171.22,1.7,1
2024-02-17,PROD0013,WH-NORTH,130,167,124,7,88.58,0.8,1
2024-02-18,PROD0013,WH-EAST,379,180,54,5,41.39,2.1,1
2024-02-19,PROD0013,WH-SOUTH,496,202,37,8,161.9,2.5,1
2024-02-20,PROD0013,WH-SOUTH,470,188,32,11,104.51,2.5,1
2024-02-21,PROD0013,WH-NORTH,190,137,74,8,128.38,1.4,1
2024-02-22,PROD0013,WH-SOUTH,456,83,0,13,65.34,5.5,0
2024-02-23,PROD0013,WH-NORTH,101,113,80,14,30.8,0.9,1
2024-02-24,PROD0013,WH-NORTH,271,142,52,11,32.23,1.9,1
2024-02-25,PROD0013,WH-EAST,435,241,96,6,33.63,1.8,1
2024-02-26,PROD0013,WH-NORTH,358,188,69,3,124.77,1.9,1
2024-02-27,PROD0013,WH-EAST,511,194,24,7,14.78,2.6,1
2024-02-28,PROD0013,WH-NORTH,354,211,93,2,117.29,1.7,1
2024-02-29,PROD0013,WH-NORTH,147,173,124,2,47.03,0.8,1
2024-03-01,PROD0013,WH-EAST,155,135,84,5,119.57,1.1,1
2024-03-02,PROD0013,WH-SOUTH,457,197,45,2,157.3,2.3,1
2024-03-03,PROD0013,WH-SOUTH,509,133,0,11,73.13,3.8,0
2024-03-04,PROD0013,WH-NORTH,123,146,105,13,127.47,0.8,1
2024-03-05,PROD0013,WH-NORTH,260,274,188,2,65.52,0.9,1
2024-03-06,PROD0013,WH-EAST,471,185,28,6,174.68,2.5,1
2024-03-07,PROD0013,WH-EAST,318,175,69,14,44.11,1.8,1
2024-03-08,PROD0013,WH-NORTH,181,209,149,7,101.25,0.9,1
2024-03-09,PROD0013,WH-NORTH,175,107,49,3,182.45,1.6,1
2024-03-10,PROD0013,WH-EAST,362,151,31,11,30.36,2.4,1
2024-03-11,PROD0013,WH-EAST,124,215,174,13,193.9,0.6,1
2024-03-12,PROD0013,WH-EAST,527,121,0,2,122.44,4.4,0
2024-03-13,PROD0013,WH-NORTH,117,138,99,9,130.47,0.8,1
2024-03-14,PROD0013,WH-SOUTH,145,154,106,11,64.01,0.9,1
2024-03-15,PROD0013,WH-NORTH,369,227,104,11,198.06,1.6,1
2024-03-16,PROD0013,WH-NORTH,274,257,166,14,21.02,1.1,1
2024-03-17,PROD0013,WH-NORTH,484,110,0,13,86.19,4.4,0
2024-03-18,PROD0013,WH-NORTH,357,156,37,12,57.02,2.3,1
2024-03-19,PROD0013,WH-NORTH,357,156,37,2,170.8,2.3,1
2024-03-20,PROD0013,WH-EAST,252,103,19,14,10.65,2.4,1
2024-03-21,PROD0013,WH-SOUTH,186,220,158,8,150.28,0.8,1
2024-03-22,PROD0013,WH-EAST,529,224,48,12,193.42,2.4,1
2024-03-23,PROD0013,WH-SOUTH,451,153,3,11,101.61,2.9,1
2024-03-24,PROD0013,WH-SOUTH,479,174,15,3,138.22,2.8,1
2024-03-25,PROD0013,WH-EAST,340,205,92,6,11.16,1.7,1
2024-03-26,PROD0013,WH-EAST,483,146,0,14,61.4,3.3,0
2024-03-27,PROD0013,WH-NORTH,124,229,188,7,43.81,0.5,1
2024-03-28,PROD0013,WH-NORTH,315,178,73,13,82.31,1.8,1
2024-03-29,PROD0013,WH-EAST,428,178,36,2,126.77,2.4,1
2024-03-30,PROD0013,WH-SOUTH,120,162,122,12,103.34,0.7,1
2024-03-31,PROD0013,WH-EAST,520,146,0,2,55.93,3.6,0
2024-04-01,PROD0013,WH-EAST,0,225,225,12,133.76,0.0,1
2024-04-02,PROD0013,WH-EAST,348,175,59,12,68.27,2.0,1
2024-04-03,PROD0013,WH-NORTH,404,153,19,5,98.26,2.6,1
2024-04-04,PROD0013,WH-NORTH,183,174,113,4,15.09,1.1,1
2024-04-05,PROD0013,WH-SOUTH,269,238,149,10,74.18,1.1,1
2024-04-06,PROD0013,WH-EAST,394,164,33,9,189.74,2.4,1
2024-04-07,PROD0013,WH-SOUTH,519,197,24,13,132.5,2.6,1
2024-04-08,PROD0013,WH-NORTH,0,187,187,13,19.02,0.0,1
2024-04-09,PROD0013,WH-NORTH,402,221,87,2,12.25,1.8,1
2024-04-10,PROD0013,WH-SOUTH,210,210,140,13,133.15,1.0,1
2024-04-11,PROD0013,WH-EAST,416,167,29,6,103.74,2.5,1
2024-04-12,PROD0013,WH-EAST,134,117,73,6,137.28,1.1,1
2024-04-13,PROD0013,WH-NORTH,198,192,126,7,169.16,1.0,1
2024-04-14,PROD0013,WH-NORTH,279,204,111,4,134.32,1.4,1
2024-04-15,PROD0013,WH-SOUTH,413,165,28,2,17.22,2.5,1
2024-04-16,PROD0013,WH-EAST,460,123,0,4,28.63,3.7,0
2024-04-17,PROD0013,WH-NORTH,308,193,91,3,177.54,1.6,1
2024-04-18,PROD0013,WH-NORTH,224,198,124,6,151.28,1.1,1
2024-04-19,PROD0013,WH-EAST,240,212,132,8,163.61,1.1,1
2024-04-20,PROD0013,WH-SOUTH,146,185,137,13,114.9,0.8,1
2024-04-21,PROD0013,WH-NORTH,462,98,0,3,37.12,4.7,0
2024-04-22,PROD0013,WH-NORTH,180,168,108,3,86.85,1.1,1
2024-04-23,PROD0013,WH-SOUTH,522,146,0,12,95.62,3.6,0
2024-04-24,PROD0013,WH-EAST,197,160,95,12,160.77,1.2,1
2024-04-25,PROD0013,WH-SOUTH,224,211,137,6,81.65,1.1,1
2024-04-26,PROD0013,WH-NORTH,163,173,119,13,99.9,0.9,1
2024-04-27,PROD0013,WH-EAST,227,150,75,13,116.42,1.5,1
2024-04-28,PROD0013,WH-EAST,372,133,9,7,6.44,2.8,1
2024-04-29,PROD0013,WH-EAST,517,183,11,3,90.02,2.8,1
2024-04-30,PROD0013,WH-SOUTH,190,97,34,9,39.93,2.0,1
2024-05-01,PROD0013,WH-NORTH,170,218,162,2,167.37,0.8,1
2024-05-02,PROD0013,WH-SOUTH,253,183,99,13,94.81,1.4,1
2024-05-03,PROD0013,WH-SOUTH,459,205,52,7,70.55,2.2,1
2024-05-04,PROD0013,WH-EAST,332,146,36,14,76.77,2.3,1
2024-05-05,PROD0013,WH-NORTH,365,157,36,9,43.66,2.3,1
2024-05-06,PROD0013,WH-EAST,332,158,48,9,185.61,2.1,1
2024-05-07,PROD0013,WH-NORTH,114,154,116,11,19.83,0.7,1
2024-05-08,PROD0013,WH-SOUTH,499,136,0,7,156.11,3.7,0
2024-05-09,PROD0013,WH-EAST,204,161,93,7,169.0,1.3,1
2024-05-10,PROD0013,WH-NORTH,316,155,50,3,61.75,2.0,1
2024-05-11,PROD0013,WH-NORTH,149,245,196,5,16.79,0.6,1
2024-05-12,PROD0013,WH-NORTH,149,158,109,2,7.97,0.9,1
2024-05-13,PROD0013,WH-NORTH,276,186,94,3,59.99,1.5,1
2024-05-14,PROD0013,WH-EAST,294,185,87,12,10.42,1.6,1
2024-05-15,PROD0013,WH-NORTH,490,195,32,9,193.33,2.5,1
2024-05-16,PROD0013,WH-SOUTH,98,150,118,2,149.4,0.7,1
2024-05-17,PROD0013,WH-EAST,502,144,0,13,193.4,3.5,0
2024-05-18,PROD0013,WH-SOUTH,502,163,0,8,136.01,3.1,0
2024-05-19,PROD0013,WH-NORTH,122,120,80,9,139.74,1.0,1
2024-05-20,PROD0013,WH-SOUTH,436,201,56,9,37.74,2.2,1
2024-05-21,PROD0013,WH-NORTH,184,143,82,2,91.36,1.3,1
2024-05-22,PROD0013,WH-SOUTH,491,188,25,9,66.26,2.6,1
2024-05-23,PROD0013,WH-NORTH,369,143,20,3,33.09,2.6,1
2024-05-24,PROD0013,WH-NORTH,461,125,0,13,59.98,3.7,0
2024-05-25,PROD0013,WH-NORTH,500,214,48,12,144.96,2.3,1
2024-05-26,PROD0013,WH-NORTH,149,216,167,14,64.38,0.7,1
2024-05-27,PROD0013,WH-SOUTH,520,185,12,13,173.2,2.8,1
2024-05-28,PROD0013,WH-EAST,477,212,53,6,182.69,2.2,1
2024-05-29,PROD0013,WH-EAST,304,142,41,14,144.93,2.1,1
2024-05-30,PROD0013,WH-NORTH,234,198,120,3,77.16,1.2,1
2024-05-31,PROD0013,WH-NORTH,194,139,75,9,27.9,1.4,1
2024-06-01,PROD0013,WH-EAST,374,166,42,8,7.04,2.3,1
2024-06-02,PROD0013,WH-SOUTH,266,161,73,7,160.41,1.7,1
2024-06-03,PROD0013,WH-EAST,326,187,79,8,149.45,1.7,1
2024-06-04,PROD0013,WH-EAST,448,199,50,9,72.55,2.3,1
2024-06-05,PROD0013,WH-SOUTH,99,145,112,12,140.27,0.7,1
2024-06-06,PROD0013,WH-EAST,519,167,0,6,128.27,3.1,0
2024-06-07,PROD0013,WH-EAST,211,167,97,9,165.93,1.3,1
2024-06-08,PROD0013,WH-NORTH,163,184,130,9,123.45,0.9,1
2024-06-09,PROD0013,WH-NORTH,179,129,70,6,65.36,1.4,1
2024-06-10,PROD0013,WH-EAST,413,179,42,10,19.82,2.3,1
2024-06-11,PROD0013,WH-SOUTH,118,114,75,13,90.9,1.0,1
2024-06-12,PROD0013,WH-SOUTH,293,189,92,10,149.47,1.6,1
2024-06-13,PROD0013,WH-NORTH,254,241,157,13,197.6,1.1,1
2024-06-14,PROD0013,WH-EAST,371,145,22,3,66.94,2.6,1
2024-06-15,PROD0013,WH-NORTH,307,137,35,5,159.27,2.2,1
2024-06-16,PROD0013,WH-SOUTH,368,166,44,11,94.07,2.2,1
2024-06-17,PROD0013,WH-EAST,445,236,88,14,145.24,1.9,1
2024-06-18,PROD0013,WH-EAST,112,139,102,7,70.79,0.8,1
2024-06-19,PROD0013,WH-NORTH,181,182,122,9,43.19,1.0,1
2024-06-20,PROD0013,WH-SOUTH,155,181,130,11,39.2,0.9,1
2024-06-21,PROD0013,WH-EAST,370,149,26,7,79.47,2.5,1
2024-06-22,PROD0013,WH-EAST,250,167,84,12,36.7,1.5,1
2024-06-23,PROD0013,WH-SOUTH,465,151,0,6,128.76,3.1,0
2024-06-24,PROD0013,WH-NORTH,496,157,0,14,176.44,3.2,0
2024-06-25,PROD0013,WH-NORTH,207,201,132,10,150.16,1.0,1
2024-06-26,PROD0013,WH-NORTH,144,178,130,8,62.05,0.8,1
2024-06-27,PROD0013,WH-NORTH,341,169,56,8,71.39,2.0,1
2024-06-28,PROD0013,WH-SOUTH,476,157,0,10,94.96,3.0,0
2024-01-01,PROD0014,WH-NORTH,152,38,0,9,38.2,4.0,0
2024-01-02,PROD0014,WH-EAST,220,92,19,11,71.78,2.4,1
2024-01-03,PROD0014,WH-NORTH,170,78,22,14,39.98,2.2,1
2024-01-04,PROD0014,WH-EAST,171,73,16,8,182.53,2.3,1
2024-01-05,PROD0014,WH-SOUTH,58,74,55,10,106.37,0.8,1
2024-01-06,PROD0014,WH-SOUTH,77,72,47,3,25.18,1.1,1
2024-01-07,PROD0014,WH-EAST,174,87,29,4,11.47,2.0,1
2024-01-08,PROD0014,WH-SOUTH,175,58,0,4,52.77,3.0,0
2024-01-09,PROD0014,WH-NORTH,71,66,43,13,192.83,1.1,1
2024-01-10,PROD0014,WH-NORTH,106,66,31,11,84.51,1.6,1
2024-01-11,PROD0014,WH-NORTH,99,75,42,3,190.12,1.3,1
2024-01-12,PROD0014,WH-SOUTH,203,69,2,2,180.91,2.9,1
2024-01-13,PROD0014,WH-NORTH,77,64,39,9,94.2,1.2,1
2024-01-14,PROD0014,WH-EAST,83,83,56,7,182.94,1.0,1
2024-01-15,PROD0014,WH-SOUTH,141,90,43,6,37.06,1.6,1
2024-01-16,PROD0014,WH-EAST,126,73,31,12,96.88,1.7,1
2024-01-17,PROD0014,WH-NORTH,197,70,5,10,153.78,2.8,1
2024-01-18,PROD0014,WH-EAST,48,66,50,7,38.56,0.7,1
2024-01-19,PROD0014,WH-NORTH,209,73,4,10,48.39,2.9,1
2024-01-20,PROD0014,WH-NORTH,75,81,56,6,60.87,0.9,1
2024-01-21,PROD0014,WH-EAST,0,69,69,5,127.69,0.0,1
2024-01-22,PROD0014,WH-SOUTH,149,72,23,2,59.35,2.1,1
2024-01-23,PROD0014,WH-NORTH,57,92,73,8,25.44,0.6,1
2024-01-24,PROD0014,WH-EAST,153,71,20,5,43.3,2.2,1
2024-01-25,PROD0014,WH-NORTH,145,60,12,3,178.15,2.4,1
2024-01-26,PROD0014,WH-EAST,174,69,11,14,11.78,2.5,1
2024-01-27,PROD0014,WH-NORTH,124,87,46,4,193.21,1.4,1
2024-01-28,PROD0014,WH-SOUTH,156,87,35,6,21.1,1.8,1
2024-01-29,PROD0014,WH-SOUTH,175,56,0,5,100.41,3.1,0
2024-01-30,PROD0014,WH-NORTH,159,79,26,7,7.07,2.0,1
2024-01-31,PROD0014,WH-NORTH,96,67,35,5,190.12,1.4,1
2024-02-01,PROD0014,WH-SOUTH,87,91,62,14,82.46,1.0,1
2024-02-02,PROD0014,WH-SOUTH,91,36,6,3,21.58,2.5,1
2024-02-03,PROD0014,WH-NORTH,96,46,14,4,172.99,2.1,1
2024-02-04,PROD0014,WH-NORTH,161,55,2,14,27.49,2.9,1
2024-02-05,PROD0014,WH-EAST,58,80,61,4,137.91,0.7,1
2024-02-06,PROD0014,WH-NORTH,70,57,34,8,121.39,1.2,1
2024-02-07,PROD0014,WH-NORTH,61,97,77,7,53.12,0.6,1
2024-02-08,PROD0014,WH-SOUTH,84,65,37,14,172.91,1.3,1
2024-02-09,PROD0014,WH-SOUTH,127,88,46,4,36.18,1.4,1
2024-02-10,PROD0014,WH-SOUTH,84,70,42,10,180.14,1.2,1
2024-02-11,PROD0014,WH-SOUTH,80,44,18,11,114.13,1.8,1
2024-02-12,PROD0014,WH-NORTH,80,70,44,10,44.2,1.1,1
2024-02-13,PROD0014,WH-EAST,131,77,34,3,73.58,1.7,1
2024-02-14,PROD0014,WH-SOUTH,154,65,14,8,106.88,2.4,1
2024-02-15,PROD0014,WH-EAST,0,60,60,7,86.33,0.0,1
2024-02-16,PROD0014,WH-NORTH,0,86,86,14,32.91,0.0,1
2024-02-17,PROD0014,WH-NORTH,74,76,52,6,96.72,1.0,1
2024-02-18,PROD0014,WH-NORTH,38,73,61,5,179.48,0.5,1
2024-02-19,PROD0014,WH-SOUTH,63,67,46,6,92.67,0.9,1
2024-02-20,PROD0014,WH-NORTH,69,75,52,11,39.21,0.9,1
2024-02-21,PROD0014,WH-SOUTH,170,83,27,11,68.91,2.0,1
2024-02-22,PROD0014,WH-EAST,66,85,63,4,124.1,0.8,1
2024-02-23,PROD0014,WH-EAST,210,70,0,5,32.56,3.0,0
2024-02-24,PROD0014,WH-NORTH,94,49,18,14,183.73,1.9,1
2024-02-25,PROD0014,WH-NORTH,190,113,50,12,182.45,1.7,1
2024-02-26,PROD0014,WH-EAST,114,97,59,2,119.96,1.2,1
2024-02-27,PROD0014,WH-NORTH,147,49,0,6,8.79,3.0,0
2024-02-28,PROD0014,WH-NORTH,75,73,48,9,33.59,1.0,1
2024-02-29,PROD0014,WH-SOUTH,190,72,9,11,55.5,2.6,1
2024-03-01,PROD0014,WH-NORTH,109,86,50,13,142.23,1.3,1
2024-03-02,PROD0014,WH-SOUTH,202,71,4,7,51.43,2.8,1
2024-03-03,PROD0014,WH-SOUTH,96,65,33,11,173.69,1.5,1
2024-03-04,PROD0014,WH-SOUTH,141,85,38,7,23.84,1.7,1
2024-03-05,PROD0014,WH-EAST,167,101,46,14,157.37,1.7,1
2024-03-06,PROD0014,WH-EAST,69,57,34,14,68.37,1.2,1
2024-03-07,PROD0014,WH-SOUTH,56,82,64,8,163.6,0.7,1
2024-03-08,PROD0014,WH-NORTH,100,98,65,12,117.12,1.0,1
2024-03-09,PROD0014,WH-SOUTH,110,74,38,3,195.35,1.5,1
2024-03-10,PROD0014,WH-NORTH,205,79,11,9,35.23,2.6,1
2024-03-11,PROD0014,WH-EAST,173,77,20,3,109.78,2.2,1
2024-03-12,PROD0014,WH-SOUTH,104,87,53,5,89.36,1.2,1
2024-03-13,PROD0014,WH-SOUTH,165,71,16,14,17.35,2.3,1
2024-03-14,PROD0014,WH-SOUTH,197,51,0,7,125.91,3.9,0
2024-03-15,PROD0014,WH-EAST,210,95,25,8,199.65,2.2,1
2024-03-16,PROD0014,WH-NORTH,48,60,44,8,58.57,0.8,1
2024-03-17,PROD0014,WH-SOUTH,93,82,51,12,25.31,1.1,1
2024-03-18,PROD0014,WH-EAST,37,70,58,6,194.9,0.5,1
2024-03-19,PROD0014,WH-SOUTH,91,89,59,4,88.82,1.0,1
2024-03-20,PROD0014,WH-SOUTH,178,86,27,4,40.32,2.1,1
2024-03-21,PROD0014,WH-SOUTH,55,85,67,4,193.58,0.6,1
2024-03-22,PROD0014,WH-EAST,146,92,44,3,135.29,1.6,1
2024-03-23,PROD0014,WH-NORTH,198,88,22,5,55.19,2.2,1
2024-03-24,PROD0014,WH-EAST,55,78,60,7,110.39,0.7,1
2024-03-25,PROD0014,WH-EAST,171,89,32,13,45.13,1.9,1
2024-03-26,PROD0014,WH-SOUTH,92,77,47,3,193.23,1.2,1
2024-03-27,PROD0014,WH-NORTH,95,79,48,12,143.25,1.2,1
2024-03-28,PROD0014,WH-EAST,118,79,40,12,193.42,1.5,1
2024-03-29,PROD0014,WH-NORTH,202,73,6,14,72.91,2.8,1
2024-03-30,PROD0014,WH-NORTH,103,68,34,5,187.67,1.5,1
2024-03-31,PROD0014,WH-NORTH,154,76,25,7,64.03,2.0,1
2024-04-01,PROD0014,WH-EAST,142,58,11,4,11.36,2.4,1
2024-04-02,PROD0014,WH-EAST,207,75,6,11,180.96,2.8,1
2024-04-03,PROD0014,WH-EAST,164,73,19,6,72.58,2.2,1
2024-04-04,PROD0014,WH-EAST,58,99,80,12,196.12,0.6,1
2024-04-05,PROD0014,WH-EAST,132,74,30,4,76.98,1.8,1
2024-04-06,PROD0014,WH-NORTH,91,52,22,6,67.84,1.8,1
2024-04-07,PROD0014,WH-SOUTH,74,72,48,3,158.4,1.0,1
2024-04-08,PROD0014,WH-SOUTH,113,60,23,3,89.06,1.9,1
2024-04-09,PROD0014,WH-EAST,87,72,43,2,99.4,1.2,1
2024-04-10,PROD0014,WH-NORTH,160,74,21,8,96.58,2.2,1
2024-04-11,PROD0014,WH-SOUTH,126,90,48,5,161.89,1.4,1
2024-04-12,PROD0014,WH-EAST,69,90,67,14,120.99,0.8,1
2024-04-13,PROD0014,WH-NORTH,108,87,51,11,88.11,1.2,1
2024-04-14,PROD0014,WH-SOUTH,219,56,0,3,113.15,3.9,0
2024-04-15,PROD0014,WH-EAST,150,78,28,8,178.33,1.9,1
2024-04-16,PROD0014,WH-SOUTH,139,82,36,7,149.96,1.7,1
2024-04-17,PROD0014,WH-NORTH,84,87,59,14,177.28,1.0,1
2024-04-18,PROD0014,WH-SOUTH,149,68,19,7,53.12,2.2,1
2024-04-19,PROD0014,WH-SOUTH,0,103,103,3,89.72,0.0,1
2024-04-20,PROD0014,WH-EAST,91,101,71,6,14.53,0.9,1
2024-04-21,PROD0014,WH-SOUTH,193,60,0,7,90.8,3.2,0
2024-04-22,PROD0014,WH-EAST,188,64,2,6,22.36,2.9,1
2024-04-23,PROD0014,WH-SOUTH,176,97,39,5,84.69,1.8,1
2024-04-24,PROD0014,WH-SOUTH,172,99,42,12,67.81,1.7,1
2024-04-25,PROD0014,WH-NORTH,72,56,32,11,125.83,1.3,1
2024-04-26,PROD0014,WH-SOUTH,116,73,35,5,187.03,1.6,1
2024-04-27,PROD0014,WH-EAST,104,52,18,9,177.0,2.0,1
2024-04-28,PROD0014,WH-SOUTH,123,68,27,10,186.58,1.8,1
2024-04-29,PROD0014,WH-EAST,64,67,46,13,197.71,1.0,1
2024-04-30,PROD0014,WH-NORTH,78,53,27,8,84.02,1.5,1
2024-05-01,PROD0014,WH-SOUTH,122,67,27,7,172.94,1.8,1
2024-05-02,PROD0014,WH-SOUTH,215,73,2,7,195.56,2.9,1
2024-05-03,PROD0014,WH-EAST,186,47,0,10,124.99,4.0,0
2024-05-04,PROD0014,WH-EAST,129,53,10,6,109.93,2.4,1
2024-05-05,PROD0014,WH-EAST,149,76,27,4,106.5,2.0,1
2024-05-06,PROD0014,WH-NORTH,97,100,68,9,118.18,1.0,1
2024-05-07,PROD0014,WH-SOUTH,92,66,36,11,142.44,1.4,1
2024-05-08,PROD0014,WH-SOUTH,85,49,21,6,65.45,1.7,1
2024-05-09,PROD0014,WH-SOUTH,144,95,47,4,65.7,1.5,1
2024-05-10,PROD0014,WH-SOUTH,63,52,31,9,56.03,1.2,1
2024-05-11,PROD0014,WH-EAST,105,60,25,9,129.14,1.8,1
2024-05-12,PROD0014,WH-NORTH,123,107,66,5,76.8,1.1,1
2024-05-13,PROD0014,WH-NORTH,209,87,18,2,193.12,2.4,1
2024-05-14,PROD0014,WH-SOUTH,183,66,5,11,163.33,2.8,1
2024-05-15,PROD0014,WH-SOUTH,156,68,16,13,132.84,2.3,1
2024-05-16,PROD0014,WH-NORTH,178,74,15,11,170.91,2.4,1
2024-05-17,PROD0014,WH-SOUTH,184,82,21,3,75.7,2.2,1
2024-05-18,PROD0014,WH-EAST,44,75,61,3,102.31,0.6,1
2024-05-19,PROD0014,WH-SOUTH,62,55,35,3,152.63,1.1,1
2024-05-20,PROD0014,WH-NORTH,0,72,72,11,139.21,0.0,1
2024-05-21,PROD0014,WH-EAST,54,98,80,9,39.41,0.6,1
2024-05-22,PROD0014,WH-SOUTH,142,81,34,7,29.68,1.8,1
2024-05-23,PROD0014,WH-SOUTH,151,64,14,7,98.62,2.4,1
2024-05-24,PROD0014,WH-EAST,179,75,16,6,60.29,2.4,1
2024-05-25,PROD0014,WH-EAST,75,78,53,10,111.09,1.0,1
2024-05-26,PROD0014,WH-SOUTH,93,64,33,7,17.91,1.5,1
2024-05-27,PROD0014,WH-NORTH,90,82,52,10,31.89,1.1,1
2024-05-28,PROD0014,WH-SOUTH,53,69,52,14,14.56,0.8,1
2024-05-29,PROD0014,WH-EAST,159,60,7,2,44.26,2.6,1
2024-05-30,PROD0014,WH-SOUTH,155,51,0,3,193.21,3.0,0
2024-05-31,PROD0014,WH-SOUTH,152,64,14,13,139.02,2.4,1
2024-06-01,PROD0014,WH-EAST,80,51,25,2,191.64,1.6,1
2024-06-02,PROD0014,WH-NORTH,120,64,24,3,126.98,1.9,1
2024-06-03,PROD0014,WH-SOUTH,135,42,0,12,8.29,3.2,0
2024-06-04,PROD0014,WH-EAST,67,65,43,8,94.95,1.0,1
2024-06-05,PROD0014,WH-EAST,154,77,26,3,133.98,2.0,1
2024-06-06,PROD0014,WH-NORTH,212,82,12,10,113.64,2.6,1
2024-06-07,PROD0014,WH-EAST,201,57,0,9,182.42,3.5,0
2024-06-08,PROD0014,WH-SOUTH,192,75,11,11,177.14,2.6,1
2024-06-09,PROD0014,WH-SOUTH,81,65,38,6,133.57,1.2,1
2024-06-10,PROD0014,WH-SOUTH,163,90,36,13,41.04,1.8,1
2024-06-11,PROD0014,WH-EAST,109,62,26,13,81.47,1.8,1
2024-06-12,PROD0014,WH-SOUTH,66,73,51,11,33.06,0.9,1
2024-06-13,PROD0014,WH-SOUTH,78,76,50,11,19.68,1.0,1
2024-06-14,PROD0014,WH-NORTH,0,65,65,11,136.6,0.0,1
2024-06-15,PROD0014,WH-SOUTH,178,92,33,11,52.1,1.9,1
2024-06-16,PROD0014,WH-NORTH,155,63,12,2,79.67,2.5,1
2024-06-17,PROD0014,WH-NORTH,169,90,34,10,40.94,1.9,1
2024-06-18,PROD0014,WH-SOUTH,188,41,0,10,135.62,4.6,0
2024-06-19,PROD0014,WH-EAST,195,102,37,8,81.29,1.9,1
2024-06-20,PROD0014,WH-EAST,80,56,30,7,146.29,1.4,1
2024-06-21,PROD0014,WH-NORTH,0,58,58,12,184.95,0.0,1
2024-06-22,PROD0014,WH-EAST,204,96,28,7,137.32,2.1,1
2024-06-23,PROD0014,WH-SOUTH,93,71,40,9,120.95,1.3,1
2024-06-24,PROD0014,WH-EAST,104,85,51,10,171.82,1.2,1
2024-06-25,PROD0014,WH-EAST,123,74,33,4,38.16,1.7,1
2024-06-26,PROD0014,WH-NORTH,97,71,39,7,156.59,1.4,1
2024-06-27,PROD0014,WH-EAST,175,58,0,5,116.96,3.0,0
2024-06-28,PROD0014,WH-NORTH,69,116,93,13,15.19,0.6,1
2024-01-01,PROD0015,WH-NORTH,647,412,197,2,197.52,1.6,1
2024-01-02,PROD0015,WH-SOUTH,616,507,302,7,198.74,1.2,1
2024-01-03,PROD0015,WH-SOUTH,1022,292,0,5,95.35,3.5,0
2024-01-04,PROD0015,WH-EAST,760,322,69,13,46.25,2.4,1
2024-01-05,PROD0015,WH-NORTH,850,307,24,7,25.18,2.8,1
2024-01-06,PROD0015,WH-NORTH,690,315,85,4,100.37,2.2,1
2024-01-07,PROD0015,WH-NORTH,582,429,235,5,64.06,1.4,1
2024-01-08,PROD0015,WH-SOUTH,717,270,31,8,187.66,2.7,1
2024-01-09,PROD0015,WH-NORTH,563,321,134,11,187.33,1.8,1
2024-01-10,PROD0015,WH-SOUTH,738,330,84,6,19.64,2.2,1
2024-01-11,PROD0015,WH-NORTH,469,467,311,14,90.6,1.0,1
2024-01-12,PROD0015,WH-NORTH,905,448,147,7,192.46,2.0,1
2024-01-13,PROD0015,WH-SOUTH,1069,272,0,10,88.54,3.9,0
2024-01-14,PROD0015,WH-EAST,582,343,149,7,137.01,1.7,1
2024-01-15,PROD0015,WH-NORTH,0,458,458,10,84.33,0.0,1
2024-01-16,PROD0015,WH-EAST,562,282,95,8,185.06,2.0,1
2024-01-17,PROD0015,WH-SOUTH,1003,483,149,11,130.03,2.1,1
2024-01-18,PROD0015,WH-EAST,1128,361,0,9,5.54,3.1,0
2024-01-19,PROD0015,WH-SOUTH,1010,414,78,11,102.41,2.4,1
2024-01-20,PROD0015,WH-SOUTH,702,285,51,13,82.5,2.5,1
2024-01-21,PROD0015,WH-EAST,979,491,165,8,47.97,2.0,1
2024-01-22,PROD0015,WH-EAST,361,337,217,6,24.93,1.1,1
2024-01-23,PROD0015,WH-NORTH,322,243,136,14,127.78,1.3,1
2024-01-24,PROD0015,WH-NORTH,337,433,321,4,154.36,0.8,1
2024-01-25,PROD0015,WH-NORTH,955,468,150,11,164.32,2.0,1
2024-01-26,PROD0015,WH-NORTH,961,366,46,9,78.72,2.6,1
2024-01-27,PROD0015,WH-SOUTH,494,318,154,10,95.49,1.6,1
2024-01-28,PROD0015,WH-NORTH,274,305,214,12,121.49,0.9,1
2024-01-29,PROD0015,WH-EAST,498,331,165,11,51.88,1.5,1
2024-01-30,PROD0015,WH-NORTH,1034,442,98,7,102.54,2.3,1
2024-01-31,PROD0015,WH-EAST,811,370,100,11,138.09,2.2,1
2024-02-01,PROD0015,WH-SOUTH,744,392,144,14,130.8,1.9,1
2024-02-02,PROD0015,WH-NORTH,754,353,102,10,144.52,2.1,1
2024-02-03,PROD0015,WH-EAST,0,338,338,2,17.82,0.0,1
2024-02-04,PROD0015,WH-EAST,273,322,231,9,53.64,0.8,1
2024-02-05,PROD0015,WH-NORTH,1030,405,62,8,170.87,2.5,1
2024-02-06,PROD0015,WH-NORTH,720,388,148,2,66.33,1.9,1
2024-02-07,PROD0015,WH-SOUTH,896,489,191,12,170.67,1.8,1
2024-02-08,PROD0015,WH-EAST,771,379,122,6,17.01,2.0,1
2024-02-09,PROD0015,WH-NORTH,651,417,200,6,182.66,1.6,1
2024-02-10,PROD0015,WH-EAST,1123,318,0,6,37.77,3.5,0
2024-02-11,PROD0015,WH-SOUTH,204,440,372,3,175.9,0.5,1
2024-02-12,PROD0015,WH-SOUTH,364,383,262,7,57.93,1.0,1
2024-02-13,PROD0015,WH-NORTH,605,459,258,13,77.79,1.3,1
2024-02-14,PROD0015,WH-NORTH,301,395,295,11,14.39,0.8,1
2024-02-15,PROD0015,WH-NORTH,610,397,194,9,166.54,1.5,1
2024-02-16,PROD0015,WH-NORTH,734,446,202,12,83.37,1.6,1
2024-02-17,PROD0015,WH-SOUTH,448,443,294,3,38.51,1.0,1
2024-02-18,PROD0015,WH-EAST,699,333,100,5,79.08,2.1,1
2024-02-19,PROD0015,WH-SOUTH,928,208,0,10,194.03,4.5,0
2024-02-20,PROD0015,WH-EAST,645,253,38,8,118.69,2.5,1
2024-02-21,PROD0015,WH-NORTH,580,466,273,7,80.79,1.2,1
2024-02-22,PROD0015,WH-EAST,822,247,0,2,89.82,3.3,0
2024-02-23,PROD0015,WH-NORTH,356,468,350,2,38.09,0.8,1
2024-02-24,PROD0015,WH-EAST,400,388,255,4,10.29,1.0,1
2024-02-25,PROD0015,WH-SOUTH,532,268,91,11,26.39,2.0,1
2024-02-26,PROD0015,WH-EAST,1085,270,0,6,122.18,4.0,0
2024-02-27,PROD0015,WH-NORTH,1062,448,94,5,97.95,2.4,1
2024-02-28,PROD0015,WH-EAST,722,310,70,6,120.49,2.3,1
2024-02-29,PROD0015,WH-EAST,881,482,189,9,174.79,1.8,1
2024-03-01,PROD0015,WH-EAST,295,439,341,14,134.15,0.7,1
2024-03-02,PROD0015,WH-SOUTH,301,446,346,11,68.53,0.7,1
2024-03-03,PROD0015,WH-NORTH,818,286,14,3,56.86,2.9,1
2024-03-04,PROD0015,WH-SOUTH,0,392,392,14,153.6,0.0,1
2024-03-05,PROD0015,WH-EAST,324,403,295,8,51.8,0.8,1
2024-03-06,PROD0015,WH-EAST,954,374,56,13,18.38,2.6,1
2024-03-07,PROD0015,WH-EAST,824,290,16,2,166.95,2.8,1
2024-03-08,PROD0015,WH-SOUTH,239,421,342,12,163.75,0.6,1
2024-03-09,PROD0015,WH-EAST,413,358,221,9,105.41,1.2,1
2024-03-10,PROD0015,WH-SOUTH,579,446,253,9,26.72,1.3,1
2024-03-11,PROD0015,WH-NORTH,903,309,8,12,174.72,2.9,1
2024-03-12,PROD0015,WH-EAST,202,477,410,4,104.69,0.4,1
2024-03-13,PROD0015,WH-NORTH,343,371,257,9,13.52,0.9,1
2024-03-14,PROD0015,WH-NORTH,804,473,205,12,158.13,1.7,1
2024-03-15,PROD0015,WH-SOUTH,413,472,335,5,55.2,0.9,1
2024-03-16,PROD0015,WH-EAST,244,402,321,9,116.92,0.6,1
2024-03-17,PROD0015,WH-NORTH,501,533,366,9,48.53,0.9,1
2024-03-18,PROD0015,WH-NORTH,297,378,279,14,36.64,0.8,1
2024-03-19,PROD0015,WH-NORTH,265,446,358,11,191.42,0.6,1
2024-03-20,PROD0015,WH-SOUTH,709,337,101,4,20.86,2.1,1
2024-03-21,PROD0015,WH-EAST,551,280,97,2,86.33,2.0,1
2024-03-22,PROD0015,WH-NORTH,288,416,320,9,168.75,0.7,1
2024-03-23,PROD0015,WH-EAST,807,388,119,12,129.05,2.1,1
2024-03-24,PROD0015,WH-NORTH,332,351,241,14,140.74,0.9,1
2024-03-25,PROD0015,WH-EAST,1026,331,0,3,25.45,3.1,0
2024-03-26,PROD0015,WH-EAST,543,354,173,7,10.28,1.5,1
2024-03-27,PROD0015,WH-EAST,313,546,442,6,104.2,0.6,1
2024-03-28,PROD0015,WH-EAST,524,290,116,11,59.21,1.8,1
2024-03-29,PROD0015,WH-SOUTH,748,325,76,9,169.32,2.3,1
2024-03-30,PROD0015,WH-SOUTH,460,307,154,4,137.38,1.5,1
2024-03-31,PROD0015,WH-NORTH,610,269,66,11,55.14,2.3,1
2024-04-01,PROD0015,WH-SOUTH,550,435,252,6,55.43,1.3,1
2024-04-02,PROD0015,WH-SOUTH,584,377,183,6,105.78,1.5,1
2024-04-03,PROD0015,WH-EAST,339,413,300,14,104.61,0.8,1
2024-04-04,PROD0015,WH-SOUTH,816,259,0,7,173.6,3.2,0
2024-04-05,PROD0015,WH-NORTH,1032,454,110,9,186.04,2.3,1
2024-04-06,PROD0015,WH-EAST,465,308,153,3,48.64,1.5,1
2024-04-07,PROD0015,WH-EAST,1082,281,0,5,124.97,3.9,0
2024-04-08,PROD0015,WH-NORTH,648,416,200,13,156.55,1.6,1
2024-04-09,PROD0015,WH-NORTH,529,341,165,6,27.54,1.6,1
2024-04-10,PROD0015,WH-NORTH,1126,390,15,13,44.69,2.9,1
2024-04-11,PROD0015,WH-SOUTH,902,325,25,4,40.18,2.8,1
2024-04-12,PROD0015,WH-NORTH,1107,368,0,2,91.69,3.0,0
2024-04-13,PROD0015,WH-NORTH,514,464,293,12,15.13,1.1,1
2024-04-14,PROD0015,WH-EAST,593,324,127,11,113.62,1.8,1
2024-04-15,PROD0015,WH-SOUTH,1072,263,0,4,23.91,4.1,0
2024-04-16,PROD0015,WH-EAST,189,260,197,5,193.69,0.7,1
2024-04-17,PROD0015,WH-NORTH,1063,308,0,8,189.12,3.5,0
2024-04-18,PROD0015,WH-EAST,338,394,282,6,161.02,0.9,1
2024-04-19,PROD0015,WH-EAST,282,386,292,7,154.22,0.7,1
2024-04-20,PROD0015,WH-EAST,719,305,66,13,135.26,2.4,1
2024-04-21,PROD0015,WH-SOUTH,941,213,0,4,114.47,4.4,0
2024-04-22,PROD0015,WH-EAST,656,348,130,5,60.64,1.9,1
2024-04-23,PROD0015,WH-EAST,429,377,234,13,132.9,1.1,1
2024-04-24,PROD0015,WH-SOUTH,1114,372,1,5,41.58,3.0,1
2024-04-25,PROD0015,WH-NORTH,281,300,207,12,7.45,0.9,1
2024-04-26,PROD0015,WH-EAST,236,344,266,12,188.97,0.7,1
2024-04-27,PROD0015,WH-NORTH,919,393,87,2,124.52,2.3,1
2024-04-28,PROD0015,WH-SOUTH,264,416,328,5,26.76,0.6,1
2024-04-29,PROD0015,WH-EAST,0,391,391,12,160.29,0.0,1
2024-04-30,PROD0015,WH-SOUTH,657,414,195,6,98.62,1.6,1
2024-05-01,PROD0015,WH-NORTH,215,383,312,3,182.59,0.6,1
2024-05-02,PROD0015,WH-EAST,345,475,360,11,89.18,0.7,1
2024-05-03,PROD0015,WH-EAST,326,352,244,10,168.03,0.9,1
2024-05-04,PROD0015,WH-NORTH,809,359,90,6,61.72,2.3,1
2024-05-05,PROD0015,WH-EAST,223,343,269,12,163.86,0.7,1
2024-05-06,PROD0015,WH-EAST,523,344,170,5,21.63,1.5,1
2024-05-07,PROD0015,WH-NORTH,653,466,249,8,84.11,1.4,1
2024-05-08,PROD0015,WH-NORTH,993,337,6,10,14.42,2.9,1
2024-05-09,PROD0015,WH-SOUTH,208,332,263,8,16.52,0.6,1
2024-05-10,PROD0015,WH-NORTH,815,422,151,8,31.84,1.9,1
2024-05-11,PROD0015,WH-NORTH,211,417,347,8,172.75,0.5,1
2024-05-12,PROD0015,WH-SOUTH,895,316,18,5,119.19,2.8,1
2024-05-13,PROD0015,WH-SOUTH,794,454,190,12,164.32,1.7,1
2024-05-14,PROD0015,WH-SOUTH,274,341,250,14,182.41,0.8,1
2024-05-15,PROD0015,WH-NORTH,402,225,91,3,38.94,1.8,1
2024-05-16,PROD0015,WH-NORTH,947,374,59,8,42.77,2.5,1
2024-05-17,PROD0015,WH-NORTH,499,498,332,11,134.43,1.0,1
2024-05-18,PROD0015,WH-NORTH,1069,216,0,14,145.42,4.9,0
2024-05-19,PROD0015,WH-NORTH,0,446,446,8,157.55,0.0,1
2024-05-20,PROD0015,WH-NORTH,823,401,127,12,73.33,2.1,1
2024-05-21,PROD0015,WH-SOUTH,339,405,292,7,190.98,0.8,1
2024-05-22,PROD0015,WH-SOUTH,900,344,44,8,48.4,2.6,1
2024-05-23,PROD0015,WH-EAST,468,467,311,2,45.23,1.0,1
2024-05-24,PROD0015,WH-EAST,507,424,255,6,35.92,1.2,1
2024-05-25,PROD0015,WH-SOUTH,1119,450,77,9,174.05,2.5,1
2024-05-26,PROD0015,WH-SOUTH,890,342,46,13,98.96,2.6,1
2024-05-27,PROD0015,WH-SOUTH,0,434,434,14,70.39,0.0,1
2024-05-28,PROD0015,WH-EAST,345,405,290,14,38.29,0.9,1
2024-05-29,PROD0015,WH-NORTH,590,474,278,7,61.35,1.2,1
2024-05-30,PROD0015,WH-SOUTH,612,404,200,5,99.05,1.5,1
2024-05-31,PROD0015,WH-EAST,805,243,0,12,41.86,3.3,0
2024-06-01,PROD0015,WH-EAST,990,255,0,9,182.94,3.9,0
2024-06-02,PROD0015,WH-SOUTH,232,383,306,5,178.16,0.6,1
2024-06-03,PROD0015,WH-NORTH,722,412,172,3,155.59,1.8,1
2024-06-04,PROD0015,WH-SOUTH,488,259,97,2,23.21,1.9,1
2024-06-05,PROD0015,WH-NORTH,210,236,166,12,95.74,0.9,1
2024-06-06,PROD0015,WH-NORTH,683,403,176,10,161.9,1.7,1
2024-06-07,PROD0015,WH-EAST,415,372,234,7,179.02,1.1,1
2024-06-08,PROD0015,WH-SOUTH,1083,485,124,6,128.56,2.2,1
2024-06-09,PROD0015,WH-SOUTH,611,367,164,11,115.21,1.7,1
2024-06-10,PROD0015,WH-NORTH,313,383,279,12,118.28,0.8,1
2024-06-11,PROD0015,WH-SOUTH,1115,290,0,5,80.0,3.8,0
2024-06-12,PROD0015,WH-SOUTH,568,419,230,12,107.96,1.4,1
2024-06-13,PROD0015,WH-SOUTH,246,451,369,10,173.06,0.5,1
2024-06-14,PROD0015,WH-SOUTH,642,492,278,5,16.06,1.3,1
2024-06-15,PROD0015,WH-NORTH,670,259,36,10,172.41,2.6,1
2024-06-16,PROD0015,WH-SOUTH,921,466,159,7,26.12,2.0,1
2024-06-17,PROD0015,WH-NORTH,985,356,28,12,181.59,2.8,1
2024-06-18,PROD0015,WH-EAST,643,410,196,11,125.3,1.6,1
2024-06-19,PROD0015,WH-NORTH,333,428,317,9,180.45,0.8,1
2024-06-20,PROD0015,WH-SOUTH,326,386,278,11,129.92,0.8,1
2024-06-21,PROD0015,WH-EAST,368,378,256,9,73.42,1.0,1
2024-06-22,PROD0015,WH-NORTH,359,424,305,8,19.88,0.8,1
2024-06-23,PROD0015,WH-SOUTH,0,394,394,6,162.36,0.0,1
2024-06-24,PROD0015,WH-EAST,774,348,90,11,167.1,2.2,1
2024-06-25,PROD0015,WH-NORTH,807,570,301,5,88.34,1.4,1
2024-06-26,PROD0015,WH-NORTH,553,289,105,4,143.29,1.9,1
2024-06-27,PROD0015,WH-EAST,916,541,236,6,12.76,1.7,1
2024-06-28,PROD0015,WH-NORTH,973,457,133,13,99.48,2.1,1
2024-01-01,PROD0016,WH-SOUTH,603,346,145,9,120.26,1.7,1
2024-01-02,PROD0016,WH-EAST,821,287,14,3,195.07,2.9,1
2024-01-03,PROD0016,WH-SOUTH,916,339,34,7,123.88,2.7,1
2024-01-04,PROD0016,WH-SOUTH,226,290,215,12,123.81,0.8,1
2024-01-05,PROD0016,WH-SOUTH,779,370,111,2,5.32,2.1,1
2024-01-06,PROD0016,WH-EAST,652,356,139,12,139.37,1.8,1
2024-01-07,PROD0016,WH-NORTH,547,343,161,10,6.69,1.6,1
2024-01-08,PROD0016,WH-SOUTH,492,440,276,2,6.26,1.1,1
2024-01-09,PROD0016,WH-NORTH,0,415,415,4,151.31,0.0,1
2024-01-10,PROD0016,WH-NORTH,825,390,115,11,13.16,2.1,1
2024-01-11,PROD0016,WH-NORTH,270,392,302,3,153.47,0.7,1
2024-01-12,PROD0016,WH-SOUTH,854,491,207,13,119.66,1.7,1
2024-01-13,PROD0016,WH-SOUTH,187,266,204,8,125.12,0.7,1
2024-01-14,PROD0016,WH-SOUTH,219,480,407,11,64.46,0.5,1
2024-01-15,PROD0016,WH-SOUTH,257,283,198,5,168.01,0.9,1
2024-01-16,PROD0016,WH-SOUTH,514,253,82,14,31.35,2.0,1
2024-01-17,PROD0016,WH-SOUTH,1070,322,0,10,128.07,3.3,0
2024-01-18,PROD0016,WH-SOUTH,282,423,329,2,174.19,0.7,1
2024-01-19,PROD0016,WH-SOUTH,325,421,313,14,163.83,0.8,1
2024-01-20,PROD0016,WH-EAST,1072,315,0,4,180.7,3.4,0
2024-01-21,PROD0016,WH-NORTH,259,407,321,7,167.6,0.6,1
2024-01-22,PROD0016,WH-SOUTH,486,358,196,11,168.24,1.4,1
2024-01-23,PROD0016,WH-NORTH,483,454,293,6,32.62,1.1,1
2024-01-24,PROD0016,WH-SOUTH,566,364,176,4,49.29,1.6,1
2024-01-25,PROD0016,WH-SOUTH,786,490,228,10,91.31,1.6,1
2024-01-26,PROD0016,WH-NORTH,1062,498,144,2,83.12,2.1,1
2024-01-27,PROD0016,WH-EAST,814,316,45,4,7.8,2.6,1
2024-01-28,PROD0016,WH-SOUTH,594,436,238,6,64.91,1.4,1
2024-01-29,PROD0016,WH-EAST,992,421,91,9,113.15,2.4,1
2024-01-30,PROD0016,WH-SOUTH,239,317,238,11,89.32,0.8,1
2024-01-31,PROD0016,WH-SOUTH,211,366,296,8,81.32,0.6,1
2024-02-01,PROD0016,WH-EAST,342,233,119,4,189.73,1.5,1
2024-02-02,PROD0016,WH-EAST,831,409,132,6,169.65,2.0,1
2024-02-03,PROD0016,WH-EAST,766,235,0,9,28.99,3.3,0
2024-02-04,PROD0016,WH-EAST,562,273,86,7,173.66,2.1,1
2024-02-05,PROD0016,WH-EAST,766,559,304,6,182.31,1.4,1
2024-02-06,PROD0016,WH-NORTH,497,350,185,5,139.13,1.4,1
2024-02-07,PROD0016,WH-SOUTH,498,430,264,10,150.54,1.2,1
2024-02-08,PROD0016,WH-EAST,376,319,194,9,155.1,1.2,1
2024-02-09,PROD0016,WH-SOUTH,341,443,330,8,192.37,0.8,1
2024-02-10,PROD0016,WH-EAST,418,467,328,6,29.98,0.9,1
2024-02-11,PROD0016,WH-SOUTH,887,446,151,13,64.54,2.0,1
2024-02-12,PROD0016,WH-NORTH,757,270,18,13,10.86,2.8,1
2024-02-13,PROD0016,WH-SOUTH,960,469,149,7,152.58,2.0,1
2024-02-14,PROD0016,WH-SOUTH,999,384,51,5,113.05,2.6,1
2024-02-15,PROD0016,WH-SOUTH,379,168,42,14,191.5,2.3,1
2024-02-16,PROD0016,WH-SOUTH,844,297,16,8,105.37,2.8,1
2024-02-17,PROD0016,WH-EAST,879,386,93,14,86.0,2.3,1
2024-02-18,PROD0016,WH-SOUTH,516,399,227,6,122.93,1.3,1
2024-02-19,PROD0016,WH-EAST,1073,294,0,11,111.7,3.6,0
2024-02-20,PROD0016,WH-EAST,286,285,190,9,129.57,1.0,1
2024-02-21,PROD0016,WH-SOUTH,1006,456,121,2,24.36,2.2,1
2024-02-22,PROD0016,WH-NORTH,467,410,255,7,151.0,1.1,1
2024-02-23,PROD0016,WH-SOUTH,949,263,0,5,123.86,3.6,0
2024-02-24,PROD0016,WH-SOUTH,329,347,238,10,95.22,0.9,1
2024-02-25,PROD0016,WH-SOUTH,218,353,281,5,180.18,0.6,1
2024-02-26,PROD0016,WH-NORTH,593,292,95,7,177.96,2.0,1
2024-02-27,PROD0016,WH-SOUTH,901,408,108,3,12.5,2.2,1
2024-02-28,PROD0016,WH-NORTH,1041,275,0,2,10.93,3.8,0
2024-02-29,PROD0016,WH-SOUTH,385,315,187,9,48.93,1.2,1
2024-03-01,PROD0016,WH-SOUTH,869,338,49,8,115.34,2.6,1
2024-03-02,PROD0016,WH-EAST,758,429,177,10,38.76,1.8,1
2024-03-03,PROD0016,WH-SOUTH,973,449,125,14,91.83,2.2,1
2024-03-04,PROD0016,WH-NORTH,274,356,265,13,16.97,0.8,1
2024-03-05,PROD0016,WH-EAST,493,253,89,9,198.54,1.9,1
2024-03-06,PROD0016,WH-EAST,1076,356,0,6,31.14,3.0,0
2024-03-07,PROD0016,WH-EAST,384,422,294,14,55.17,0.9,1
2024-03-08,PROD0016,WH-NORTH,1043,339,0,13,103.72,3.1,0
2024-03-09,PROD0016,WH-SOUTH,865,390,102,13,146.22,2.2,1
2024-03-10,PROD0016,WH-NORTH,945,322,7,7,108.8,2.9,1
2024-03-11,PROD0016,WH-EAST,783,256,0,14,118.87,3.1,0
2024-03-12,PROD0016,WH-SOUTH,911,299,0,14,165.6,3.0,0
2024-03-13,PROD0016,WH-EAST,779,370,111,9,182.94,2.1,1
2024-03-14,PROD0016,WH-SOUTH,346,274,159,7,72.24,1.3,1
2024-03-15,PROD0016,WH-SOUTH,453,332,181,4,28.81,1.4,1
2024-03-16,PROD0016,WH-NORTH,724,427,186,14,166.78,1.7,1
2024-03-17,PROD0016,WH-SOUTH,615,369,164,7,45.7,1.7,1
2024-03-18,PROD0016,WH-EAST,842,358,78,10,79.15,2.4,1
2024-03-19,PROD0016,WH-SOUTH,1037,260,0,11,39.46,4.0,0
2024-03-20,PROD0016,WH-EAST,492,377,213,2,11.34,1.3,1
2024-03-21,PROD0016,WH-EAST,797,313,48,7,148.96,2.5,1
2024-03-22,PROD0016,WH-EAST,970,458,135,7,83.06,2.1,1
2024-03-23,PROD0016,WH-SOUTH,371,331,208,12,150.54,1.1,1
2024-03-24,PROD0016,WH-EAST,327,472,363,9,162.31,0.7,1
2024-03-25,PROD0016,WH-EAST,295,449,351,3,17.19,0.7,1
2024-03-26,PROD0016,WH-NORTH,793,315,51,8,32.7,2.5,1
2024-03-27,PROD0016,WH-NORTH,451,434,284,3,70.7,1.0,1
2024-03-28,PROD0016,WH-EAST,467,314,159,9,18.63,1.5,1
2024-03-29,PROD0016,WH-EAST,1035,447,102,11,47.07,2.3,1
2024-03-30,PROD0016,WH-NORTH,805,452,184,7,157.77,1.8,1
2024-03-31,PROD0016,WH-NORTH,437,299,154,7,89.48,1.5,1
2024-04-01,PROD0016,WH-NORTH,741,351,104,12,156.86,2.1,1
2024-04-02,PROD0016,WH-NORTH,965,283,0,2,130.6,3.4,0
2024-04-03,PROD0016,WH-EAST,567,239,50,13,97.75,2.4,1
2024-04-04,PROD0016,WH-SOUTH,451,252,102,9,69.45,1.8,1
2024-04-05,PROD0016,WH-EAST,585,336,141,11,90.72,1.7,1
2024-04-06,PROD0016,WH-NORTH,1046,433,85,8,78.22,2.4,1
2024-04-07,PROD0016,WH-EAST,770,273,17,7,193.33,2.8,1
2024-04-08,PROD0016,WH-EAST,858,304,18,6,61.81,2.8,1
2024-04-09,PROD0016,WH-NORTH,399,246,113,3,67.37,1.6,1
2024-04-10,PROD0016,WH-SOUTH,875,431,140,6,193.04,2.0,1
2024-04-11,PROD0016,WH-SOUTH,297,424,325,13,140.17,0.7,1
2024-04-12,PROD0016,WH-SOUTH,901,472,172,5,38.11,1.9,1
2024-04-13,PROD0016,WH-NORTH,686,318,90,11,133.54,2.2,1
2024-04-14,PROD0016,WH-NORTH,574,255,64,5,140.57,2.3,1
2024-04-15,PROD0016,WH-EAST,925,438,130,9,20.31,2.1,1
2024-04-16,PROD0016,WH-EAST,796,395,130,7,190.88,2.0,1
2024-04-17,PROD0016,WH-SOUTH,210,313,243,14,70.7,0.7,1
2024-04-18,PROD0016,WH-SOUTH,801,504,237,13,100.29,1.6,1
2024-04-19,PROD0016,WH-EAST,996,398,66,14,72.53,2.5,1
2024-04-20,PROD0016,WH-SOUTH,274,348,257,5,44.12,0.8,1
2024-04-21,PROD0016,WH-NORTH,969,397,74,13,89.54,2.4,1
2024-04-22,PROD0016,WH-SOUTH,219,428,355,9,139.06,0.5,1
2024-04-23,PROD0016,WH-NORTH,234,394,316,7,9.53,0.6,1
2024-04-24,PROD0016,WH-SOUTH,840,297,17,2,187.59,2.8,1
2024-04-25,PROD0016,WH-EAST,200,268,202,4,88.17,0.7,1
2024-04-26,PROD0016,WH-EAST,1050,315,0,8,77.63,3.3,0
2024-04-27,PROD0016,WH-SOUTH,307,441,339,9,57.87,0.7,1
2024-04-28,PROD0016,WH-NORTH,281,273,180,4,136.14,1.0,1
2024-04-29,PROD0016,WH-EAST,420,487,347,6,105.39,0.9,1
2024-04-30,PROD0016,WH-SOUTH,375,376,251,2,6.39,1.0,1
2024-05-01,PROD0016,WH-EAST,0,434,434,9,25.61,0.0,1
2024-05-02,PROD0016,WH-EAST,761,303,50,3,120.52,2.5,1
2024-05-03,PROD0016,WH-EAST,769,342,86,3,103.66,2.2,1
2024-05-04,PROD0016,WH-NORTH,709,272,36,11,109.19,2.6,1
2024-05-05,PROD0016,WH-EAST,0,393,393,3,95.74,0.0,1
2024-05-06,PROD0016,WH-NORTH,514,338,167,3,104.73,1.5,1
2024-05-07,PROD0016,WH-EAST,585,441,246,4,29.6,1.3,1
2024-05-08,PROD0016,WH-NORTH,303,349,248,7,30.1,0.9,1
2024-05-09,PROD0016,WH-SOUTH,649,314,98,8,70.71,2.1,1
2024-05-10,PROD0016,WH-SOUTH,868,359,70,5,20.15,2.4,1
2024-05-11,PROD0016,WH-EAST,918,453,147,5,27.57,2.0,1
2024-05-12,PROD0016,WH-EAST,481,416,256,9,136.89,1.2,1
2024-05-13,PROD0016,WH-NORTH,916,324,19,9,87.5,2.8,1
2024-05-14,PROD0016,WH-EAST,521,386,213,4,67.5,1.3,1
2024-05-15,PROD0016,WH-NORTH,891,367,70,11,26.39,2.4,1
2024-05-16,PROD0016,WH-SOUTH,338,289,177,6,109.29,1.2,1
2024-05-17,PROD0016,WH-NORTH,268,381,292,6,28.69,0.7,1
2024-05-18,PROD0016,WH-NORTH,0,408,408,6,83.44,0.0,1
2024-05-19,PROD0016,WH-EAST,725,351,110,9,68.52,2.1,1
2024-05-20,PROD0016,WH-SOUTH,458,304,152,13,66.48,1.5,1
2024-05-21,PROD0016,WH-SOUTH,288,342,246,5,124.88,0.8,1
2024-05-22,PROD0016,WH-NORTH,693,277,46,7,181.57,2.5,1
2024-05-23,PROD0016,WH-NORTH,1059,193,0,14,73.52,5.5,0
2024-05-24,PROD0016,WH-NORTH,382,355,228,5,65.52,1.1,1
2024-05-25,PROD0016,WH-SOUTH,682,330,103,13,86.53,2.1,1
2024-05-26,PROD0016,WH-EAST,697,305,73,5,111.38,2.3,1
2024-05-27,PROD0016,WH-SOUTH,992,380,50,3,37.24,2.6,1
2024-05-28,PROD0016,WH-EAST,864,306,18,13,184.82,2.8,1
2024-05-29,PROD0016,WH-SOUTH,973,375,51,7,156.42,2.6,1
2024-05-30,PROD0016,WH-EAST,939,311,0,13,195.61,3.0,0
2024-05-31,PROD0016,WH-NORTH,950,308,0,13,155.8,3.1,0
2024-06-01,PROD0016,WH-EAST,985,311,0,2,174.07,3.2,0
2024-06-02,PROD0016,WH-EAST,1078,407,48,9,93.56,2.6,1
2024-06-03,PROD0016,WH-EAST,467,332,177,12,113.94,1.4,1
2024-06-04,PROD0016,WH-NORTH,294,389,291,10,41.27,0.8,1
2024-06-05,PROD0016,WH-NORTH,827,444,169,12,183.84,1.9,1
2024-06-06,PROD0016,WH-EAST,407,349,214,4,98.08,1.2,1
2024-06-07,PROD0016,WH-SOUTH,809,466,197,5,139.06,1.7,1
2024-06-08,PROD0016,WH-EAST,1020,484,144,2,90.24,2.1,1
2024-06-09,PROD0016,WH-EAST,544,301,120,7,23.81,1.8,1
2024-06-10,PROD0016,WH-SOUTH,617,526,321,13,181.66,1.2,1
2024-06-11,PROD0016,WH-EAST,752,309,59,6,73.18,2.4,1
2024-06-12,PROD0016,WH-SOUTH,632,251,41,9,141.61,2.5,1
2024-06-13,PROD0016,WH-EAST,619,365,159,3,94.33,1.7,1
2024-06-14,PROD0016,WH-EAST,564,502,314,2,186.55,1.1,1
2024-06-15,PROD0016,WH-NORTH,721,332,92,14,48.93,2.2,1
2024-06-16,PROD0016,WH-EAST,271,339,249,13,157.34,0.8,1
2024-06-17,PROD0016,WH-SOUTH,1017,236,0,12,105.77,4.3,0
2024-06-18,PROD0016,WH-EAST,572,294,104,11,107.41,1.9,1
2024-06-19,PROD0016,WH-NORTH,0,419,419,8,188.17,0.0,1
2024-06-20,PROD0016,WH-NORTH,1094,314,0,6,23.29,3.5,0
2024-06-21,PROD0016,WH-EAST,432,457,313,9,199.55,0.9,1
2024-06-22,PROD0016,WH-NORTH,920,343,37,11,60.04,2.7,1
2024-06-23,PROD0016,WH-NORTH,524,389,215,13,197.95,1.3,1
2024-06-24,PROD0016,WH-EAST,813,367,96,6,158.38,2.2,1
2024-06-25,PROD0016,WH-NORTH,1044,289,0,14,145.11,3.6,0
2024-06-26,PROD0016,WH-SOUTH,473,304,147,10,91.62,1.6,1
2024-06-27,PROD0016,WH-EAST,246,374,292,9,85.18,0.7,1
2024-06-28,PROD0016,WH-SOUTH,765,340,85,6,128.05,2.2,1
2024-01-01,PROD0017,WH-EAST,608,273,71,5,197.49,2.2,1
2024-01-02,PROD0017,WH-EAST,726,317,75,5,138.37,2.3,1
2024-01-03,PROD0017,WH-EAST,322,313,206,11,174.22,1.0,1
2024-01-04,PROD0017,WH-NORTH,755,244,0,2,106.36,3.1,0
2024-01-05,PROD0017,WH-SOUTH,340,208,95,2,194.61,1.6,1
2024-01-06,PROD0017,WH-NORTH,194,287,223,5,83.87,0.7,1
2024-01-07,PROD0017,WH-SOUTH,288,261,165,13,53.41,1.1,1
2024-01-08,PROD0017,WH-SOUTH,533,294,117,12,90.77,1.8,1
2024-01-09,PROD0017,WH-SOUTH,641,276,63,8,36.68,2.3,1
2024-01-10,PROD0017,WH-EAST,692,308,78,13,146.8,2.2,1
2024-01-11,PROD0017,WH-EAST,316,282,177,11,39.64,1.1,1
2024-01-12,PROD0017,WH-EAST,214,279,208,14,31.01,0.8,1
2024-01-13,PROD0017,WH-SOUTH,581,261,68,14,70.73,2.2,1
2024-01-14,PROD0017,WH-NORTH,565,374,186,5,33.04,1.5,1
2024-01-15,PROD0017,WH-EAST,567,270,81,6,119.42,2.1,1
2024-01-16,PROD0017,WH-EAST,396,284,152,7,22.95,1.4,1
2024-01-17,PROD0017,WH-NORTH,381,190,63,6,73.43,2.0,1
2024-01-18,PROD0017,WH-EAST,720,306,66,8,156.88,2.4,1
2024-01-19,PROD0017,WH-NORTH,406,273,138,9,104.75,1.5,1
2024-01-20,PROD0017,WH-SOUTH,189,237,174,3,39.7,0.8,1
2024-01-21,PROD0017,WH-NORTH,496,203,38,13,132.87,2.4,1
2024-01-22,PROD0017,WH-NORTH,370,238,115,12,173.22,1.6,1
2024-01-23,PROD0017,WH-NORTH,755,242,0,4,38.4,3.1,0
2024-01-24,PROD0017,WH-SOUTH,623,161,0,7,40.69,3.9,0
2024-01-25,PROD0017,WH-NORTH,451,294,144,2,141.38,1.5,1
2024-01-26,PROD0017,WH-NORTH,446,325,177,8,197.58,1.4,1
2024-01-27,PROD0017,WH-SOUTH,746,260,12,11,64.97,2.9,1
2024-01-28,PROD0017,WH-EAST,675,194,0,13,165.62,3.5,0
2024-01-29,PROD0017,WH-SOUTH,322,213,106,13,57.99,1.5,1
2024-01-30,PROD0017,WH-NORTH,132,236,192,4,78.73,0.6,1
2024-01-31,PROD0017,WH-SOUTH,677,179,0,2,131.39,3.8,0
2024-02-01,PROD0017,WH-SOUTH,748,269,20,10,76.77,2.8,1
2024-02-02,PROD0017,WH-EAST,677,303,78,13,179.92,2.2,1
2024-02-03,PROD0017,WH-SOUTH,499,282,116,6,45.0,1.8,1
2024-02-04,PROD0017,WH-NORTH,711,232,0,4,38.79,3.1,0
2024-02-05,PROD0017,WH-SOUTH,293,304,207,8,64.65,1.0,1
2024-02-06,PROD0017,WH-EAST,280,249,156,14,5.59,1.1,1
2024-02-07,PROD0017,WH-EAST,364,234,113,9,50.32,1.6,1
2024-02-08,PROD0017,WH-EAST,311,365,262,8,87.27,0.9,1
2024-02-09,PROD0017,WH-NORTH,442,301,154,10,34.68,1.5,1
2024-02-10,PROD0017,WH-SOUTH,563,315,128,3,16.87,1.8,1
2024-02-11,PROD0017,WH-EAST,622,283,76,14,88.57,2.2,1
2024-02-12,PROD0017,WH-EAST,200,291,225,5,121.57,0.7,1
2024-02-13,PROD0017,WH-EAST,513,293,122,5,152.39,1.8,1
2024-02-14,PROD0017,WH-EAST,520,195,22,5,146.27,2.7,1
2024-02-15,PROD0017,WH-EAST,482,162,2,14,82.72,3.0,1
2024-02-16,PROD0017,WH-SOUTH,499,240,74,10,28.94,2.1,1
2024-02-17,PROD0017,WH-NORTH,588,194,0,8,72.98,3.0,0
2024-02-18,PROD0017,WH-NORTH,603,277,76,9,162.61,2.2,1
2024-02-19,PROD0017,WH-EAST,532,191,14,9,50.4,2.8,1
2024-02-20,PROD0017,WH-EAST,532,183,6,11,106.94,2.9,1
2024-02-21,PROD0017,WH-NORTH,719,211,0,12,43.41,3.4,0
2024-02-22,PROD0017,WH-EAST,261,299,212,14,125.28,0.9,1
2024-02-23,PROD0017,WH-NORTH,424,218,77,8,134.22,1.9,1
2024-02-24,PROD0017,WH-NORTH,405,307,172,9,83.81,1.3,1
2024-02-25,PROD0017,WH-SOUTH,644,117,0,9,135.78,5.5,0
2024-02-26,PROD0017,WH-NORTH,274,294,203,10,199.2,0.9,1
2024-02-27,PROD0017,WH-SOUTH,545,271,90,10,190.18,2.0,1
2024-02-28,PROD0017,WH-NORTH,495,254,89,2,75.5,1.9,1
2024-02-29,PROD0017,WH-SOUTH,555,241,56,4,80.64,2.3,1
2024-03-01,PROD0017,WH-NORTH,163,217,163,6,196.86,0.8,1
2024-03-02,PROD0017,WH-EAST,377,234,109,6,157.09,1.6,1
2024-03-03,PROD0017,WH-SOUTH,199,199,133,14,81.72,1.0,1
2024-03-04,PROD0017,WH-SOUTH,141,272,225,9,40.59,0.5,1
2024-03-05,PROD0017,WH-EAST,426,321,179,10,72.91,1.3,1
2024-03-06,PROD0017,WH-NORTH,550,265,82,2,95.69,2.1,1
2024-03-07,PROD0017,WH-SOUTH,481,163,3,5,104.08,3.0,1
2024-03-08,PROD0017,WH-NORTH,623,244,37,11,126.27,2.6,1
2024-03-09,PROD0017,WH-SOUTH,504,209,41,12,186.9,2.4,1
2024-03-10,PROD0017,WH-SOUTH,752,174,0,13,8.2,4.3,0
2024-03-11,PROD0017,WH-EAST,337,218,106,2,65.54,1.5,1
2024-03-12,PROD0017,WH-SOUTH,348,258,142,6,49.01,1.3,1
2024-03-13,PROD0017,WH-NORTH,311,171,68,8,168.97,1.8,1
2024-03-14,PROD0017,WH-EAST,586,218,23,11,123.01,2.7,1
2024-03-15,PROD0017,WH-NORTH,412,221,84,4,141.04,1.9,1
2024-03-16,PROD0017,WH-SOUTH,595,216,18,5,51.2,2.8,1
2024-03-17,PROD0017,WH-NORTH,149,360,311,4,94.74,0.4,1
2024-03-18,PROD0017,WH-EAST,669,244,21,9,153.98,2.7,1
2024-03-19,PROD0017,WH-NORTH,571,269,79,10,139.92,2.1,1
2024-03-20,PROD0017,WH-SOUTH,357,275,156,12,120.9,1.3,1
2024-03-21,PROD0017,WH-EAST,134,241,197,3,35.21,0.6,1
2024-03-22,PROD0017,WH-NORTH,0,269,269,8,124.31,0.0,1
2024-03-23,PROD0017,WH-NORTH,620,252,46,7,76.36,2.5,1
2024-03-24,PROD0017,WH-EAST,491,291,128,4,173.67,1.7,1
2024-03-25,PROD0017,WH-SOUTH,682,224,0,8,71.05,3.0,0
2024-03-26,PROD0017,WH-EAST,322,262,155,6,59.53,1.2,1
2024-03-27,PROD0017,WH-EAST,181,281,221,11,77.86,0.6,1
2024-03-28,PROD0017,WH-NORTH,488,303,141,5,112.57,1.6,1
2024-03-29,PROD0017,WH-EAST,330,284,174,2,98.92,1.2,1
2024-03-30,PROD0017,WH-EAST,616,212,7,3,7.54,2.9,1
2024-03-31,PROD0017,WH-SOUTH,404,316,182,3,131.9,1.3,1
2024-04-01,PROD0017,WH-EAST,673,281,57,14,102.99,2.4,1
2024-04-02,PROD0017,WH-NORTH,200,266,200,2,138.93,0.8,1
2024-04-03,PROD0017,WH-SOUTH,661,194,0,7,30.81,3.4,0
2024-04-04,PROD0017,WH-EAST,410,223,87,11,122.49,1.8,1
2024-04-05,PROD0017,WH-NORTH,214,198,127,2,157.26,1.1,1
2024-04-06,PROD0017,WH-SOUTH,247,224,142,4,19.57,1.1,1
2024-04-07,PROD0017,WH-NORTH,681,227,0,13,25.83,3.0,0
2024-04-08,PROD0017,WH-NORTH,189,290,227,6,141.83,0.7,1
2024-04-09,PROD0017,WH-SOUTH,466,174,19,11,187.47,2.7,1
2024-04-10,PROD0017,WH-SOUTH,171,231,174,2,120.88,0.7,1
2024-04-11,PROD0017,WH-SOUTH,659,262,43,9,18.53,2.5,1
2024-04-12,PROD0017,WH-EAST,621,378,171,2,139.03,1.6,1
2024-04-13,PROD0017,WH-SOUTH,323,213,106,8,79.21,1.5,1
2024-04-14,PROD0017,WH-EAST,272,299,209,2,167.57,0.9,1
2024-04-15,PROD0017,WH-EAST,543,251,70,8,174.96,2.2,1
2024-04-16,PROD0017,WH-NORTH,358,259,140,14,136.19,1.4,1
2024-04-17,PROD0017,WH-SOUTH,161,238,185,8,89.39,0.7,1
2024-04-18,PROD0017,WH-SOUTH,163,143,89,2,196.98,1.1,1
2024-04-19,PROD0017,WH-EAST,673,184,0,9,88.5,3.7,0
2024-04-20,PROD0017,WH-NORTH,438,190,44,14,97.88,2.3,1
2024-04-21,PROD0017,WH-SOUTH,189,243,180,6,49.02,0.8,1
2024-04-22,PROD0017,WH-EAST,225,219,144,2,142.46,1.0,1
2024-04-23,PROD0017,WH-EAST,572,242,52,13,185.95,2.4,1
2024-04-24,PROD0017,WH-EAST,376,282,157,3,10.25,1.3,1
2024-04-25,PROD0017,WH-SOUTH,302,148,48,4,53.98,2.0,1
2024-04-26,PROD0017,WH-NORTH,545,286,105,3,163.61,1.9,1
2024-04-27,PROD0017,WH-NORTH,542,232,52,5,99.57,2.3,1
2024-04-28,PROD0017,WH-EAST,250,242,159,3,157.64,1.0,1
2024-04-29,PROD0017,WH-EAST,132,341,297,5,24.06,0.4,1
2024-04-30,PROD0017,WH-NORTH,296,227,129,9,109.13,1.3,1
2024-05-01,PROD0017,WH-NORTH,325,256,148,13,177.0,1.3,1
2024-05-02,PROD0017,WH-NORTH,457,247,95,14,76.06,1.9,1
2024-05-03,PROD0017,WH-EAST,708,199,0,2,150.84,3.6,0
2024-05-04,PROD0017,WH-NORTH,741,375,128,2,14.68,2.0,1
2024-05-05,PROD0017,WH-EAST,548,214,32,14,46.97,2.6,1
2024-05-06,PROD0017,WH-SOUTH,202,306,239,2,183.01,0.7,1
2024-05-07,PROD0017,WH-EAST,566,280,92,14,194.55,2.0,1
2024-05-08,PROD0017,WH-EAST,418,223,84,2,192.47,1.9,1
2024-05-09,PROD0017,WH-EAST,583,128,0,3,160.83,4.6,0
2024-05-10,PROD0017,WH-NORTH,691,293,63,7,135.59,2.4,1
2024-05-11,PROD0017,WH-SOUTH,665,336,115,8,84.24,2.0,1
2024-05-12,PROD0017,WH-SOUTH,696,134,0,6,26.55,5.2,0
2024-05-13,PROD0017,WH-SOUTH,662,259,39,4,182.59,2.6,1
2024-05-14,PROD0017,WH-SOUTH,378,258,132,6,172.05,1.5,1
2024-05-15,PROD0017,WH-SOUTH,625,238,30,5,102.04,2.6,1
2024-05-16,PROD0017,WH-SOUTH,641,298,85,11,126.04,2.2,1
2024-05-17,PROD0017,WH-SOUTH,235,214,136,14,160.52,1.1,1
2024-05-18,PROD0017,WH-NORTH,277,311,219,8,40.3,0.9,1
2024-05-19,PROD0017,WH-EAST,454,155,4,3,107.67,2.9,1
2024-05-20,PROD0017,WH-NORTH,378,349,223,10,105.76,1.1,1
2024-05-21,PROD0017,WH-SOUTH,471,189,32,14,45.29,2.5,1
2024-05-22,PROD0017,WH-EAST,183,301,240,5,20.06,0.6,1
2024-05-23,PROD0017,WH-SOUTH,200,302,236,2,36.95,0.7,1
2024-05-24,PROD0017,WH-SOUTH,452,249,99,6,93.97,1.8,1
2024-05-25,PROD0017,WH-NORTH,413,299,162,14,126.02,1.4,1
2024-05-26,PROD0017,WH-SOUTH,644,177,0,3,123.98,3.6,0
2024-05-27,PROD0017,WH-EAST,230,307,231,10,71.52,0.7,1
2024-05-28,PROD0017,WH-SOUTH,734,246,2,12,43.42,3.0,1
2024-05-29,PROD0017,WH-SOUTH,329,273,164,6,7.95,1.2,1
2024-05-30,PROD0017,WH-NORTH,414,334,196,9,43.08,1.2,1
2024-05-31,PROD0017,WH-SOUTH,396,189,57,8,71.6,2.1,1
2024-06-01,PROD0017,WH-NORTH,438,265,119,8,29.32,1.7,1
2024-06-02,PROD0017,WH-NORTH,296,323,225,10,12.33,0.9,1
2024-06-03,PROD0017,WH-NORTH,330,205,95,11,180.09,1.6,1
2024-06-04,PROD0017,WH-SOUTH,364,233,112,5,65.7,1.6,1
2024-06-05,PROD0017,WH-SOUTH,288,219,123,14,21.99,1.3,1
2024-06-06,PROD0017,WH-EAST,544,153,0,3,64.34,3.6,0
2024-06-07,PROD0017,WH-SOUTH,336,288,176,13,192.27,1.2,1
2024-06-08,PROD0017,WH-NORTH,652,261,44,6,89.9,2.5,1
2024-06-09,PROD0017,WH-SOUTH,558,247,61,3,73.39,2.3,1
2024-06-10,PROD0017,WH-SOUTH,400,223,90,2,146.15,1.8,1
2024-06-11,PROD0017,WH-EAST,184,261,200,9,103.83,0.7,1
2024-06-12,PROD0017,WH-EAST,199,261,195,3,133.11,0.8,1
2024-06-13,PROD0017,WH-SOUTH,319,256,150,11,74.89,1.2,1
2024-06-14,PROD0017,WH-NORTH,544,237,56,10,99.84,2.3,1
2024-06-15,PROD0017,WH-SOUTH,264,355,267,4,120.98,0.7,1
2024-06-16,PROD0017,WH-SOUTH,684,237,9,5,179.49,2.9,1
2024-06-17,PROD0017,WH-EAST,459,265,112,6,108.25,1.7,1
2024-06-18,PROD0017,WH-NORTH,754,306,55,11,122.81,2.5,1
2024-06-19,PROD0017,WH-SOUTH,0,192,192,13,187.72,0.0,1
2024-06-20,PROD0017,WH-SOUTH,279,248,155,12,5.5,1.1,1
2024-06-21,PROD0017,WH-EAST,356,302,184,11,124.86,1.2,1
2024-06-22,PROD0017,WH-NORTH,434,158,14,4,101.13,2.7,1
2024-06-23,PROD0017,WH-NORTH,655,248,30,14,199.77,2.6,1
2024-06-24,PROD0017,WH-EAST,445,270,122,7,16.55,1.6,1
2024-06-25,PROD0017,WH-EAST,659,287,68,8,178.67,2.3,1
2024-06-26,PROD0017,WH-SOUTH,425,248,107,4,37.04,1.7,1
2024-06-27,PROD0017,WH-SOUTH,612,269,65,6,119.99,2.3,1
2024-06-28,PROD0017,WH-EAST,615,342,137,9,178.28,1.8,1
2024-01-01,PROD0018,WH-NORTH,559,493,307,12,133.43,1.1,1
2024-01-02,PROD0018,WH-EAST,549,485,302,8,165.67,1.1,1
2024-01-03,PROD0018,WH-EAST,1013,333,0,13,94.39,3.0,0
2024-01-04,PROD0018,WH-EAST,997,263,0,13,52.26,3.8,0
2024-01-05,PROD0018,WH-NORTH,1236,480,68,14,18.43,2.6,1
2024-01-06,PROD0018,WH-SOUTH,443,414,267,13,14.63,1.1,1
2024-01-07,PROD0018,WH-EAST,931,417,107,7,185.22,2.2,1
2024-01-08,PROD0018,WH-EAST,266,484,396,14,130.96,0.5,1
2024-01-09,PROD0018,WH-EAST,951,406,89,6,44.71,2.3,1
2024-01-10,PROD0018,WH-EAST,903,514,213,7,185.14,1.8,1
2024-01-11,PROD0018,WH-EAST,554,345,161,11,37.61,1.6,1
2024-01-12,PROD0018,WH-NORTH,530,384,208,11,57.8,1.4,1
2024-01-13,PROD0018,WH-SOUTH,714,555,317,7,24.92,1.3,1
2024-01-14,PROD0018,WH-EAST,789,290,27,7,199.07,2.7,1
2024-01-15,PROD0018,WH-SOUTH,445,428,280,8,87.57,1.0,1
2024-01-16,PROD0018,WH-NORTH,0,447,447,4,127.34,0.0,1
2024-01-17,PROD0018,WH-EAST,493,412,248,10,101.14,1.2,1
2024-01-18,PROD0018,WH-NORTH,974,471,147,6,61.01,2.1,1
2024-01-19,PROD0018,WH-SOUTH,787,319,57,6,136.8,2.5,1
2024-01-20,PROD0018,WH-EAST,724,450,209,13,127.6,1.6,1
2024-01-21,PROD0018,WH-NORTH,906,294,0,10,140.16,3.1,0
2024-01-22,PROD0018,WH-NORTH,538,387,208,7,139.4,1.4,1
2024-01-23,PROD0018,WH-NORTH,1253,508,91,7,17.32,2.5,1
2024-01-24,PROD0018,WH-NORTH,1096,528,163,14,89.35,2.1,1
2024-01-25,PROD0018,WH-EAST,811,684,414,14,144.01,1.2,1
2024-01-26,PROD0018,WH-SOUTH,504,678,510,9,157.01,0.7,1
2024-01-27,PROD0018,WH-EAST,681,416,189,2,134.57,1.6,1
2024-01-28,PROD0018,WH-NORTH,1128,583,207,13,32.28,1.9,1
2024-01-29,PROD0018,WH-NORTH,866,516,228,4,23.82,1.7,1
2024-01-30,PROD0018,WH-EAST,470,489,333,7,182.69,1.0,1
2024-01-31,PROD0018,WH-NORTH,330,332,222,8,164.67,1.0,1
2024-02-01,PROD0018,WH-SOUTH,1328,379,0,6,67.29,3.5,0
2024-02-02,PROD0018,WH-EAST,1227,377,0,2,57.0,3.3,0
2024-02-03,PROD0018,WH-SOUTH,762,530,276,10,102.51,1.4,1
2024-02-04,PROD0018,WH-NORTH,257,529,444,12,29.31,0.5,1
2024-02-05,PROD0018,WH-SOUTH,451,370,220,4,43.16,1.2,1
2024-02-06,PROD0018,WH-NORTH,415,539,401,7,74.29,0.8,1
2024-02-07,PROD0018,WH-SOUTH,266,428,340,13,114.71,0.6,1
2024-02-08,PROD0018,WH-SOUTH,430,563,420,9,21.16,0.8,1
2024-02-09,PROD0018,WH-SOUTH,1000,390,57,7,71.02,2.6,1
2024-02-10,PROD0018,WH-EAST,724,458,217,13,96.51,1.6,1
2024-02-11,PROD0018,WH-NORTH,643,409,195,7,88.75,1.6,1
2024-02-12,PROD0018,WH-NORTH,245,402,321,2,126.39,0.6,1
2024-02-13,PROD0018,WH-EAST,785,449,188,13,77.75,1.7,1
2024-02-14,PROD0018,WH-SOUTH,754,333,82,11,198.28,2.3,1
2024-02-15,PROD0018,WH-NORTH,462,333,179,11,199.65,1.4,1
2024-02-16,PROD0018,WH-EAST,358,391,272,6,114.58,0.9,1
2024-02-17,PROD0018,WH-NORTH,523,498,324,12,21.28,1.1,1
2024-02-18,PROD0018,WH-NORTH,0,320,320,6,22.75,0.0,1
2024-02-19,PROD0018,WH-SOUTH,1232,389,0,5,180.24,3.2,0
2024-02-20,PROD0018,WH-NORTH,1241,531,118,5,37.33,2.3,1
2024-02-21,PROD0018,WH-SOUTH,1080,396,36,8,192.74,2.7,1
2024-02-22,PROD0018,WH-EAST,777,450,191,7,163.62,1.7,1
2024-02-23,PROD0018,WH-NORTH,298,478,379,2,143.92,0.6,1
2024-02-24,PROD0018,WH-NORTH,990,382,52,6,141.65,2.6,1
2024-02-25,PROD0018,WH-EAST,1093,441,77,7,138.46,2.5,1
2024-02-26,PROD0018,WH-NORTH,542,541,361,7,73.96,1.0,1
2024-02-27,PROD0018,WH-EAST,1253,312,0,14,33.06,4.0,0
2024-02-28,PROD0018,WH-EAST,587,446,251,12,111.43,1.3,1
2024-02-29,PROD0018,WH-NORTH,645,373,158,7,174.19,1.7,1
2024-03-01,PROD0018,WH-NORTH,553,405,221,5,24.47,1.4,1
2024-03-02,PROD0018,WH-SOUTH,406,304,169,13,174.61,1.3,1
2024-03-03,PROD0018,WH-SOUTH,1254,380,0,4,130.33,3.3,0
2024-03-04,PROD0018,WH-NORTH,1213,453,49,12,58.14,2.7,1
2024-03-05,PROD0018,WH-EAST,945,294,0,13,147.01,3.2,0
2024-03-06,PROD0018,WH-EAST,358,410,291,3,61.9,0.9,1
2024-03-07,PROD0018,WH-SOUTH,618,413,207,2,134.72,1.5,1
2024-03-08,PROD0018,WH-NORTH,752,405,155,11,139.17,1.9,1
2024-03-09,PROD0018,WH-SOUTH,1228,315,0,3,178.36,3.9,0
2024-03-10,PROD0018,WH-SOUTH,722,486,246,13,47.75,1.5,1
2024-03-11,PROD0018,WH-SOUTH,858,523,237,7,46.32,1.6,1
2024-03-12,PROD0018,WH-NORTH,1159,523,137,10,191.1,2.2,1
2024-03-13,PROD0018,WH-SOUTH,723,404,163,4,76.65,1.8,1
2024-03-14,PROD0018,WH-SOUTH,998,452,120,10,132.01,2.2,1
2024-03-15,PROD0018,WH-SOUTH,1053,557,206,10,171.95,1.9,1
2024-03-16,PROD0018,WH-NORTH,938,482,170,6,157.75,1.9,1
2024-03-17,PROD0018,WH-SOUTH,1073,447,90,4,156.97,2.4,1
2024-03-18,PROD0018,WH-EAST,762,325,71,14,169.2,2.3,1
2024-03-19,PROD0018,WH-SOUTH,0,415,415,12,53.13,0.0,1
2024-03-20,PROD0018,WH-NORTH,1141,470,90,3,96.49,2.4,1
2024-03-21,PROD0018,WH-SOUTH,940,412,99,2,31.38,2.3,1
2024-03-22,PROD0018,WH-NORTH,486,549,387,10,80.91,0.9,1
2024-03-23,PROD0018,WH-SOUTH,563,287,100,14,98.33,2.0,1
2024-03-24,PROD0018,WH-NORTH,1072,387,30,9,31.98,2.8,1
2024-03-25,PROD0018,WH-NORTH,979,524,198,5,9.84,1.9,1
2024-03-26,PROD0018,WH-SOUTH,594,498,300,6,91.78,1.2,1
2024-03-27,PROD0018,WH-NORTH,499,612,446,5,18.64,0.8,1
2024-03-28,PROD0018,WH-SOUTH,680,474,248,10,151.36,1.4,1
2024-03-29,PROD0018,WH-SOUTH,988,465,136,12,89.31,2.1,1
2024-03-30,PROD0018,WH-EAST,456,507,355,2,199.38,0.9,1
2024-03-31,PROD0018,WH-SOUTH,932,482,172,13,115.84,1.9,1
2024-04-01,PROD0018,WH-EAST,643,444,230,8,89.26,1.4,1
2024-04-02,PROD0018,WH-SOUTH,318,526,420,13,43.17,0.6,1
2024-04-03,PROD0018,WH-EAST,581,618,425,4,46.45,0.9,1
2024-04-04,PROD0018,WH-SOUTH,1197,544,145,10,133.69,2.2,1
2024-04-05,PROD0018,WH-EAST,881,417,124,5,143.85,2.1,1
2024-04-06,PROD0018,WH-SOUTH,881,279,0,9,66.48,3.2,0
2024-04-07,PROD0018,WH-EAST,605,451,250,9,5.02,1.3,1
2024-04-08,PROD0018,WH-SOUTH,978,569,243,6,22.23,1.7,1
2024-04-09,PROD0018,WH-SOUTH,1092,488,124,6,12.98,2.2,1
2024-04-10,PROD0018,WH-EAST,562,571,384,5,6.63,1.0,1
2024-04-11,PROD0018,WH-NORTH,237,618,539,9,128.71,0.4,1
2024-04-12,PROD0018,WH-EAST,1283,381,0,3,54.27,3.4,0
2024-04-13,PROD0018,WH-EAST,360,531,411,8,44.2,0.7,1
2024-04-14,PROD0018,WH-NORTH,1249,343,0,9,186.85,3.6,0
2024-04-15,PROD0018,WH-SOUTH,1189,435,39,12,66.09,2.7,1
2024-04-16,PROD0018,WH-SOUTH,537,386,207,10,131.34,1.4,1
2024-04-17,PROD0018,WH-SOUTH,701,456,223,9,127.77,1.5,1
2024-04-18,PROD0018,WH-EAST,1248,321,0,8,143.3,3.9,0
2024-04-19,PROD0018,WH-NORTH,986,598,270,9,124.93,1.6,1
2024-04-20,PROD0018,WH-EAST,842,447,167,10,190.09,1.9,1
2024-04-21,PROD0018,WH-SOUTH,222,506,432,12,172.89,0.4,1
2024-04-22,PROD0018,WH-NORTH,355,288,170,6,172.06,1.2,1
2024-04-23,PROD0018,WH-EAST,819,434,161,9,74.16,1.9,1
2024-04-24,PROD0018,WH-EAST,1274,481,57,2,160.26,2.6,1
2024-04-25,PROD0018,WH-SOUTH,582,330,136,2,164.73,1.8,1
2024-04-26,PROD0018,WH-NORTH,792,410,146,10,94.39,1.9,1
2024-04-27,PROD0018,WH-NORTH,561,408,221,11,183.15,1.4,1
2024-04-28,PROD0018,WH-SOUTH,645,526,311,11,38.1,1.2,1
2024-04-29,PROD0018,WH-EAST,595,480,282,11,13.96,1.2,1
2024-04-30,PROD0018,WH-NORTH,827,407,132,8,115.85,2.0,1
2024-05-01,PROD0018,WH-EAST,1194,501,103,13,191.36,2.4,1
2024-05-02,PROD0018,WH-EAST,1037,594,249,3,20.28,1.7,1
2024-05-03,PROD0018,WH-NORTH,248,537,455,5,175.29,0.5,1
2024-05-04,PROD0018,WH-EAST,914,473,169,11,167.32,1.9,1
2024-05-05,PROD0018,WH-EAST,990,394,64,4,196.4,2.5,1
2024-05-06,PROD0018,WH-NORTH,260,286,200,2,158.93,0.9,1
2024-05-07,PROD0018,WH-EAST,387,449,320,11,136.77,0.9,1
2024-05-08,PROD0018,WH-NORTH,296,587,489,12,154.08,0.5,1
2024-05-09,PROD0018,WH-NORTH,1042,367,20,10,165.62,2.8,1
2024-05-10,PROD0018,WH-EAST,728,371,129,9,81.05,2.0,1
2024-05-11,PROD0018,WH-EAST,394,341,210,10,144.28,1.2,1
2024-05-12,PROD0018,WH-SOUTH,423,484,343,14,175.15,0.9,1
2024-05-13,PROD0018,WH-SOUTH,336,495,383,14,104.25,0.7,1
2024-05-14,PROD0018,WH-NORTH,596,368,170,8,35.27,1.6,1
2024-05-15,PROD0018,WH-EAST,564,550,362,12,63.26,1.0,1
2024-05-16,PROD0018,WH-EAST,848,458,176,10,142.09,1.9,1
2024-05-17,PROD0018,WH-NORTH,875,477,186,2,153.04,1.8,1
2024-05-18,PROD0018,WH-EAST,794,485,221,5,119.08,1.6,1
2024-05-19,PROD0018,WH-NORTH,862,632,345,13,192.22,1.4,1
2024-05-20,PROD0018,WH-NORTH,706,442,207,2,127.0,1.6,1
2024-05-21,PROD0018,WH-SOUTH,1055,765,414,2,174.26,1.4,1
2024-05-22,PROD0018,WH-NORTH,534,434,256,9,23.88,1.2,1
2024-05-23,PROD0018,WH-NORTH,839,471,192,4,142.7,1.8,1
2024-05-24,PROD0018,WH-SOUTH,532,398,221,14,185.57,1.3,1
2024-05-25,PROD0018,WH-EAST,968,469,147,8,162.74,2.1,1
2024-05-26,PROD0018,WH-EAST,523,355,181,10,154.51,1.5,1
2024-05-27,PROD0018,WH-NORTH,1208,486,84,4,51.9,2.5,1
2024-05-28,PROD0018,WH-EAST,336,437,325,7,99.14,0.8,1
2024-05-29,PROD0018,WH-NORTH,490,424,261,4,85.81,1.2,1
2024-05-30,PROD0018,WH-NORTH,1029,412,69,13,68.63,2.5,1
2024-05-31,PROD0018,WH-NORTH,812,327,57,14,89.17,2.5,1
2024-06-01,PROD0018,WH-NORTH,570,582,392,8,60.16,1.0,1
2024-06-02,PROD0018,WH-SOUTH,676,466,241,3,165.5,1.5,1
2024-06-03,PROD0018,WH-NORTH,410,304,168,14,180.83,1.3,1
2024-06-04,PROD0018,WH-SOUTH,1142,473,93,10,155.61,2.4,1
2024-06-05,PROD0018,WH-SOUTH,1244,260,0,12,28.55,4.8,0
2024-06-06,PROD0018,WH-NORTH,311,512,409,3,60.62,0.6,1
2024-06-07,PROD0018,WH-EAST,272,492,402,7,53.75,0.6,1
2024-06-08,PROD0018,WH-EAST,1297,361,0,11,7.88,3.6,0
2024-06-09,PROD0018,WH-EAST,1090,575,212,3,170.58,1.9,1
2024-06-10,PROD0018,WH-SOUTH,473,414,257,8,82.07,1.1,1
2024-06-11,PROD0018,WH-EAST,379,367,241,11,40.11,1.0,1
2024-06-12,PROD0018,WH-EAST,837,319,40,14,138.85,2.6,1
2024-06-13,PROD0018,WH-NORTH,730,420,177,11,43.76,1.7,1
2024-06-14,PROD0018,WH-EAST,773,504,247,2,72.88,1.5,1
2024-06-15,PROD0018,WH-EAST,319,424,318,13,54.83,0.8,1
2024-06-16,PROD0018,WH-EAST,915,443,138,4,188.61,2.1,1
2024-06-17,PROD0018,WH-EAST,460,448,295,6,168.52,1.0,1
2024-06-18,PROD0018,WH-SOUTH,1169,501,112,13,50.64,2.3,1
2024-06-19,PROD0018,WH-SOUTH,524,553,379,11,95.57,0.9,1
2024-06-20,PROD0018,WH-NORTH,1103,391,24,6,118.03,2.8,1
2024-06-21,PROD0018,WH-NORTH,0,389,389,3,120.2,0.0,1
2024-06-22,PROD0018,WH-SOUTH,896,319,21,2,16.93,2.8,1
2024-06-23,PROD0018,WH-EAST,336,511,399,3,43.63,0.7,1
2024-06-24,PROD0018,WH-NORTH,1080,462,102,9,5.81,2.3,1
2024-06-25,PROD0018,WH-EAST,999,448,115,13,83.38,2.2,1
2024-06-26,PROD0018,WH-EAST,565,425,237,4,160.2,1.3,1
2024-06-27,PROD0018,WH-EAST,1300,269,0,9,29.66,4.8,0
2024-06-28,PROD0018,WH-NORTH,1144,403,22,10,80.9,2.8,1
2024-01-01,PROD0019,WH-SOUTH,504,307,139,6,179.87,1.6,1
2024-01-02,PROD0019,WH-SOUTH,214,296,225,14,94.94,0.7,1
2024-01-03,PROD0019,WH-EAST,177,267,208,8,171.42,0.7,1
2024-01-04,PROD0019,WH-NORTH,141,221,174,8,6.48,0.6,1
2024-01-05,PROD0019,WH-EAST,540,209,29,6,190.67,2.6,1
2024-01-06,PROD0019,WH-EAST,667,173,0,2,17.19,3.9,0
2024-01-07,PROD0019,WH-SOUTH,160,262,209,10,184.73,0.6,1
2024-01-08,PROD0019,WH-SOUTH,188,253,191,14,113.18,0.7,1
2024-01-09,PROD0019,WH-SOUTH,260,304,218,13,145.32,0.9,1
2024-01-10,PROD0019,WH-SOUTH,630,251,41,13,94.04,2.5,1
2024-01-11,PROD0019,WH-SOUTH,644,234,20,7,80.71,2.8,1
2024-01-12,PROD0019,WH-SOUTH,560,194,8,7,82.03,2.9,1
2024-01-13,PROD0019,WH-SOUTH,388,332,203,14,159.58,1.2,1
2024-01-14,PROD0019,WH-SOUTH,200,266,200,2,25.39,0.8,1
2024-01-15,PROD0019,WH-SOUTH,0,264,264,12,107.66,0.0,1
2024-01-16,PROD0019,WH-EAST,482,172,12,14,41.22,2.8,1
2024-01-17,PROD0019,WH-SOUTH,720,216,0,13,174.92,3.3,0
2024-01-18,PROD0019,WH-EAST,0,287,287,5,41.57,0.0,1
2024-01-19,PROD0019,WH-EAST,672,293,69,10,130.89,2.3,1
2024-01-20,PROD0019,WH-EAST,387,157,28,14,135.49,2.5,1
2024-01-21,PROD0019,WH-NORTH,524,229,55,14,6.96,2.3,1
2024-01-22,PROD0019,WH-EAST,216,250,178,9,110.34,0.9,1
2024-01-23,PROD0019,WH-NORTH,261,291,204,13,139.54,0.9,1
2024-01-24,PROD0019,WH-NORTH,690,285,55,2,115.19,2.4,1
2024-01-25,PROD0019,WH-SOUTH,301,265,165,8,72.22,1.1,1
2024-01-26,PROD0019,WH-NORTH,686,221,0,3,178.88,3.1,0
2024-01-27,PROD0019,WH-SOUTH,152,327,277,13,5.08,0.5,1
2024-01-28,PROD0019,WH-EAST,431,278,135,2,124.09,1.6,1
2024-01-29,PROD0019,WH-SOUTH,508,203,34,13,122.36,2.5,1
2024-01-30,PROD0019,WH-EAST,373,300,176,14,117.19,1.2,1
2024-01-31,PROD0019,WH-EAST,195,253,188,8,176.77,0.8,1
2024-02-01,PROD0019,WH-SOUTH,364,189,68,3,85.54,1.9,1
2024-02-02,PROD0019,WH-EAST,247,239,157,9,177.67,1.0,1
2024-02-03,PROD0019,WH-EAST,325,175,67,12,116.26,1.9,1
2024-02-04,PROD0019,WH-NORTH,313,272,168,13,80.02,1.2,1
2024-02-05,PROD0019,WH-SOUTH,569,331,142,10,111.12,1.7,1
2024-02-06,PROD0019,WH-NORTH,180,308,248,13,31.96,0.6,1
2024-02-07,PROD0019,WH-NORTH,404,236,102,7,12.44,1.7,1
2024-02-08,PROD0019,WH-SOUTH,460,277,124,7,12.98,1.7,1
2024-02-09,PROD0019,WH-EAST,654,215,0,13,190.73,3.0,0
2024-02-10,PROD0019,WH-EAST,670,267,44,10,133.56,2.5,1
2024-02-11,PROD0019,WH-NORTH,728,297,55,3,49.02,2.5,1
2024-02-12,PROD0019,WH-NORTH,485,223,62,10,94.95,2.2,1
2024-02-13,PROD0019,WH-NORTH,574,213,22,2,24.74,2.7,1
2024-02-14,PROD0019,WH-EAST,298,266,167,14,109.9,1.1,1
2024-02-15,PROD0019,WH-EAST,682,227,0,14,186.12,3.0,0
2024-02-16,PROD0019,WH-SOUTH,712,310,73,8,39.5,2.3,1
2024-02-17,PROD0019,WH-SOUTH,582,197,3,14,41.07,3.0,1
2024-02-18,PROD0019,WH-NORTH,383,259,132,5,14.25,1.5,1
2024-02-19,PROD0019,WH-SOUTH,317,246,141,8,132.78,1.3,1
2024-02-20,PROD0019,WH-NORTH,303,244,143,3,195.42,1.2,1
2024-02-21,PROD0019,WH-EAST,699,264,31,8,114.61,2.6,1
2024-02-22,PROD0019,WH-EAST,189,245,182,12,41.7,0.8,1
2024-02-23,PROD0019,WH-NORTH,710,262,26,13,174.72,2.7,1
2024-02-24,PROD0019,WH-EAST,483,195,34,12,159.46,2.5,1
2024-02-25,PROD0019,WH-SOUTH,642,291,77,9,86.78,2.2,1
2024-02-26,PROD0019,WH-SOUTH,417,163,24,3,23.07,2.6,1
2024-02-27,PROD0019,WH-NORTH,345,328,213,7,99.08,1.1,1
2024-02-28,PROD0019,WH-EAST,375,270,145,12,121.04,1.4,1
2024-02-29,PROD0019,WH-EAST,410,258,122,13,71.97,1.6,1
2024-03-01,PROD0019,WH-SOUTH,140,259,213,6,58.47,0.5,1
2024-03-02,PROD0019,WH-NORTH,648,196,0,2,189.3,3.3,0
2024-03-03,PROD0019,WH-NORTH,360,332,212,9,77.73,1.1,1
2024-03-04,PROD0019,WH-NORTH,0,309,309,9,67.27,0.0,1
2024-03-05,PROD0019,WH-EAST,482,337,177,5,115.07,1.4,1
2024-03-06,PROD0019,WH-EAST,143,283,236,9,143.23,0.5,1
2024-03-07,PROD0019,WH-EAST,0,255,255,9,41.02,0.0,1
2024-03-08,PROD0019,WH-EAST,684,234,6,5,167.02,2.9,1
2024-03-09,PROD0019,WH-SOUTH,213,220,149,7,86.99,1.0,1
2024-03-10,PROD0019,WH-EAST,712,138,0,7,44.88,5.2,0
2024-03-11,PROD0019,WH-SOUTH,242,268,188,10,60.17,0.9,1
2024-03-12,PROD0019,WH-EAST,504,130,0,2,178.06,3.9,0
2024-03-13,PROD0019,WH-EAST,402,318,184,6,90.26,1.3,1
2024-03-14,PROD0019,WH-SOUTH,596,225,27,6,76.5,2.6,1
2024-03-15,PROD0019,WH-SOUTH,612,288,84,4,92.45,2.1,1
2024-03-16,PROD0019,WH-EAST,553,253,69,12,114.1,2.2,1
2024-03-17,PROD0019,WH-NORTH,353,300,183,4,135.07,1.2,1
2024-03-18,PROD0019,WH-SOUTH,330,146,36,9,108.41,2.3,1
2024-03-19,PROD0019,WH-NORTH,276,257,165,6,60.51,1.1,1
2024-03-20,PROD0019,WH-SOUTH,402,311,177,14,43.38,1.3,1
2024-03-21,PROD0019,WH-NORTH,405,208,73,5,18.13,1.9,1
2024-03-22,PROD0019,WH-NORTH,751,155,0,9,99.86,4.8,0
2024-03-23,PROD0019,WH-NORTH,482,228,68,8,135.14,2.1,1
2024-03-24,PROD0019,WH-SOUTH,365,190,69,13,184.27,1.9,1
2024-03-25,PROD0019,WH-EAST,722,248,8,2,134.61,2.9,1
2024-03-26,PROD0019,WH-NORTH,732,281,37,3,84.02,2.6,1
2024-03-27,PROD0019,WH-NORTH,289,203,107,10,145.64,1.4,1
2024-03-28,PROD0019,WH-NORTH,342,304,190,6,178.97,1.1,1
2024-03-29,PROD0019,WH-EAST,550,183,0,4,127.58,3.0,0
2024-03-30,PROD0019,WH-EAST,516,154,0,8,133.88,3.4,0
2024-03-31,PROD0019,WH-EAST,393,249,118,6,90.16,1.6,1
2024-04-01,PROD0019,WH-EAST,620,237,31,7,115.5,2.6,1
2024-04-02,PROD0019,WH-NORTH,510,259,89,13,70.28,2.0,1
2024-04-03,PROD0019,WH-NORTH,368,240,118,6,199.0,1.5,1
2024-04-04,PROD0019,WH-NORTH,725,222,0,13,133.33,3.3,0
2024-04-05,PROD0019,WH-NORTH,430,246,103,7,27.38,1.7,1
2024-04-06,PROD0019,WH-NORTH,466,203,48,4,160.63,2.3,1
2024-04-07,PROD0019,WH-NORTH,259,225,139,2,32.91,1.2,1
2024-04-08,PROD0019,WH-NORTH,594,256,58,2,145.36,2.3,1
2024-04-09,PROD0019,WH-SOUTH,736,288,43,7,92.1,2.6,1
2024-04-10,PROD0019,WH-EAST,430,245,102,5,34.19,1.8,1
2024-04-11,PROD0019,WH-EAST,168,295,239,13,199.97,0.6,1
2024-04-12,PROD0019,WH-NORTH,470,345,189,8,81.09,1.4,1
2024-04-13,PROD0019,WH-EAST,516,310,138,10,130.02,1.7,1
2024-04-14,PROD0019,WH-EAST,454,105,0,14,101.96,4.3,0
2024-04-15,PROD0019,WH-SOUTH,409,342,206,14,70.31,1.2,1
2024-04-16,PROD0019,WH-EAST,214,358,287,5,95.92,0.6,1
2024-04-17,PROD0019,WH-EAST,313,223,119,6,72.8,1.4,1
2024-04-18,PROD0019,WH-NORTH,465,223,68,11,16.95,2.1,1
2024-04-19,PROD0019,WH-NORTH,485,176,15,2,164.19,2.8,1
2024-04-20,PROD0019,WH-SOUTH,217,305,233,8,145.5,0.7,1
2024-04-21,PROD0019,WH-SOUTH,704,198,0,4,197.26,3.6,0
2024-04-22,PROD0019,WH-NORTH,293,344,247,3,32.75,0.9,1
2024-04-23,PROD0019,WH-EAST,213,211,140,4,94.41,1.0,1
2024-04-24,PROD0019,WH-NORTH,493,243,79,11,105.56,2.0,1
2024-04-25,PROD0019,WH-NORTH,149,239,190,7,132.89,0.6,1
2024-04-26,PROD0019,WH-EAST,745,225,0,7,20.26,3.3,0
2024-04-27,PROD0019,WH-EAST,329,220,111,8,135.5,1.5,1
2024-04-28,PROD0019,WH-NORTH,229,278,202,2,154.45,0.8,1
2024-04-29,PROD0019,WH-NORTH,424,285,144,14,14.02,1.5,1
2024-04-30,PROD0019,WH-SOUTH,235,208,130,2,97.78,1.1,1
2024-05-01,PROD0019,WH-NORTH,445,227,79,8,96.2,2.0,1
2024-05-02,PROD0019,WH-SOUTH,286,350,255,6,199.33,0.8,1
2024-05-03,PROD0019,WH-NORTH,638,267,55,5,196.95,2.4,1
2024-05-04,PROD0019,WH-SOUTH,467,336,181,14,55.22,1.4,1
2024-05-05,PROD0019,WH-EAST,683,200,0,7,111.86,3.4,0
2024-05-06,PROD0019,WH-SOUTH,463,268,114,13,59.14,1.7,1
2024-05-07,PROD0019,WH-SOUTH,388,181,52,5,23.17,2.1,1
2024-05-08,PROD0019,WH-NORTH,210,357,287,4,74.36,0.6,1
2024-05-09,PROD0019,WH-EAST,440,369,223,11,37.84,1.2,1
2024-05-10,PROD0019,WH-NORTH,254,236,152,6,26.66,1.1,1
2024-05-11,PROD0019,WH-SOUTH,418,327,188,2,94.17,1.3,1
2024-05-12,PROD0019,WH-EAST,647,211,0,13,132.13,3.1,0
2024-05-13,PROD0019,WH-SOUTH,313,193,89,6,148.55,1.6,1
2024-05-14,PROD0019,WH-EAST,721,173,0,9,18.53,4.2,0
2024-05-15,PROD0019,WH-SOUTH,632,253,43,14,107.65,2.5,1
2024-05-16,PROD0019,WH-NORTH,430,275,132,4,63.2,1.6,1
2024-05-17,PROD0019,WH-NORTH,502,219,52,11,189.42,2.3,1
2024-05-18,PROD0019,WH-SOUTH,731,278,35,10,46.68,2.6,1
2024-05-19,PROD0019,WH-SOUTH,484,257,96,10,137.46,1.9,1
2024-05-20,PROD0019,WH-SOUTH,441,255,108,5,137.85,1.7,1
2024-05-21,PROD0019,WH-EAST,147,231,182,3,123.16,0.6,1
2024-05-22,PROD0019,WH-EAST,369,197,74,2,38.73,1.9,1
2024-05-23,PROD0019,WH-EAST,227,199,124,2,100.28,1.1,1
2024-05-24,PROD0019,WH-EAST,398,234,102,14,144.24,1.7,1
2024-05-25,PROD0019,WH-SOUTH,151,205,155,11,143.53,0.7,1
2024-05-26,PROD0019,WH-EAST,127,372,330,3,114.82,0.3,1
2024-05-27,PROD0019,WH-EAST,293,192,95,5,72.37,1.5,1
2024-05-28,PROD0019,WH-NORTH,215,290,219,4,19.26,0.7,1
2024-05-29,PROD0019,WH-NORTH,711,273,36,12,13.61,2.6,1
2024-05-30,PROD0019,WH-NORTH,128,262,220,4,29.93,0.5,1
2024-05-31,PROD0019,WH-EAST,595,285,87,5,117.29,2.1,1
2024-06-01,PROD0019,WH-NORTH,350,263,147,10,116.39,1.3,1
2024-06-02,PROD0019,WH-NORTH,169,302,246,3,60.77,0.6,1
2024-06-03,PROD0019,WH-SOUTH,667,260,38,7,179.9,2.6,1
2024-06-04,PROD0019,WH-EAST,201,233,166,2,159.16,0.9,1
2024-06-05,PROD0019,WH-SOUTH,388,235,106,10,108.52,1.7,1
2024-06-06,PROD0019,WH-NORTH,575,244,53,9,189.89,2.4,1
2024-06-07,PROD0019,WH-NORTH,249,203,120,7,15.37,1.2,1
2024-06-08,PROD0019,WH-NORTH,339,210,97,4,149.69,1.6,1
2024-06-09,PROD0019,WH-EAST,617,151,0,13,136.1,4.1,0
2024-06-10,PROD0019,WH-SOUTH,699,312,79,11,163.66,2.2,1
2024-06-11,PROD0019,WH-SOUTH,613,341,137,8,179.98,1.8,1
2024-06-12,PROD0019,WH-EAST,418,212,73,13,143.77,2.0,1
2024-06-13,PROD0019,WH-NORTH,383,286,159,6,37.34,1.3,1
2024-06-14,PROD0019,WH-NORTH,128,244,202,13,26.4,0.5,1
2024-06-15,PROD0019,WH-SOUTH,602,250,50,5,92.23,2.4,1
2024-06-16,PROD0019,WH-EAST,136,240,195,14,39.77,0.6,1
2024-06-17,PROD0019,WH-EAST,727,331,89,12,138.6,2.2,1
2024-06-18,PROD0019,WH-NORTH,393,237,106,12,147.41,1.7,1
2024-06-19,PROD0019,WH-NORTH,672,217,0,6,69.25,3.1,0
2024-06-20,PROD0019,WH-SOUTH,420,281,141,10,199.85,1.5,1
2024-06-21,PROD0019,WH-NORTH,752,277,27,13,132.04,2.7,1
2024-06-22,PROD0019,WH-NORTH,501,353,186,10,179.96,1.4,1
2024-06-23,PROD0019,WH-SOUTH,227,274,199,11,151.67,0.8,1
2024-06-24,PROD0019,WH-EAST,254,200,116,11,21.62,1.3,1
2024-06-25,PROD0019,WH-EAST,160,201,148,12,136.64,0.8,1
2024-06-26,PROD0019,WH-EAST,179,354,295,7,128.51,0.5,1
2024-06-27,PROD0019,WH-NORTH,549,226,43,10,98.78,2.4,1
2024-06-28,PROD0019,WH-NORTH,331,205,95,3,104.25,1.6,1
2024-01-01,PROD0020,WH-NORTH,465,440,285,5,100.78,1.1,1
2024-01-02,PROD0020,WH-EAST,522,384,210,7,8.22,1.4,1
2024-01-03,PROD0020,WH-NORTH,954,345,27,5,103.78,2.8,1
2024-01-04,PROD0020,WH-SOUTH,548,398,216,4,125.15,1.4,1
2024-01-05,PROD0020,WH-SOUTH,396,253,121,7,93.45,1.6,1
2024-01-06,PROD0020,WH-NORTH,1275,600,175,5,168.99,2.1,1
2024-01-07,PROD0020,WH-NORTH,755,510,259,8,75.46,1.5,1
2024-01-08,PROD0020,WH-SOUTH,1088,373,11,3,40.85,2.9,1
2024-01-09,PROD0020,WH-NORTH,855,486,201,10,35.38,1.8,1
2024-01-10,PROD0020,WH-EAST,748,343,94,11,123.07,2.2,1
2024-01-11,PROD0020,WH-EAST,0,522,522,2,63.63,0.0,1
2024-01-12,PROD0020,WH-SOUTH,647,318,103,8,83.57,2.0,1
2024-01-13,PROD0020,WH-EAST,1144,435,54,10,41.44,2.6,1
2024-01-14,PROD0020,WH-SOUTH,996,284,0,10,89.0,3.5,0
2024-01-15,PROD0020,WH-NORTH,461,358,205,2,119.11,1.3,1
2024-01-16,PROD0020,WH-SOUTH,980,325,0,11,173.65,3.0,0
2024-01-17,PROD0020,WH-EAST,1258,677,258,8,197.76,1.9,1
2024-01-18,PROD0020,WH-EAST,352,551,434,8,111.37,0.6,1
2024-01-19,PROD0020,WH-EAST,459,514,361,6,160.72,0.9,1
2024-01-20,PROD0020,WH-NORTH,954,639,321,8,162.8,1.5,1
2024-01-21,PROD0020,WH-EAST,1064,387,33,12,34.87,2.7,1
2024-01-22,PROD0020,WH-SOUTH,0,456,456,10,16.52,0.0,1
2024-01-23,PROD0020,WH-SOUTH,993,333,2,7,84.11,3.0,1
2024-01-24,PROD0020,WH-EAST,1038,505,159,2,103.86,2.1,1
2024-01-25,PROD0020,WH-EAST,602,434,234,10,51.8,1.4,1
2024-01-26,PROD0020,WH-EAST,1049,543,194,4,187.48,1.9,1
2024-01-27,PROD0020,WH-SOUTH,1150,501,118,10,157.76,2.3,1
2024-01-28,PROD0020,WH-NORTH,1138,415,36,4,188.25,2.7,1
2024-01-29,PROD0020,WH-NORTH,772,540,283,8,134.12,1.4,1
2024-01-30,PROD0020,WH-NORTH,717,644,405,5,60.48,1.1,1
2024-01-31,PROD0020,WH-SOUTH,411,562,425,5,90.17,0.7,1
2024-02-01,PROD0020,WH-SOUTH,1052,362,12,12,124.6,2.9,1
2024-02-02,PROD0020,WH-NORTH,772,440,183,2,159.52,1.8,1
2024-02-03,PROD0020,WH-NORTH,1128,455,79,12,129.45,2.5,1
2024-02-04,PROD0020,WH-EAST,1013,442,105,11,8.59,2.3,1
2024-02-05,PROD0020,WH-EAST,1019,470,131,11,36.52,2.2,1
2024-02-06,PROD0020,WH-EAST,610,421,218,3,118.14,1.4,1
2024-02-07,PROD0020,WH-EAST,381,339,212,9,143.58,1.1,1
2024-02-08,PROD0020,WH-NORTH,1265,461,40,10,147.63,2.7,1
2024-02-09,PROD0020,WH-NORTH,688,429,200,7,181.25,1.6,1
2024-02-10,PROD0020,WH-NORTH,918,242,0,5,182.86,3.8,0
2024-02-11,PROD0020,WH-NORTH,707,555,320,12,192.73,1.3,1
2024-02-12,PROD0020,WH-EAST,334,397,286,13,28.15,0.8,1
2024-02-13,PROD0020,WH-NORTH,1049,492,143,5,188.91,2.1,1
2024-02-14,PROD0020,WH-SOUTH,1196,560,162,7,87.3,2.1,1
2024-02-15,PROD0020,WH-EAST,1103,340,0,3,31.45,3.2,0
2024-02-16,PROD0020,WH-EAST,663,395,174,3,80.08,1.7,1
2024-02-17,PROD0020,WH-SOUTH,1179,536,143,9,136.44,2.2,1
2024-02-18,PROD0020,WH-EAST,962,300,0,8,140.73,3.2,0
2024-02-19,PROD0020,WH-EAST,1215,370,0,13,87.72,3.3,0
2024-02-20,PROD0020,WH-EAST,1143,507,126,7,122.09,2.3,1
2024-02-21,PROD0020,WH-EAST,750,526,276,10,8.06,1.4,1
2024-02-22,PROD0020,WH-EAST,1212,385,0,8,107.27,3.1,0
2024-02-23,PROD0020,WH-NORTH,1078,490,131,11,51.57,2.2,1
2024-02-24,PROD0020,WH-NORTH,734,573,329,12,145.18,1.3,1
2024-02-25,PROD0020,WH-NORTH,664,336,115,9,52.95,2.0,1
2024-02-26,PROD0020,WH-SOUTH,1120,485,112,6,168.82,2.3,1
2024-02-27,PROD0020,WH-SOUTH,615,585,380,5,31.38,1.1,1
2024-02-28,PROD0020,WH-SOUTH,0,442,442,10,160.64,0.0,1
2024-02-29,PROD0020,WH-NORTH,1098,390,24,4,196.72,2.8,1
2024-03-01,PROD0020,WH-EAST,1073,334,0,12,164.28,3.2,0
2024-03-02,PROD0020,WH-NORTH,1118,366,0,2,104.85,3.1,0
2024-03-03,PROD0020,WH-EAST,811,567,297,2,90.53,1.4,1
2024-03-04,PROD0020,WH-EAST,1135,423,45,2,86.4,2.7,1
2024-03-05,PROD0020,WH-NORTH,427,299,157,7,149.47,1.4,1
2024-03-06,PROD0020,WH-SOUTH,907,451,149,6,179.12,2.0,1
2024-03-07,PROD0020,WH-SOUTH,719,514,275,10,149.8,1.4,1
2024-03-08,PROD0020,WH-SOUTH,703,397,163,11,108.04,1.8,1
2024-03-09,PROD0020,WH-NORTH,567,443,254,6,44.4,1.3,1
2024-03-10,PROD0020,WH-EAST,1016,331,0,6,25.35,3.1,0
2024-03-11,PROD0020,WH-EAST,1246,550,135,14,81.4,2.3,1
2024-03-12,PROD0020,WH-EAST,775,373,115,12,101.03,2.1,1
2024-03-13,PROD0020,WH-NORTH,311,459,356,3,77.58,0.7,1
2024-03-14,PROD0020,WH-EAST,288,495,399,3,104.61,0.6,1
2024-03-15,PROD0020,WH-SOUTH,350,366,250,14,70.05,1.0,1
2024-03-16,PROD0020,WH-SOUTH,394,318,187,14,20.31,1.2,1
2024-03-17,PROD0020,WH-EAST,787,338,76,2,34.22,2.3,1
2024-03-18,PROD0020,WH-NORTH,830,476,200,7,11.81,1.7,1
2024-03-19,PROD0020,WH-EAST,1230,459,49,3,97.37,2.7,1
2024-03-20,PROD0020,WH-NORTH,750,381,131,6,84.5,2.0,1
2024-03-21,PROD0020,WH-SOUTH,1258,639,220,3,162.28,2.0,1
2024-03-22,PROD0020,WH-SOUTH,447,466,317,11,19.62,1.0,1
2024-03-23,PROD0020,WH-EAST,1093,500,136,11,21.99,2.2,1
2024-03-24,PROD0020,WH-NORTH,245,389,308,5,104.94,0.6,1
2024-03-25,PROD0020,WH-SOUTH,1006,365,30,2,15.63,2.8,1
2024-03-26,PROD0020,WH-SOUTH,578,503,311,12,5.28,1.1,1
2024-03-27,PROD0020,WH-SOUTH,1300,413,0,5,82.54,3.1,0
2024-03-28,PROD0020,WH-EAST,936,285,0,14,137.34,3.3,0
2024-03-29,PROD0020,WH-NORTH,753,478,227,6,17.58,1.6,1
2024-03-30,PROD0020,WH-SOUTH,1263,454,33,6,155.32,2.8,1
2024-03-31,PROD0020,WH-NORTH,291,392,295,7,183.89,0.7,1
2024-04-01,PROD0020,WH-NORTH,435,321,176,10,59.07,1.4,1
2024-04-02,PROD0020,WH-NORTH,1262,383,0,11,34.92,3.3,0
2024-04-03,PROD0020,WH-NORTH,664,409,188,4,183.92,1.6,1
2024-04-04,PROD0020,WH-EAST,314,318,214,12,118.66,1.0,1
2024-04-05,PROD0020,WH-SOUTH,1268,501,79,14,50.93,2.5,1
2024-04-06,PROD0020,WH-EAST,788,370,108,2,147.91,2.1,1
2024-04-07,PROD0020,WH-NORTH,0,333,333,11,23.54,0.0,1
2024-04-08,PROD0020,WH-EAST,641,396,183,12,148.23,1.6,1
2024-04-09,PROD0020,WH-SOUTH,1265,478,57,11,199.36,2.6,1
2024-04-10,PROD0020,WH-SOUTH,367,493,371,9,150.62,0.7,1
2024-04-11,PROD0020,WH-EAST,1169,622,233,6,195.83,1.9,1
2024-04-12,PROD0020,WH-EAST,1037,610,265,14,46.32,1.7,1
2024-04-13,PROD0020,WH-NORTH,1178,509,117,10,46.31,2.3,1
2024-04-14,PROD0020,WH-NORTH,1236,378,0,6,75.99,3.3,0
2024-04-15,PROD0020,WH-EAST,762,341,87,13,116.75,2.2,1
2024-04-16,PROD0020,WH-NORTH,228,498,422,3,97.11,0.5,1
2024-04-17,PROD0020,WH-EAST,384,291,163,7,115.18,1.3,1
2024-04-18,PROD0020,WH-NORTH,493,312,148,3,181.62,1.6,1
2024-04-19,PROD0020,WH-SOUTH,1003,441,107,13,31.77,2.3,1
2024-04-20,PROD0020,WH-EAST,562,533,346,2,155.43,1.1,1
2024-04-21,PROD0020,WH-NORTH,981,380,53,6,159.71,2.6,1
2024-04-22,PROD0020,WH-SOUTH,951,142,0,10,37.33,6.7,0
2024-04-23,PROD0020,WH-SOUTH,305,385,284,6,80.3,0.8,1
2024-04-24,PROD0020,WH-SOUTH,397,345,213,5,78.2,1.2,1
2024-04-25,PROD0020,WH-SOUTH,795,433,168,12,173.98,1.8,1
2024-04-26,PROD0020,WH-EAST,1276,435,10,12,90.65,2.9,1
2024-04-27,PROD0020,WH-NORTH,398,468,336,6,35.95,0.9,1
2024-04-28,PROD0020,WH-EAST,696,672,440,13,46.89,1.0,1
2024-04-29,PROD0020,WH-SOUTH,594,404,206,4,187.1,1.5,1
2024-04-30,PROD0020,WH-EAST,1075,437,79,6,97.98,2.5,1
2024-05-01,PROD0020,WH-SOUTH,732,385,141,8,65.88,1.9,1
2024-05-02,PROD0020,WH-SOUTH,520,394,221,9,119.31,1.3,1
2024-05-03,PROD0020,WH-SOUTH,980,428,102,5,39.44,2.3,1
2024-05-04,PROD0020,WH-SOUTH,491,419,256,6,134.24,1.2,1
2024-05-05,PROD0020,WH-EAST,631,442,232,7,67.25,1.4,1
2024-05-06,PROD0020,WH-EAST,225,369,294,11,92.67,0.6,1
2024-05-07,PROD0020,WH-NORTH,763,373,119,13,67.84,2.0,1
2024-05-08,PROD0020,WH-SOUTH,715,585,347,4,72.52,1.2,1
2024-05-09,PROD0020,WH-NORTH,691,430,200,6,43.06,1.6,1
2024-05-10,PROD0020,WH-NORTH,1136,399,21,6,124.46,2.8,1
2024-05-11,PROD0020,WH-EAST,401,395,262,4,88.78,1.0,1
2024-05-12,PROD0020,WH-EAST,603,635,434,12,51.35,0.9,1
2024-05-13,PROD0020,WH-EAST,366,399,277,2,104.2,0.9,1
2024-05-14,PROD0020,WH-EAST,243,523,442,2,120.82,0.5,1
2024-05-15,PROD0020,WH-NORTH,1317,384,0,7,39.5,3.4,0
2024-05-16,PROD0020,WH-EAST,346,434,319,6,154.62,0.8,1
2024-05-17,PROD0020,WH-NORTH,505,467,299,2,147.3,1.1,1
2024-05-18,PROD0020,WH-NORTH,758,516,264,11,169.95,1.5,1
2024-05-19,PROD0020,WH-EAST,0,393,393,4,38.03,0.0,1
2024-05-20,PROD0020,WH-NORTH,877,414,122,7,168.32,2.1,1
2024-05-21,PROD0020,WH-NORTH,1131,300,0,7,158.82,3.8,0
2024-05-22,PROD0020,WH-SOUTH,980,371,45,5,37.92,2.6,1
2024-05-23,PROD0020,WH-EAST,1144,455,74,2,171.86,2.5,1
2024-05-24,PROD0020,WH-NORTH,734,378,134,5,98.83,1.9,1
2024-05-25,PROD0020,WH-SOUTH,1085,340,0,10,68.91,3.2,0
2024-05-26,PROD0020,WH-EAST,0,418,418,10,160.26,0.0,1
2024-05-27,PROD0020,WH-SOUTH,1270,361,0,3,189.48,3.5,0
2024-05-28,PROD0020,WH-EAST,312,524,420,10,86.25,0.6,1
2024-05-29,PROD0020,WH-EAST,1280,420,0,9,193.51,3.0,0
2024-05-30,PROD0020,WH-NORTH,538,457,278,3,156.95,1.2,1
2024-05-31,PROD0020,WH-SOUTH,1207,651,249,10,145.53,1.9,1
2024-06-01,PROD0020,WH-SOUTH,492,615,451,11,136.27,0.8,1
2024-06-02,PROD0020,WH-EAST,336,430,318,8,103.7,0.8,1
2024-06-03,PROD0020,WH-NORTH,793,424,160,13,31.39,1.9,1
2024-06-04,PROD0020,WH-SOUTH,705,317,82,12,100.6,2.2,1
2024-06-05,PROD0020,WH-EAST,588,387,191,4,162.84,1.5,1
2024-06-06,PROD0020,WH-EAST,1058,427,75,11,152.97,2.5,1
2024-06-07,PROD0020,WH-EAST,576,326,134,6,90.67,1.8,1
2024-06-08,PROD0020,WH-EAST,268,510,421,14,21.27,0.5,1
2024-06-09,PROD0020,WH-NORTH,928,364,55,5,76.47,2.5,1
2024-06-10,PROD0020,WH-NORTH,1213,471,67,12,187.02,2.6,1
2024-06-11,PROD0020,WH-SOUTH,417,598,459,14,128.11,0.7,1
2024-06-12,PROD0020,WH-SOUTH,1013,364,27,8,53.28,2.8,1
2024-06-13,PROD0020,WH-EAST,1242,517,103,6,135.01,2.4,1
2024-06-14,PROD0020,WH-NORTH,340,411,298,3,26.92,0.8,1
2024-06-15,PROD0020,WH-EAST,1209,432,29,11,162.15,2.8,1
2024-06-16,PROD0020,WH-EAST,1203,349,0,13,80.35,3.4,0
2024-06-17,PROD0020,WH-SOUTH,958,363,44,5,50.39,2.6,1
2024-06-18,PROD0020,WH-NORTH,823,387,113,5,158.86,2.1,1
2024-06-19,PROD0020,WH-EAST,0,363,363,2,141.49,0.0,1
2024-06-20,PROD0020,WH-SOUTH,348,412,296,5,113.27,0.8,1
2024-06-21,PROD0020,WH-NORTH,419,427,288,4,79.97,1.0,1
2024-06-22,PROD0020,WH-NORTH,845,472,191,12,105.2,1.8,1
2024-06-23,PROD0020,WH-EAST,907,214,0,11,99.99,4.2,0
2024-06-24,PROD0020,WH-EAST,578,395,203,3,72.54,1.5,1
2024-06-25,PROD0020,WH-EAST,1179,375,0,14,12.96,3.1,0
2024-06-26,PROD0020,WH-EAST,623,401,194,11,44.96,1.6,1
2024-06-27,PROD0020,WH-SOUTH,1292,392,0,2,107.28,3.3,0
2024-06-28,PROD0020,WH-SOUTH,1271,414,0,8,124.58,3.1,0
2024-01-01,PROD0021,WH-NORTH,194,92,28,5,21.72,2.1,1
2024-01-02,PROD0021,WH-SOUTH,89,48,19,2,153.64,1.9,1
2024-01-03,PROD0021,WH-NORTH,251,106,23,9,72.66,2.4,1
2024-01-04,PROD0021,WH-SOUTH,185,78,17,6,9.01,2.4,1
2024-01-05,PROD0021,WH-NORTH,76,127,102,2,117.17,0.6,1
2024-01-06,PROD0021,WH-SOUTH,72,79,55,11,36.63,0.9,1
2024-01-07,PROD0021,WH-SOUTH,251,103,20,5,146.24,2.4,1
2024-01-08,PROD0021,WH-NORTH,215,93,22,11,41.7,2.3,1
2024-01-09,PROD0021,WH-EAST,175,111,53,8,80.12,1.6,1
2024-01-10,PROD0021,WH-SOUTH,185,93,32,10,25.67,2.0,1
2024-01-11,PROD0021,WH-EAST,84,82,54,10,105.22,1.0,1
2024-01-12,PROD0021,WH-EAST,272,112,22,8,198.68,2.4,1
2024-01-13,PROD0021,WH-NORTH,219,112,39,2,20.78,2.0,1
2024-01-14,PROD0021,WH-EAST,101,70,37,3,95.53,1.4,1
2024-01-15,PROD0021,WH-EAST,151,103,53,4,68.78,1.5,1
2024-01-16,PROD0021,WH-EAST,69,118,95,12,27.68,0.6,1
2024-01-17,PROD0021,WH-NORTH,227,84,9,7,171.0,2.7,1
2024-01-18,PROD0021,WH-NORTH,170,76,20,6,80.86,2.2,1
2024-01-19,PROD0021,WH-NORTH,153,91,40,2,54.52,1.7,1
2024-01-20,PROD0021,WH-SOUTH,285,91,0,7,101.91,3.1,0
2024-01-21,PROD0021,WH-SOUTH,93,88,57,10,63.76,1.1,1
2024-01-22,PROD0021,WH-EAST,285,122,27,8,17.43,2.3,1
2024-01-23,PROD0021,WH-NORTH,187,94,32,3,197.34,2.0,1
2024-01-24,PROD0021,WH-NORTH,216,88,16,7,64.19,2.5,1
2024-01-25,PROD0021,WH-EAST,204,84,16,8,38.14,2.4,1
2024-01-26,PROD0021,WH-NORTH,249,96,13,10,181.14,2.6,1
2024-01-27,PROD0021,WH-EAST,197,78,13,5,159.86,2.5,1
2024-01-28,PROD0021,WH-SOUTH,211,131,61,8,149.89,1.6,1
2024-01-29,PROD0021,WH-SOUTH,166,91,36,12,63.01,1.8,1
2024-01-30,PROD0021,WH-SOUTH,73,134,110,9,119.9,0.5,1
2024-01-31,PROD0021,WH-SOUTH,168,100,44,14,113.7,1.7,1
2024-02-01,PROD0021,WH-SOUTH,137,105,60,9,112.38,1.3,1
2024-02-02,PROD0021,WH-EAST,154,103,52,14,126.67,1.5,1
2024-02-03,PROD0021,WH-NORTH,73,96,72,9,28.35,0.8,1
2024-02-04,PROD0021,WH-NORTH,236,90,12,11,131.0,2.6,1
2024-02-05,PROD0021,WH-EAST,48,70,54,9,38.81,0.7,1
2024-02-06,PROD0021,WH-NORTH,149,129,80,5,29.8,1.2,1
2024-02-07,PROD0021,WH-NORTH,129,105,62,9,184.48,1.2,1
2024-02-08,PROD0021,WH-EAST,262,95,8,4,46.7,2.8,1
2024-02-09,PROD0021,WH-NORTH,204,74,6,4,68.24,2.8,1
2024-02-10,PROD0021,WH-SOUTH,271,67,0,13,82.82,4.0,0
2024-02-11,PROD0021,WH-EAST,158,96,44,14,77.58,1.6,1
2024-02-12,PROD0021,WH-SOUTH,104,93,59,8,62.53,1.1,1
2024-02-13,PROD0021,WH-EAST,149,79,30,10,176.95,1.9,1
2024-02-14,PROD0021,WH-EAST,130,96,53,6,110.87,1.4,1
2024-02-15,PROD0021,WH-NORTH,140,110,64,7,34.27,1.3,1
2024-02-16,PROD0021,WH-SOUTH,219,91,18,6,75.95,2.4,1
2024-02-17,PROD0021,WH-EAST,140,64,18,5,145.14,2.2,1
2024-02-18,PROD0021,WH-NORTH,98,92,60,8,152.84,1.1,1
2024-02-19,PROD0021,WH-EAST,0,64,64,4,174.52,0.0,1
2024-02-20,PROD0021,WH-SOUTH,68,86,64,7,100.42,0.8,1
2024-02-21,PROD0021,WH-SOUTH,69,132,109,3,39.79,0.5,1
2024-02-22,PROD0021,WH-EAST,180,89,29,5,61.62,2.0,1
2024-02-23,PROD0021,WH-SOUTH,187,101,39,6,198.79,1.9,1
2024-02-24,PROD0021,WH-SOUTH,220,90,17,8,148.69,2.4,1
2024-02-25,PROD0021,WH-SOUTH,139,126,80,9,167.49,1.1,1
2024-02-26,PROD0021,WH-NORTH,73,82,58,2,49.49,0.9,1
2024-02-27,PROD0021,WH-EAST,164,126,72,9,71.45,1.3,1
2024-02-28,PROD0021,WH-EAST,132,92,48,13,189.15,1.4,1
2024-02-29,PROD0021,WH-NORTH,275,97,6,4,50.04,2.8,1
2024-03-01,PROD0021,WH-SOUTH,281,99,6,6,49.46,2.8,1
2024-03-02,PROD0021,WH-EAST,226,103,28,7,183.64,2.2,1
2024-03-03,PROD0021,WH-SOUTH,245,127,46,12,150.02,1.9,1
2024-03-04,PROD0021,WH-EAST,125,103,62,4,91.18,1.2,1
2024-03-05,PROD0021,WH-EAST,253,93,9,12,117.79,2.7,1
2024-03-06,PROD0021,WH-NORTH,162,93,39,2,128.7,1.7,1
2024-03-07,PROD0021,WH-EAST,221,76,3,14,23.22,2.9,1
2024-03-08,PROD0021,WH-NORTH,257,129,44,3,12.82,2.0,1
2024-03-09,PROD0021,WH-EAST,259,79,0,14,56.17,3.3,0
2024-03-10,PROD0021,WH-SOUTH,93,132,101,11,71.38,0.7,1
2024-03-11,PROD0021,WH-SOUTH,142,105,58,13,72.55,1.4,1
2024-03-12,PROD0021,WH-EAST,193,121,57,12,40.41,1.6,1
2024-03-13,PROD0021,WH-EAST,159,100,47,5,166.07,1.6,1
2024-03-14,PROD0021,WH-NORTH,50,123,107,4,64.96,0.4,1
2024-03-15,PROD0021,WH-NORTH,176,79,21,9,155.73,2.2,1
2024-03-16,PROD0021,WH-SOUTH,220,66,0,14,82.79,3.3,0
2024-03-17,PROD0021,WH-EAST,124,116,75,4,113.06,1.1,1
2024-03-18,PROD0021,WH-EAST,233,113,36,14,62.61,2.1,1
2024-03-19,PROD0021,WH-SOUTH,214,108,37,11,142.16,2.0,1
2024-03-20,PROD0021,WH-EAST,278,135,43,10,56.75,2.1,1
2024-03-21,PROD0021,WH-NORTH,244,89,8,10,35.84,2.7,1
2024-03-22,PROD0021,WH-EAST,113,111,74,14,61.47,1.0,1
2024-03-23,PROD0021,WH-SOUTH,158,120,68,10,64.23,1.3,1
2024-03-24,PROD0021,WH-EAST,237,79,0,6,63.74,3.0,0
2024-03-25,PROD0021,WH-NORTH,128,119,77,3,127.72,1.1,1
2024-03-26,PROD0021,WH-SOUTH,190,70,7,13,15.81,2.7,1
2024-03-27,PROD0021,WH-EAST,64,103,82,3,57.61,0.6,1
2024-03-28,PROD0021,WH-SOUTH,146,105,57,3,188.66,1.4,1
2024-03-29,PROD0021,WH-SOUTH,80,91,65,7,56.47,0.9,1
2024-03-30,PROD0021,WH-EAST,271,93,3,11,156.76,2.9,1
2024-03-31,PROD0021,WH-NORTH,251,49,0,8,159.82,5.1,0
2024-04-01,PROD0021,WH-EAST,101,61,28,9,114.52,1.7,1
2024-04-02,PROD0021,WH-EAST,106,110,75,5,54.79,1.0,1
2024-04-03,PROD0021,WH-NORTH,221,86,13,11,27.57,2.6,1
2024-04-04,PROD0021,WH-EAST,193,92,28,11,190.61,2.1,1
2024-04-05,PROD0021,WH-NORTH,275,86,0,10,168.91,3.2,0
2024-04-06,PROD0021,WH-SOUTH,99,93,60,2,91.27,1.1,1
2024-04-07,PROD0021,WH-NORTH,203,85,18,7,12.18,2.4,1
2024-04-08,PROD0021,WH-EAST,172,85,28,3,56.7,2.0,1
2024-04-09,PROD0021,WH-EAST,129,131,88,8,36.4,1.0,1
2024-04-10,PROD0021,WH-SOUTH,162,134,80,4,136.61,1.2,1
2024-04-11,PROD0021,WH-NORTH,104,105,71,6,57.48,1.0,1
2024-04-12,PROD0021,WH-SOUTH,136,88,43,3,143.34,1.5,1
2024-04-13,PROD0021,WH-NORTH,158,113,61,3,62.73,1.4,1
2024-04-14,PROD0021,WH-EAST,141,76,29,6,67.68,1.9,1
2024-04-15,PROD0021,WH-NORTH,70,89,66,3,181.97,0.8,1
2024-04-16,PROD0021,WH-EAST,284,131,37,10,62.9,2.2,1
2024-04-17,PROD0021,WH-EAST,284,103,9,5,15.9,2.8,1
2024-04-18,PROD0021,WH-NORTH,187,101,39,2,199.45,1.9,1
2024-04-19,PROD0021,WH-NORTH,93,88,57,13,191.13,1.1,1
2024-04-20,PROD0021,WH-SOUTH,123,70,29,8,84.47,1.8,1
2024-04-21,PROD0021,WH-EAST,247,101,19,8,174.8,2.4,1
2024-04-22,PROD0021,WH-EAST,97,76,44,4,78.74,1.3,1
2024-04-23,PROD0021,WH-NORTH,0,83,83,11,189.28,0.0,1
2024-04-24,PROD0021,WH-SOUTH,209,105,36,13,171.21,2.0,1
2024-04-25,PROD0021,WH-SOUTH,137,79,34,11,8.55,1.7,1
2024-04-26,PROD0021,WH-SOUTH,76,87,62,7,183.74,0.9,1
2024-04-27,PROD0021,WH-NORTH,102,107,73,8,147.13,1.0,1
2024-04-28,PROD0021,WH-SOUTH,142,100,53,2,88.11,1.4,1
2024-04-29,PROD0021,WH-EAST,0,68,68,3,57.24,0.0,1
2024-04-30,PROD0021,WH-EAST,91,64,34,13,55.77,1.4,1
2024-05-01,PROD0021,WH-NORTH,231,112,35,7,78.12,2.1,1
2024-05-02,PROD0021,WH-SOUTH,286,51,0,14,193.97,5.6,0
2024-05-03,PROD0021,WH-SOUTH,237,94,15,7,66.86,2.5,1
2024-05-04,PROD0021,WH-EAST,85,69,41,6,160.7,1.2,1
2024-05-05,PROD0021,WH-NORTH,246,147,65,9,36.0,1.7,1
2024-05-06,PROD0021,WH-EAST,287,101,6,11,43.86,2.8,1
2024-05-07,PROD0021,WH-EAST,225,107,32,13,143.66,2.1,1
2024-05-08,PROD0021,WH-EAST,147,93,44,10,7.83,1.6,1
2024-05-09,PROD0021,WH-EAST,131,123,80,4,108.4,1.1,1
2024-05-10,PROD0021,WH-NORTH,117,102,63,2,66.23,1.1,1
2024-05-11,PROD0021,WH-NORTH,151,79,29,8,166.65,1.9,1
2024-05-12,PROD0021,WH-SOUTH,274,69,0,2,94.8,4.0,0
2024-05-13,PROD0021,WH-NORTH,219,119,46,12,177.88,1.8,1
2024-05-14,PROD0021,WH-NORTH,203,133,66,12,126.0,1.5,1
2024-05-15,PROD0021,WH-NORTH,277,97,5,11,182.39,2.9,1
2024-05-16,PROD0021,WH-NORTH,163,95,41,2,186.55,1.7,1
2024-05-17,PROD0021,WH-NORTH,276,71,0,13,74.96,3.9,0
2024-05-18,PROD0021,WH-SOUTH,112,95,58,10,152.64,1.2,1
2024-05-19,PROD0021,WH-SOUTH,123,69,28,3,55.75,1.8,1
2024-05-20,PROD0021,WH-EAST,213,93,22,9,100.15,2.3,1
2024-05-21,PROD0021,WH-SOUTH,239,81,2,11,119.81,3.0,1
2024-05-22,PROD0021,WH-EAST,87,88,59,5,93.94,1.0,1
2024-05-23,PROD0021,WH-SOUTH,63,97,76,12,7.69,0.6,1
2024-05-24,PROD0021,WH-EAST,217,91,19,5,49.8,2.4,1
2024-05-25,PROD0021,WH-EAST,274,102,11,11,24.51,2.7,1
2024-05-26,PROD0021,WH-EAST,73,67,43,4,154.6,1.1,1
2024-05-27,PROD0021,WH-SOUTH,161,109,56,9,165.18,1.5,1
2024-05-28,PROD0021,WH-SOUTH,159,86,33,5,156.83,1.8,1
2024-05-29,PROD0021,WH-EAST,139,93,47,7,166.33,1.5,1
2024-05-30,PROD0021,WH-SOUTH,98,116,84,6,51.13,0.8,1
2024-05-31,PROD0021,WH-EAST,76,147,122,7,119.59,0.5,1
2024-06-01,PROD0021,WH-SOUTH,138,120,74,3,181.58,1.1,1
2024-06-02,PROD0021,WH-SOUTH,121,114,74,8,129.43,1.1,1
2024-06-03,PROD0021,WH-NORTH,114,112,74,7,22.12,1.0,1
2024-06-04,PROD0021,WH-EAST,88,102,73,10,44.61,0.9,1
2024-06-05,PROD0021,WH-EAST,76,102,77,14,18.19,0.7,1
2024-06-06,PROD0021,WH-NORTH,228,104,28,12,93.41,2.2,1
2024-06-07,PROD0021,WH-EAST,122,100,60,3,199.07,1.2,1
2024-06-08,PROD0021,WH-SOUTH,71,87,64,4,41.82,0.8,1
2024-06-09,PROD0021,WH-NORTH,169,73,17,4,55.22,2.3,1
2024-06-10,PROD0021,WH-EAST,112,104,67,2,104.24,1.1,1
2024-06-11,PROD0021,WH-EAST,54,74,56,4,94.96,0.7,1
2024-06-12,PROD0021,WH-EAST,113,85,48,6,36.9,1.3,1
2024-06-13,PROD0021,WH-EAST,115,82,44,9,16.85,1.4,1
2024-06-14,PROD0021,WH-EAST,74,109,85,6,82.7,0.7,1
2024-06-15,PROD0021,WH-NORTH,154,120,69,9,156.15,1.3,1
2024-06-16,PROD0021,WH-NORTH,80,106,80,13,27.65,0.8,1
2024-06-17,PROD0021,WH-NORTH,274,116,25,10,176.48,2.4,1
2024-06-18,PROD0021,WH-EAST,249,110,27,6,73.33,2.3,1
2024-06-19,PROD0021,WH-NORTH,189,91,28,10,38.62,2.1,1
2024-06-20,PROD0021,WH-SOUTH,97,100,68,8,141.59,1.0,1
2024-06-21,PROD0021,WH-NORTH,192,94,30,10,64.12,2.0,1
2024-06-22,PROD0021,WH-EAST,157,140,88,4,133.51,1.1,1
2024-06-23,PROD0021,WH-SOUTH,182,97,37,11,179.88,1.9,1
2024-06-24,PROD0021,WH-SOUTH,262,127,40,11,15.77,2.1,1
2024-06-25,PROD0021,WH-SOUTH,117,122,83,5,179.66,1.0,1
2024-06-26,PROD0021,WH-SOUTH,0,89,89,2,179.7,0.0,1
2024-06-27,PROD0021,WH-NORTH,235,88,10,12,105.93,2.7,1
2024-06-28,PROD0021,WH-EAST,51,126,109,9,109.59,0.4,1
2024-01-01,PROD0022,WH-EAST,555,270,85,4,127.04,2.1,1
2024-01-02,PROD0022,WH-NORTH,266,198,110,4,190.76,1.3,1
2024-01-03,PROD0022,WH-NORTH,212,300,230,8,126.57,0.7,1
2024-01-04,PROD0022,WH-NORTH,675,301,76,13,179.76,2.2,1
2024-01-05,PROD0022,WH-NORTH,283,390,296,6,55.51,0.7,1
2024-01-06,PROD0022,WH-EAST,716,252,14,5,113.46,2.8,1
2024-01-07,PROD0022,WH-SOUTH,751,377,127,14,110.94,2.0,1
2024-01-08,PROD0022,WH-EAST,753,239,0,4,46.85,3.2,0
2024-01-09,PROD0022,WH-EAST,765,231,0,13,63.71,3.3,0
2024-01-10,PROD0022,WH-SOUTH,211,269,199,3,13.85,0.8,1
2024-01-11,PROD0022,WH-SOUTH,601,109,0,5,33.61,5.5,0
2024-01-12,PROD0022,WH-EAST,558,287,101,7,144.56,1.9,1
2024-01-13,PROD0022,WH-SOUTH,583,252,58,7,134.09,2.3,1
2024-01-14,PROD0022,WH-EAST,219,283,210,2,175.29,0.8,1
2024-01-15,PROD0022,WH-EAST,788,228,0,12,125.54,3.5,0
2024-01-16,PROD0022,WH-EAST,300,223,123,7,124.6,1.3,1
2024-01-17,PROD0022,WH-NORTH,702,266,32,9,54.35,2.6,1
2024-01-18,PROD0022,WH-SOUTH,167,297,242,6,170.09,0.6,1
2024-01-19,PROD0022,WH-NORTH,228,226,150,8,133.45,1.0,1
2024-01-20,PROD0022,WH-SOUTH,295,309,211,9,52.42,1.0,1
2024-01-21,PROD0022,WH-SOUTH,420,184,44,14,75.87,2.3,1
2024-01-22,PROD0022,WH-NORTH,425,195,54,13,148.05,2.2,1
2024-01-23,PROD0022,WH-NORTH,619,261,55,5,50.36,2.4,1
2024-01-24,PROD0022,WH-NORTH,462,327,173,4,53.1,1.4,1
2024-01-25,PROD0022,WH-EAST,611,263,60,6,157.36,2.3,1
2024-01-26,PROD0022,WH-SOUTH,617,318,113,8,153.6,1.9,1
2024-01-27,PROD0022,WH-EAST,763,284,30,10,28.36,2.7,1
2024-01-28,PROD0022,WH-NORTH,438,260,114,6,110.49,1.7,1
2024-01-29,PROD0022,WH-SOUTH,715,151,0,4,36.18,4.7,0
2024-01-30,PROD0022,WH-SOUTH,349,216,100,13,52.86,1.6,1
2024-01-31,PROD0022,WH-NORTH,777,190,0,9,170.96,4.1,0
2024-02-01,PROD0022,WH-EAST,174,220,162,7,69.92,0.8,1
2024-02-02,PROD0022,WH-SOUTH,391,146,16,9,53.32,2.7,1
2024-02-03,PROD0022,WH-SOUTH,432,349,205,6,139.87,1.2,1
2024-02-04,PROD0022,WH-EAST,655,336,118,2,158.17,1.9,1
2024-02-05,PROD0022,WH-EAST,396,237,105,13,143.78,1.7,1
2024-02-06,PROD0022,WH-NORTH,0,266,266,6,196.91,0.0,1
2024-02-07,PROD0022,WH-NORTH,579,239,46,10,46.81,2.4,1
2024-02-08,PROD0022,WH-SOUTH,333,251,140,14,194.85,1.3,1
2024-02-09,PROD0022,WH-NORTH,0,280,280,11,126.95,0.0,1
2024-02-10,PROD0022,WH-EAST,168,183,127,2,42.12,0.9,1
2024-02-11,PROD0022,WH-EAST,680,240,14,5,26.32,2.8,1
2024-02-12,PROD0022,WH-EAST,749,291,42,2,159.98,2.6,1
2024-02-13,PROD0022,WH-EAST,547,250,68,10,26.12,2.2,1
2024-02-14,PROD0022,WH-SOUTH,540,377,197,11,170.31,1.4,1
2024-02-15,PROD0022,WH-NORTH,592,230,33,9,107.41,2.6,1
2024-02-16,PROD0022,WH-EAST,544,249,68,5,177.1,2.2,1
2024-02-17,PROD0022,WH-EAST,489,243,80,3,127.67,2.0,1
2024-02-18,PROD0022,WH-SOUTH,410,198,62,9,114.55,2.1,1
2024-02-19,PROD0022,WH-SOUTH,641,362,149,11,18.14,1.8,1
2024-02-20,PROD0022,WH-SOUTH,511,203,33,9,12.62,2.5,1
2024-02-21,PROD0022,WH-SOUTH,761,216,0,6,165.95,3.5,0
2024-02-22,PROD0022,WH-SOUTH,521,198,25,3,13.24,2.6,1
2024-02-23,PROD0022,WH-SOUTH,424,221,80,7,178.13,1.9,1
2024-02-24,PROD0022,WH-EAST,283,330,236,13,14.06,0.9,1
2024-02-25,PROD0022,WH-NORTH,332,216,106,4,36.47,1.5,1
2024-02-26,PROD0022,WH-NORTH,617,266,61,9,139.8,2.3,1
2024-02-27,PROD0022,WH-NORTH,587,280,85,9,156.82,2.1,1
2024-02-28,PROD0022,WH-EAST,615,237,32,4,52.07,2.6,1
2024-02-29,PROD0022,WH-SOUTH,279,319,226,8,191.84,0.9,1
2024-03-01,PROD0022,WH-SOUTH,287,203,108,9,152.63,1.4,1
2024-03-02,PROD0022,WH-EAST,440,280,134,11,104.24,1.6,1
2024-03-03,PROD0022,WH-NORTH,0,210,210,13,185.35,0.0,1
2024-03-04,PROD0022,WH-SOUTH,352,378,261,14,151.61,0.9,1
2024-03-05,PROD0022,WH-NORTH,539,230,51,6,139.68,2.3,1
2024-03-06,PROD0022,WH-NORTH,547,209,27,8,140.53,2.6,1
2024-03-07,PROD0022,WH-NORTH,633,252,41,11,29.54,2.5,1
2024-03-08,PROD0022,WH-NORTH,630,316,106,7,52.08,2.0,1
2024-03-09,PROD0022,WH-EAST,0,299,299,3,21.65,0.0,1
2024-03-10,PROD0022,WH-NORTH,695,278,47,3,198.44,2.5,1
2024-03-11,PROD0022,WH-EAST,475,266,108,8,44.66,1.8,1
2024-03-12,PROD0022,WH-NORTH,490,252,89,5,182.75,1.9,1
2024-03-13,PROD0022,WH-EAST,255,249,164,3,126.78,1.0,1
2024-03-14,PROD0022,WH-SOUTH,239,274,195,12,61.76,0.9,1
2024-03-15,PROD0022,WH-SOUTH,377,343,218,13,193.78,1.1,1
2024-03-16,PROD0022,WH-SOUTH,760,278,25,13,121.94,2.7,1
2024-03-17,PROD0022,WH-SOUTH,248,148,66,12,147.14,1.7,1
2024-03-18,PROD0022,WH-SOUTH,0,170,170,10,80.56,0.0,1
2024-03-19,PROD0022,WH-SOUTH,509,289,120,4,174.12,1.8,1
2024-03-20,PROD0022,WH-EAST,277,243,151,4,42.26,1.1,1
2024-03-21,PROD0022,WH-NORTH,381,218,91,7,195.46,1.7,1
2024-03-22,PROD0022,WH-EAST,763,175,0,9,105.97,4.4,0
2024-03-23,PROD0022,WH-EAST,643,195,0,3,39.47,3.3,0
2024-03-24,PROD0022,WH-SOUTH,187,297,235,5,66.63,0.6,1
2024-03-25,PROD0022,WH-EAST,738,261,15,3,76.24,2.8,1
2024-03-26,PROD0022,WH-NORTH,768,251,0,13,68.3,3.1,0
2024-03-27,PROD0022,WH-NORTH,687,266,37,5,66.8,2.6,1
2024-03-28,PROD0022,WH-NORTH,468,359,203,9,136.13,1.3,1
2024-03-29,PROD0022,WH-EAST,660,366,146,6,10.47,1.8,1
2024-03-30,PROD0022,WH-NORTH,367,348,226,2,56.75,1.1,1
2024-03-31,PROD0022,WH-NORTH,255,199,114,10,35.55,1.3,1
2024-04-01,PROD0022,WH-SOUTH,325,266,158,12,86.69,1.2,1
2024-04-02,PROD0022,WH-EAST,736,238,0,5,10.07,3.1,0
2024-04-03,PROD0022,WH-EAST,527,325,150,11,47.13,1.6,1
2024-04-04,PROD0022,WH-NORTH,789,254,0,9,86.09,3.1,0
2024-04-05,PROD0022,WH-SOUTH,664,315,94,13,132.34,2.1,1
2024-04-06,PROD0022,WH-SOUTH,604,223,22,11,124.87,2.7,1
2024-04-07,PROD0022,WH-EAST,325,289,181,4,5.56,1.1,1
2024-04-08,PROD0022,WH-EAST,610,264,61,13,88.18,2.3,1
2024-04-09,PROD0022,WH-NORTH,192,265,201,7,187.54,0.7,1
2024-04-10,PROD0022,WH-SOUTH,489,328,165,12,162.27,1.5,1
2024-04-11,PROD0022,WH-NORTH,299,232,133,2,167.95,1.3,1
2024-04-12,PROD0022,WH-SOUTH,373,246,122,13,163.72,1.5,1
2024-04-13,PROD0022,WH-SOUTH,224,218,144,9,158.15,1.0,1
2024-04-14,PROD0022,WH-NORTH,568,227,38,4,70.58,2.5,1
2024-04-15,PROD0022,WH-NORTH,210,265,195,9,37.9,0.8,1
2024-04-16,PROD0022,WH-EAST,310,349,246,14,76.32,0.9,1
2024-04-17,PROD0022,WH-SOUTH,583,261,67,10,30.84,2.2,1
2024-04-18,PROD0022,WH-SOUTH,299,272,173,4,51.36,1.1,1
2024-04-19,PROD0022,WH-SOUTH,477,209,50,7,179.32,2.3,1
2024-04-20,PROD0022,WH-SOUTH,402,320,186,8,40.3,1.3,1
2024-04-21,PROD0022,WH-EAST,330,267,157,2,94.5,1.2,1
2024-04-22,PROD0022,WH-EAST,441,191,44,13,26.72,2.3,1
2024-04-23,PROD0022,WH-EAST,276,214,122,12,155.06,1.3,1
2024-04-24,PROD0022,WH-EAST,0,306,306,4,121.04,0.0,1
2024-04-25,PROD0022,WH-SOUTH,0,327,327,13,106.9,0.0,1
2024-04-26,PROD0022,WH-EAST,503,227,60,6,116.27,2.2,1
2024-04-27,PROD0022,WH-NORTH,687,288,59,13,31.08,2.4,1
2024-04-28,PROD0022,WH-SOUTH,687,203,0,3,20.99,3.4,0
2024-04-29,PROD0022,WH-SOUTH,754,220,0,5,86.03,3.4,0
2024-04-30,PROD0022,WH-NORTH,293,268,171,7,110.08,1.1,1
2024-05-01,PROD0022,WH-SOUTH,136,254,209,5,70.77,0.5,1
2024-05-02,PROD0022,WH-EAST,594,273,75,5,20.68,2.2,1
2024-05-03,PROD0022,WH-EAST,175,330,272,12,165.67,0.5,1
2024-05-04,PROD0022,WH-EAST,348,368,252,3,152.32,0.9,1
2024-05-05,PROD0022,WH-NORTH,777,264,5,8,70.47,2.9,1
2024-05-06,PROD0022,WH-EAST,482,345,185,9,75.23,1.4,1
2024-05-07,PROD0022,WH-EAST,261,215,128,12,97.99,1.2,1
2024-05-08,PROD0022,WH-NORTH,489,348,185,8,143.71,1.4,1
2024-05-09,PROD0022,WH-EAST,400,249,116,10,191.74,1.6,1
2024-05-10,PROD0022,WH-SOUTH,726,263,21,12,64.04,2.8,1
2024-05-11,PROD0022,WH-EAST,187,172,110,14,67.97,1.1,1
2024-05-12,PROD0022,WH-SOUTH,343,279,165,12,95.12,1.2,1
2024-05-13,PROD0022,WH-SOUTH,554,213,29,10,145.72,2.6,1
2024-05-14,PROD0022,WH-SOUTH,576,303,111,8,60.3,1.9,1
2024-05-15,PROD0022,WH-SOUTH,242,301,221,6,21.05,0.8,1
2024-05-16,PROD0022,WH-SOUTH,768,251,0,8,75.96,3.1,0
2024-05-17,PROD0022,WH-SOUTH,188,248,186,4,81.0,0.8,1
2024-05-18,PROD0022,WH-EAST,720,267,27,3,110.27,2.7,1
2024-05-19,PROD0022,WH-NORTH,786,277,15,2,113.86,2.8,1
2024-05-20,PROD0022,WH-NORTH,301,240,140,8,145.21,1.3,1
2024-05-21,PROD0022,WH-EAST,746,280,32,8,128.74,2.7,1
2024-05-22,PROD0022,WH-NORTH,506,142,0,5,99.55,3.6,0
2024-05-23,PROD0022,WH-EAST,272,218,128,14,48.85,1.2,1
2024-05-24,PROD0022,WH-NORTH,565,351,163,12,35.16,1.6,1
2024-05-25,PROD0022,WH-EAST,749,302,53,14,187.5,2.5,1
2024-05-26,PROD0022,WH-SOUTH,549,213,30,8,89.78,2.6,1
2024-05-27,PROD0022,WH-NORTH,429,281,138,2,115.64,1.5,1
2024-05-28,PROD0022,WH-NORTH,146,325,277,2,12.65,0.4,1
2024-05-29,PROD0022,WH-NORTH,409,273,137,9,114.34,1.5,1
2024-05-30,PROD0022,WH-SOUTH,469,295,139,14,55.08,1.6,1
2024-05-31,PROD0022,WH-NORTH,516,224,52,9,140.48,2.3,1
2024-06-01,PROD0022,WH-NORTH,648,153,0,13,123.74,4.2,0
2024-06-02,PROD0022,WH-NORTH,367,239,117,4,163.53,1.5,1
2024-06-03,PROD0022,WH-NORTH,512,351,181,7,44.54,1.5,1
2024-06-04,PROD0022,WH-NORTH,723,232,0,11,95.48,3.1,0
2024-06-05,PROD0022,WH-NORTH,394,327,196,8,37.61,1.2,1
2024-06-06,PROD0022,WH-NORTH,258,323,237,12,14.45,0.8,1
2024-06-07,PROD0022,WH-NORTH,630,331,121,3,90.51,1.9,1
2024-06-08,PROD0022,WH-NORTH,0,268,268,6,198.17,0.0,1
2024-06-09,PROD0022,WH-NORTH,735,149,0,9,149.96,4.9,0
2024-06-10,PROD0022,WH-NORTH,699,331,98,5,48.41,2.1,1
2024-06-11,PROD0022,WH-NORTH,700,268,35,6,121.72,2.6,1
2024-06-12,PROD0022,WH-NORTH,457,247,95,14,193.51,1.9,1
2024-06-13,PROD0022,WH-SOUTH,279,282,189,3,79.05,1.0,1
2024-06-14,PROD0022,WH-EAST,592,184,0,10,41.47,3.2,0
2024-06-15,PROD0022,WH-SOUTH,762,232,0,12,175.12,3.3,0
2024-06-16,PROD0022,WH-NORTH,427,291,149,14,107.52,1.5,1
2024-06-17,PROD0022,WH-SOUTH,593,336,139,5,177.99,1.8,1
2024-06-18,PROD0022,WH-NORTH,0,231,231,3,133.25,0.0,1
2024-06-19,PROD0022,WH-NORTH,576,301,109,6,185.26,1.9,1
2024-06-20,PROD0022,WH-SOUTH,218,205,133,11,76.24,1.1,1
2024-06-21,PROD0022,WH-EAST,757,226,0,8,76.14,3.3,0
2024-06-22,PROD0022,WH-SOUTH,355,209,91,6,75.36,1.7,1
2024-06-23,PROD0022,WH-SOUTH,571,239,49,7,33.82,2.4,1
2024-06-24,PROD0022,WH-EAST,157,269,217,10,134.91,0.6,1
2024-06-25,PROD0022,WH-NORTH,133,262,218,13,128.86,0.5,1
2024-06-26,PROD0022,WH-NORTH,219,308,235,14,176.24,0.7,1
2024-06-27,PROD0022,WH-SOUTH,154,271,220,11,96.95,0.6,1
2024-06-28,PROD0022,WH-SOUTH,172,274,217,7,63.42,0.6,1
2024-01-01,PROD0023,WH-SOUTH,498,237,71,13,105.86,2.1,1
2024-01-02,PROD0023,WH-EAST,463,238,84,7,162.33,1.9,1
2024-01-03,PROD0023,WH-NORTH,274,200,109,2,72.7,1.4,1
2024-01-04,PROD0023,WH-NORTH,454,261,110,13,174.16,1.7,1
2024-01-05,PROD0023,WH-NORTH,479,186,27,9,197.93,2.6,1
2024-01-06,PROD0023,WH-EAST,406,244,109,5,70.21,1.7,1
2024-01-07,PROD0023,WH-EAST,411,197,60,5,189.66,2.1,1
2024-01-08,PROD0023,WH-NORTH,616,187,0,9,175.92,3.3,0
2024-01-09,PROD0023,WH-SOUTH,474,182,24,9,9.52,2.6,1
2024-01-10,PROD0023,WH-SOUTH,117,216,177,4,95.12,0.5,1
2024-01-11,PROD0023,WH-SOUTH,254,255,171,5,111.5,1.0,1
2024-01-12,PROD0023,WH-EAST,236,155,77,8,153.71,1.5,1
2024-01-13,PROD0023,WH-NORTH,205,245,177,8,175.05,0.8,1
2024-01-14,PROD0023,WH-EAST,371,241,118,13,31.71,1.5,1
2024-01-15,PROD0023,WH-NORTH,653,280,63,6,179.68,2.3,1
2024-01-16,PROD0023,WH-NORTH,319,186,80,5,108.39,1.7,1
2024-01-17,PROD0023,WH-EAST,564,252,64,6,180.34,2.2,1
2024-01-18,PROD0023,WH-SOUTH,207,261,192,3,169.73,0.8,1
2024-01-19,PROD0023,WH-NORTH,575,247,56,6,152.35,2.3,1
2024-01-20,PROD0023,WH-NORTH,546,229,47,11,119.55,2.4,1
2024-01-21,PROD0023,WH-NORTH,569,238,49,12,118.08,2.4,1
2024-01-22,PROD0023,WH-SOUTH,527,219,44,10,61.89,2.4,1
2024-01-23,PROD0023,WH-EAST,412,231,94,12,64.12,1.8,1
2024-01-24,PROD0023,WH-SOUTH,377,242,117,9,70.44,1.6,1
2024-01-25,PROD0023,WH-SOUTH,506,251,83,6,193.94,2.0,1
2024-01-26,PROD0023,WH-NORTH,307,180,78,4,161.73,1.7,1
2024-01-27,PROD0023,WH-SOUTH,187,201,139,6,123.91,0.9,1
2024-01-28,PROD0023,WH-SOUTH,594,245,47,2,124.56,2.4,1
2024-01-29,PROD0023,WH-EAST,619,249,43,14,24.95,2.5,1
2024-01-30,PROD0023,WH-EAST,156,218,166,2,147.58,0.7,1
2024-01-31,PROD0023,WH-SOUTH,510,283,113,9,92.63,1.8,1
2024-02-01,PROD0023,WH-EAST,142,232,185,8,143.68,0.6,1
2024-02-02,PROD0023,WH-NORTH,234,254,176,3,184.38,0.9,1
2024-02-03,PROD0023,WH-EAST,237,204,125,6,183.01,1.2,1
2024-02-04,PROD0023,WH-NORTH,671,262,39,2,175.29,2.6,1
2024-02-05,PROD0023,WH-NORTH,667,217,0,9,177.08,3.1,0
2024-02-06,PROD0023,WH-EAST,358,179,60,14,80.73,2.0,1
2024-02-07,PROD0023,WH-EAST,674,289,65,10,116.15,2.3,1
2024-02-08,PROD0023,WH-NORTH,0,214,214,13,100.87,0.0,1
2024-02-09,PROD0023,WH-SOUTH,412,187,50,12,155.87,2.2,1
2024-02-10,PROD0023,WH-EAST,507,224,55,4,189.16,2.3,1
2024-02-11,PROD0023,WH-NORTH,345,156,41,11,9.11,2.2,1
2024-02-12,PROD0023,WH-NORTH,291,216,119,3,186.29,1.3,1
2024-02-13,PROD0023,WH-SOUTH,319,182,76,6,162.29,1.8,1
2024-02-14,PROD0023,WH-EAST,468,290,134,8,160.07,1.6,1
2024-02-15,PROD0023,WH-EAST,172,191,134,11,10.37,0.9,1
2024-02-16,PROD0023,WH-SOUTH,390,199,69,4,120.57,2.0,1
2024-02-17,PROD0023,WH-EAST,527,296,121,5,130.14,1.8,1
2024-02-18,PROD0023,WH-EAST,315,178,73,6,41.29,1.8,1
2024-02-19,PROD0023,WH-NORTH,610,193,0,8,126.87,3.2,0
2024-02-20,PROD0023,WH-NORTH,672,254,30,7,56.8,2.6,1
2024-02-21,PROD0023,WH-NORTH,343,213,99,13,187.96,1.6,1
2024-02-22,PROD0023,WH-SOUTH,151,249,199,13,92.26,0.6,1
2024-02-23,PROD0023,WH-SOUTH,187,225,163,13,25.55,0.8,1
2024-02-24,PROD0023,WH-NORTH,647,225,10,4,71.32,2.9,1
2024-02-25,PROD0023,WH-NORTH,193,166,102,14,11.97,1.2,1
2024-02-26,PROD0023,WH-EAST,670,245,22,11,114.92,2.7,1
2024-02-27,PROD0023,WH-NORTH,346,234,119,3,91.36,1.5,1
2024-02-28,PROD0023,WH-NORTH,553,212,28,12,132.54,2.6,1
2024-02-29,PROD0023,WH-NORTH,550,251,68,10,139.92,2.2,1
2024-03-01,PROD0023,WH-NORTH,545,188,7,12,17.99,2.9,1
2024-03-02,PROD0023,WH-EAST,596,172,0,7,63.68,3.5,0
2024-03-03,PROD0023,WH-NORTH,281,213,120,10,25.79,1.3,1
2024-03-04,PROD0023,WH-EAST,279,252,159,11,102.43,1.1,1
2024-03-05,PROD0023,WH-SOUTH,258,222,136,12,170.07,1.2,1
2024-03-06,PROD0023,WH-SOUTH,506,268,100,6,151.49,1.9,1
2024-03-07,PROD0023,WH-EAST,387,232,103,8,139.9,1.7,1
2024-03-08,PROD0023,WH-NORTH,345,202,87,3,62.64,1.7,1
2024-03-09,PROD0023,WH-NORTH,302,200,100,14,125.05,1.5,1
2024-03-10,PROD0023,WH-NORTH,379,221,95,9,154.08,1.7,1
2024-03-11,PROD0023,WH-SOUTH,595,225,27,12,198.43,2.6,1
2024-03-12,PROD0023,WH-SOUTH,144,217,169,13,99.28,0.7,1
2024-03-13,PROD0023,WH-NORTH,0,282,282,10,196.79,0.0,1
2024-03-14,PROD0023,WH-SOUTH,388,184,55,11,42.43,2.1,1
2024-03-15,PROD0023,WH-SOUTH,525,249,74,6,73.42,2.1,1
2024-03-16,PROD0023,WH-SOUTH,447,293,144,6,129.93,1.5,1
2024-03-17,PROD0023,WH-EAST,150,200,150,5,7.9,0.8,1
2024-03-18,PROD0023,WH-NORTH,226,236,161,2,138.16,1.0,1
2024-03-19,PROD0023,WH-SOUTH,407,262,127,13,199.48,1.6,1
2024-03-20,PROD0023,WH-SOUTH,243,256,175,5,139.23,0.9,1
2024-03-21,PROD0023,WH-SOUTH,434,226,82,10,86.78,1.9,1
2024-03-22,PROD0023,WH-NORTH,659,187,0,4,36.46,3.5,0
2024-03-23,PROD0023,WH-NORTH,302,190,90,7,10.12,1.6,1
2024-03-24,PROD0023,WH-SOUTH,643,254,40,12,117.93,2.5,1
2024-03-25,PROD0023,WH-SOUTH,222,219,145,3,47.85,1.0,1
2024-03-26,PROD0023,WH-EAST,413,220,83,13,100.76,1.9,1
2024-03-27,PROD0023,WH-NORTH,303,227,126,12,178.23,1.3,1
2024-03-28,PROD0023,WH-SOUTH,628,164,0,2,128.61,3.8,0
2024-03-29,PROD0023,WH-NORTH,235,117,39,2,41.61,2.0,1
2024-03-30,PROD0023,WH-SOUTH,477,202,43,14,169.47,2.4,1
2024-03-31,PROD0023,WH-NORTH,317,175,70,4,23.91,1.8,1
2024-04-01,PROD0023,WH-SOUTH,421,202,62,11,59.57,2.1,1
2024-04-02,PROD0023,WH-SOUTH,542,187,7,10,78.17,2.9,1
2024-04-03,PROD0023,WH-EAST,153,199,148,13,175.64,0.8,1
2024-04-04,PROD0023,WH-NORTH,597,200,1,13,130.44,3.0,1
2024-04-05,PROD0023,WH-NORTH,525,197,22,11,81.03,2.7,1
2024-04-06,PROD0023,WH-SOUTH,395,302,171,11,65.76,1.3,1
2024-04-07,PROD0023,WH-EAST,163,270,216,12,81.81,0.6,1
2024-04-08,PROD0023,WH-NORTH,339,190,77,5,163.64,1.8,1
2024-04-09,PROD0023,WH-SOUTH,133,248,204,6,147.67,0.5,1
2024-04-10,PROD0023,WH-EAST,328,276,167,14,95.55,1.2,1
2024-04-11,PROD0023,WH-NORTH,673,269,45,3,185.24,2.5,1
2024-04-12,PROD0023,WH-NORTH,642,228,14,8,77.39,2.8,1
2024-04-13,PROD0023,WH-SOUTH,314,220,116,9,138.43,1.4,1
2024-04-14,PROD0023,WH-EAST,569,279,90,2,94.31,2.0,1
2024-04-15,PROD0023,WH-SOUTH,227,240,165,8,37.03,0.9,1
2024-04-16,PROD0023,WH-EAST,434,187,43,11,68.42,2.3,1
2024-04-17,PROD0023,WH-EAST,506,239,71,5,169.95,2.1,1
2024-04-18,PROD0023,WH-SOUTH,450,209,59,8,12.09,2.2,1
2024-04-19,PROD0023,WH-EAST,669,181,0,14,89.39,3.7,0
2024-04-20,PROD0023,WH-EAST,208,206,137,12,47.6,1.0,1
2024-04-21,PROD0023,WH-EAST,168,232,176,8,118.38,0.7,1
2024-04-22,PROD0023,WH-EAST,532,189,12,4,77.47,2.8,1
2024-04-23,PROD0023,WH-NORTH,571,258,68,9,191.36,2.2,1
2024-04-24,PROD0023,WH-EAST,541,281,101,4,124.56,1.9,1
2024-04-25,PROD0023,WH-SOUTH,545,194,13,13,133.56,2.8,1
2024-04-26,PROD0023,WH-SOUTH,352,223,106,14,164.85,1.6,1
2024-04-27,PROD0023,WH-NORTH,411,178,41,2,94.21,2.3,1
2024-04-28,PROD0023,WH-SOUTH,415,219,81,11,54.39,1.9,1
2024-04-29,PROD0023,WH-EAST,672,261,37,9,188.7,2.6,1
2024-04-30,PROD0023,WH-SOUTH,493,169,5,12,16.09,2.9,1
2024-05-01,PROD0023,WH-SOUTH,437,251,106,2,73.39,1.7,1
2024-05-02,PROD0023,WH-EAST,267,248,159,14,171.84,1.1,1
2024-05-03,PROD0023,WH-EAST,617,194,0,7,133.04,3.2,0
2024-05-04,PROD0023,WH-SOUTH,182,207,147,6,37.89,0.9,1
2024-05-05,PROD0023,WH-SOUTH,620,248,42,7,20.97,2.5,1
2024-05-06,PROD0023,WH-EAST,208,238,169,7,171.18,0.9,1
2024-05-07,PROD0023,WH-EAST,478,257,98,9,10.84,1.9,1
2024-05-08,PROD0023,WH-SOUTH,178,183,124,9,138.28,1.0,1
2024-05-09,PROD0023,WH-NORTH,435,230,85,6,130.97,1.9,1
2024-05-10,PROD0023,WH-SOUTH,444,246,98,2,167.66,1.8,1
2024-05-11,PROD0023,WH-SOUTH,199,292,226,12,132.68,0.7,1
2024-05-12,PROD0023,WH-EAST,439,289,143,9,180.71,1.5,1
2024-05-13,PROD0023,WH-EAST,170,152,96,3,6.54,1.1,1
2024-05-14,PROD0023,WH-NORTH,360,280,160,6,186.04,1.3,1
2024-05-15,PROD0023,WH-EAST,317,238,133,2,194.65,1.3,1
2024-05-16,PROD0023,WH-SOUTH,296,153,55,6,34.19,1.9,1
2024-05-17,PROD0023,WH-EAST,597,211,12,6,162.63,2.8,1
2024-05-18,PROD0023,WH-EAST,398,205,73,12,20.35,1.9,1
2024-05-19,PROD0023,WH-EAST,661,217,0,6,19.79,3.0,0
2024-05-20,PROD0023,WH-SOUTH,213,180,109,11,79.02,1.2,1
2024-05-21,PROD0023,WH-EAST,229,170,94,8,33.51,1.3,1
2024-05-22,PROD0023,WH-SOUTH,194,304,240,6,143.85,0.6,1
2024-05-23,PROD0023,WH-EAST,176,238,180,14,177.45,0.7,1
2024-05-24,PROD0023,WH-SOUTH,382,183,56,3,179.6,2.1,1
2024-05-25,PROD0023,WH-SOUTH,401,148,15,6,103.24,2.7,1
2024-05-26,PROD0023,WH-NORTH,660,262,42,11,88.97,2.5,1
2024-05-27,PROD0023,WH-NORTH,438,196,50,14,159.37,2.2,1
2024-05-28,PROD0023,WH-SOUTH,607,245,43,13,13.61,2.5,1
2024-05-29,PROD0023,WH-SOUTH,305,183,82,9,196.02,1.7,1
2024-05-30,PROD0023,WH-NORTH,362,246,126,13,31.74,1.5,1
2024-05-31,PROD0023,WH-NORTH,566,169,0,5,130.08,3.3,0
2024-06-01,PROD0023,WH-EAST,642,174,0,11,45.67,3.7,0
2024-06-02,PROD0023,WH-EAST,558,220,34,13,82.43,2.5,1
2024-06-03,PROD0023,WH-SOUTH,176,233,175,12,159.79,0.8,1
2024-06-04,PROD0023,WH-NORTH,664,221,0,8,109.34,3.0,0
2024-06-05,PROD0023,WH-EAST,368,250,128,5,93.16,1.5,1
2024-06-06,PROD0023,WH-NORTH,296,170,72,9,60.56,1.7,1
2024-06-07,PROD0023,WH-NORTH,342,238,124,2,54.01,1.4,1
2024-06-08,PROD0023,WH-NORTH,327,193,84,13,80.17,1.7,1
2024-06-09,PROD0023,WH-EAST,541,246,66,10,135.13,2.2,1
2024-06-10,PROD0023,WH-NORTH,194,303,239,4,46.11,0.6,1
2024-06-11,PROD0023,WH-NORTH,146,293,245,3,16.05,0.5,1
2024-06-12,PROD0023,WH-NORTH,662,151,0,2,63.94,4.4,0
2024-06-13,PROD0023,WH-EAST,418,230,91,13,46.91,1.8,1
2024-06-14,PROD0023,WH-SOUTH,166,209,154,14,92.23,0.8,1
2024-06-15,PROD0023,WH-EAST,511,127,0,5,149.33,4.0,0
2024-06-16,PROD0023,WH-NORTH,0,178,178,11,30.32,0.0,1
2024-06-17,PROD0023,WH-EAST,586,175,0,4,178.16,3.3,0
2024-06-18,PROD0023,WH-SOUTH,121,255,215,6,144.13,0.5,1
2024-06-19,PROD0023,WH-NORTH,489,239,76,13,187.7,2.0,1
2024-06-20,PROD0023,WH-NORTH,157,210,158,11,35.31,0.7,1
2024-06-21,PROD0023,WH-SOUTH,189,167,104,11,87.39,1.1,1
2024-06-22,PROD0023,WH-EAST,590,214,18,5,22.07,2.8,1
2024-06-23,PROD0023,WH-EAST,424,258,117,12,47.53,1.6,1
2024-06-24,PROD0023,WH-SOUTH,246,227,145,13,154.54,1.1,1
2024-06-25,PROD0023,WH-SOUTH,664,257,36,3,63.34,2.6,1
2024-06-26,PROD0023,WH-SOUTH,495,261,96,7,178.31,1.9,1
2024-06-27,PROD0023,WH-EAST,352,213,96,7,109.51,1.7,1
2024-06-28,PROD0023,WH-EAST,120,161,121,11,61.25,0.7,1
2024-01-01,PROD0024,WH-EAST,317,125,20,4,37.01,2.5,1
2024-01-02,PROD0024,WH-EAST,219,130,57,7,144.2,1.7,1
2024-01-03,PROD0024,WH-EAST,229,168,92,12,33.7,1.4,1
2024-01-04,PROD0024,WH-EAST,379,168,42,13,19.63,2.3,1
2024-01-05,PROD0024,WH-NORTH,65,144,123,13,160.51,0.5,1
2024-01-06,PROD0024,WH-SOUTH,277,97,5,13,90.76,2.9,1
2024-01-07,PROD0024,WH-EAST,138,83,37,14,65.25,1.7,1
2024-01-08,PROD0024,WH-SOUTH,233,148,71,6,34.54,1.6,1
2024-01-09,PROD0024,WH-SOUTH,142,148,101,11,152.82,1.0,1
2024-01-10,PROD0024,WH-EAST,168,151,95,9,13.45,1.1,1
2024-01-11,PROD0024,WH-EAST,131,143,100,12,42.01,0.9,1
2024-01-12,PROD0024,WH-NORTH,202,135,68,2,61.97,1.5,1
2024-01-13,PROD0024,WH-EAST,139,130,84,13,162.98,1.1,1
2024-01-14,PROD0024,WH-EAST,162,143,89,13,173.69,1.1,1
2024-01-15,PROD0024,WH-SOUTH,375,118,0,2,67.8,3.2,0
2024-01-16,PROD0024,WH-NORTH,81,120,93,8,168.71,0.7,1
2024-01-17,PROD0024,WH-EAST,156,111,59,9,159.69,1.4,1
2024-01-18,PROD0024,WH-SOUTH,277,100,8,3,139.51,2.8,1
2024-01-19,PROD0024,WH-SOUTH,357,132,13,13,41.46,2.7,1
2024-01-20,PROD0024,WH-EAST,339,139,26,9,76.56,2.4,1
2024-01-21,PROD0024,WH-NORTH,288,123,27,3,139.26,2.3,1
2024-01-22,PROD0024,WH-NORTH,292,134,37,7,184.57,2.2,1
2024-01-23,PROD0024,WH-SOUTH,265,121,33,7,23.85,2.2,1
2024-01-24,PROD0024,WH-NORTH,331,94,0,7,178.06,3.5,0
2024-01-25,PROD0024,WH-EAST,346,131,16,2,197.12,2.6,1
2024-01-26,PROD0024,WH-SOUTH,362,106,0,8,114.96,3.4,0
2024-01-27,PROD0024,WH-SOUTH,182,178,118,12,130.49,1.0,1
2024-01-28,PROD0024,WH-NORTH,91,124,94,6,29.52,0.7,1
2024-01-29,PROD0024,WH-NORTH,79,89,63,2,178.49,0.9,1
2024-01-30,PROD0024,WH-NORTH,324,142,34,8,48.75,2.3,1
2024-01-31,PROD0024,WH-SOUTH,116,98,60,6,27.55,1.2,1
2024-02-01,PROD0024,WH-NORTH,238,129,50,12,184.86,1.8,1
2024-02-02,PROD0024,WH-SOUTH,82,143,116,2,10.48,0.6,1
2024-02-03,PROD0024,WH-NORTH,235,128,50,8,38.92,1.8,1
2024-02-04,PROD0024,WH-SOUTH,161,144,91,9,179.99,1.1,1
2024-02-05,PROD0024,WH-NORTH,341,174,61,10,199.08,2.0,1
2024-02-06,PROD0024,WH-SOUTH,334,89,0,3,65.76,3.8,0
2024-02-07,PROD0024,WH-NORTH,320,115,9,13,151.71,2.8,1
2024-02-08,PROD0024,WH-SOUTH,287,144,49,7,134.54,2.0,1
2024-02-09,PROD0024,WH-NORTH,197,107,42,5,197.96,1.8,1
2024-02-10,PROD0024,WH-NORTH,81,133,106,2,134.94,0.6,1
2024-02-11,PROD0024,WH-NORTH,237,148,69,7,134.22,1.6,1
2024-02-12,PROD0024,WH-NORTH,376,93,0,8,29.46,4.0,0
2024-02-13,PROD0024,WH-EAST,233,163,86,11,161.74,1.4,1
2024-02-14,PROD0024,WH-EAST,151,177,127,12,171.24,0.9,1
2024-02-15,PROD0024,WH-NORTH,360,126,6,4,163.8,2.9,1
2024-02-16,PROD0024,WH-EAST,328,145,36,10,79.3,2.3,1
2024-02-17,PROD0024,WH-EAST,191,142,79,2,171.83,1.3,1
2024-02-18,PROD0024,WH-EAST,0,108,108,2,77.97,0.0,1
2024-02-19,PROD0024,WH-EAST,220,106,33,11,175.77,2.1,1
2024-02-20,PROD0024,WH-NORTH,112,121,84,5,172.4,0.9,1
2024-02-21,PROD0024,WH-NORTH,189,167,104,12,77.09,1.1,1
2024-02-22,PROD0024,WH-SOUTH,361,115,0,3,127.74,3.1,0
2024-02-23,PROD0024,WH-EAST,76,166,141,5,58.54,0.5,1
2024-02-24,PROD0024,WH-NORTH,65,138,117,14,139.05,0.5,1
2024-02-25,PROD0024,WH-EAST,297,119,20,5,156.21,2.5,1
2024-02-26,PROD0024,WH-NORTH,334,131,20,6,167.31,2.5,1
2024-02-27,PROD0024,WH-NORTH,119,122,83,12,153.43,1.0,1
2024-02-28,PROD0024,WH-SOUTH,333,100,0,5,24.84,3.3,0
2024-02-29,PROD0024,WH-SOUTH,376,140,15,3,160.19,2.7,1
2024-03-01,PROD0024,WH-NORTH,360,125,5,12,135.79,2.9,1
2024-03-02,PROD0024,WH-SOUTH,126,148,106,10,21.31,0.9,1
2024-03-03,PROD0024,WH-NORTH,135,131,86,4,33.35,1.0,1
2024-03-04,PROD0024,WH-EAST,67,85,63,9,77.54,0.8,1
2024-03-05,PROD0024,WH-EAST,268,134,45,13,55.93,2.0,1
2024-03-06,PROD0024,WH-EAST,89,138,109,2,142.98,0.6,1
2024-03-07,PROD0024,WH-NORTH,114,140,102,3,129.01,0.8,1
2024-03-08,PROD0024,WH-SOUTH,288,82,0,13,50.34,3.5,0
2024-03-09,PROD0024,WH-SOUTH,346,100,0,9,96.33,3.5,0
2024-03-10,PROD0024,WH-EAST,267,113,24,5,125.44,2.4,1
2024-03-11,PROD0024,WH-SOUTH,336,118,6,7,166.6,2.8,1
2024-03-12,PROD0024,WH-SOUTH,298,150,51,7,174.16,2.0,1
2024-03-13,PROD0024,WH-NORTH,123,87,46,6,47.73,1.4,1
2024-03-14,PROD0024,WH-EAST,178,103,44,4,139.67,1.7,1
2024-03-15,PROD0024,WH-NORTH,227,104,29,5,136.24,2.2,1
2024-03-16,PROD0024,WH-NORTH,372,141,17,4,123.82,2.6,1
2024-03-17,PROD0024,WH-EAST,0,117,117,3,159.24,0.0,1
2024-03-18,PROD0024,WH-SOUTH,92,132,102,2,100.86,0.7,1
2024-03-19,PROD0024,WH-EAST,182,109,49,14,90.2,1.7,1
2024-03-20,PROD0024,WH-EAST,131,150,107,13,189.2,0.9,1
2024-03-21,PROD0024,WH-NORTH,137,138,93,6,185.68,1.0,1
2024-03-22,PROD0024,WH-SOUTH,215,159,88,2,159.59,1.4,1
2024-03-23,PROD0024,WH-NORTH,110,111,75,10,128.87,1.0,1
2024-03-24,PROD0024,WH-EAST,88,73,44,3,118.34,1.2,1
2024-03-25,PROD0024,WH-NORTH,167,106,51,9,49.02,1.6,1
2024-03-26,PROD0024,WH-NORTH,217,133,61,7,71.93,1.6,1
2024-03-27,PROD0024,WH-EAST,108,114,78,8,46.87,0.9,1
2024-03-28,PROD0024,WH-NORTH,309,161,58,2,45.81,1.9,1
2024-03-29,PROD0024,WH-NORTH,338,105,0,14,35.21,3.2,0
2024-03-30,PROD0024,WH-NORTH,257,133,48,9,193.57,1.9,1
2024-03-31,PROD0024,WH-SOUTH,156,133,81,7,112.18,1.2,1
2024-04-01,PROD0024,WH-NORTH,241,112,32,13,146.69,2.2,1
2024-04-02,PROD0024,WH-EAST,101,113,80,7,131.3,0.9,1
2024-04-03,PROD0024,WH-NORTH,323,119,12,6,50.95,2.7,1
2024-04-04,PROD0024,WH-SOUTH,227,86,11,5,100.17,2.6,1
2024-04-05,PROD0024,WH-SOUTH,247,130,48,12,59.61,1.9,1
2024-04-06,PROD0024,WH-EAST,378,107,0,14,181.0,3.5,0
2024-04-07,PROD0024,WH-NORTH,326,154,46,8,34.21,2.1,1
2024-04-08,PROD0024,WH-SOUTH,86,97,69,3,50.31,0.9,1
2024-04-09,PROD0024,WH-NORTH,316,110,5,4,173.18,2.9,1
2024-04-10,PROD0024,WH-EAST,165,148,93,8,42.24,1.1,1
2024-04-11,PROD0024,WH-EAST,147,118,69,7,95.35,1.2,1
2024-04-12,PROD0024,WH-EAST,207,117,48,2,150.7,1.8,1
2024-04-13,PROD0024,WH-NORTH,109,155,119,11,169.08,0.7,1
2024-04-14,PROD0024,WH-EAST,194,110,46,7,142.03,1.8,1
2024-04-15,PROD0024,WH-NORTH,63,119,98,14,195.98,0.5,1
2024-04-16,PROD0024,WH-SOUTH,151,117,67,7,85.24,1.3,1
2024-04-17,PROD0024,WH-SOUTH,302,147,47,2,100.13,2.1,1
2024-04-18,PROD0024,WH-SOUTH,339,100,0,13,160.6,3.4,0
2024-04-19,PROD0024,WH-NORTH,127,84,42,9,26.89,1.5,1
2024-04-20,PROD0024,WH-NORTH,94,151,120,9,16.71,0.6,1
2024-04-21,PROD0024,WH-NORTH,167,149,94,6,38.48,1.1,1
2024-04-22,PROD0024,WH-SOUTH,301,100,0,5,34.1,3.0,0
2024-04-23,PROD0024,WH-SOUTH,177,141,82,6,98.03,1.3,1
2024-04-24,PROD0024,WH-SOUTH,280,133,40,8,100.65,2.1,1
2024-04-25,PROD0024,WH-SOUTH,190,120,57,2,37.56,1.6,1
2024-04-26,PROD0024,WH-SOUTH,328,139,30,14,5.74,2.4,1
2024-04-27,PROD0024,WH-EAST,249,138,55,13,175.77,1.8,1
2024-04-28,PROD0024,WH-EAST,187,174,112,5,75.95,1.1,1
2024-04-29,PROD0024,WH-NORTH,170,93,37,13,68.31,1.8,1
2024-04-30,PROD0024,WH-NORTH,110,95,59,8,93.64,1.2,1
2024-05-01,PROD0024,WH-NORTH,254,154,70,8,148.25,1.6,1
2024-05-02,PROD0024,WH-NORTH,83,142,115,11,22.99,0.6,1
2024-05-03,PROD0024,WH-EAST,314,113,9,12,94.23,2.8,1
2024-05-04,PROD0024,WH-SOUTH,307,138,36,11,59.01,2.2,1
2024-05-05,PROD0024,WH-SOUTH,215,145,74,7,48.99,1.5,1
2024-05-06,PROD0024,WH-EAST,134,135,91,14,80.53,1.0,1
2024-05-07,PROD0024,WH-SOUTH,95,133,102,8,34.32,0.7,1
2024-05-08,PROD0024,WH-SOUTH,321,99,0,12,181.58,3.2,0
2024-05-09,PROD0024,WH-EAST,75,127,102,4,45.52,0.6,1
2024-05-10,PROD0024,WH-EAST,132,109,65,10,118.45,1.2,1
2024-05-11,PROD0024,WH-SOUTH,303,153,52,8,48.1,2.0,1
2024-05-12,PROD0024,WH-SOUTH,122,140,100,10,180.07,0.9,1
2024-05-13,PROD0024,WH-EAST,185,146,85,10,98.08,1.3,1
2024-05-14,PROD0024,WH-NORTH,133,142,98,2,73.89,0.9,1
2024-05-15,PROD0024,WH-SOUTH,261,108,21,14,180.46,2.4,1
2024-05-16,PROD0024,WH-NORTH,229,84,8,2,125.94,2.7,1
2024-05-17,PROD0024,WH-EAST,208,90,21,4,119.16,2.3,1
2024-05-18,PROD0024,WH-EAST,334,139,28,3,80.65,2.4,1
2024-05-19,PROD0024,WH-NORTH,295,114,16,10,91.75,2.6,1
2024-05-20,PROD0024,WH-SOUTH,345,134,19,10,198.17,2.6,1
2024-05-21,PROD0024,WH-SOUTH,343,99,0,9,166.41,3.5,0
2024-05-22,PROD0024,WH-NORTH,136,151,106,7,29.98,0.9,1
2024-05-23,PROD0024,WH-SOUTH,314,127,23,2,55.08,2.5,1
2024-05-24,PROD0024,WH-EAST,270,130,40,5,190.92,2.1,1
2024-05-25,PROD0024,WH-SOUTH,79,130,104,4,159.8,0.6,1
2024-05-26,PROD0024,WH-EAST,0,156,156,9,121.46,0.0,1
2024-05-27,PROD0024,WH-EAST,267,156,67,13,146.58,1.7,1
2024-05-28,PROD0024,WH-EAST,279,124,31,4,77.87,2.2,1
2024-05-29,PROD0024,WH-EAST,146,119,71,12,5.71,1.2,1
2024-05-30,PROD0024,WH-NORTH,346,101,0,4,181.63,3.4,0
2024-05-31,PROD0024,WH-EAST,330,136,26,8,68.52,2.4,1
2024-06-01,PROD0024,WH-EAST,213,146,75,8,82.61,1.5,1
2024-06-02,PROD0024,WH-NORTH,176,176,118,6,181.85,1.0,1
2024-06-03,PROD0024,WH-NORTH,236,124,46,14,116.32,1.9,1
2024-06-04,PROD0024,WH-EAST,295,148,50,11,143.81,2.0,1
2024-06-05,PROD0024,WH-EAST,122,190,150,3,93.76,0.6,1
2024-06-06,PROD0024,WH-SOUTH,179,130,71,4,91.63,1.4,1
2024-06-07,PROD0024,WH-SOUTH,329,93,0,2,137.42,3.5,0
2024-06-08,PROD0024,WH-SOUTH,71,104,81,6,96.35,0.7,1
2024-06-09,PROD0024,WH-SOUTH,78,79,53,6,170.38,1.0,1
2024-06-10,PROD0024,WH-SOUTH,108,109,73,13,120.84,1.0,1
2024-06-11,PROD0024,WH-EAST,143,141,94,11,168.98,1.0,1
2024-06-12,PROD0024,WH-EAST,235,150,72,3,146.6,1.6,1
2024-06-13,PROD0024,WH-SOUTH,78,139,113,11,96.85,0.6,1
2024-06-14,PROD0024,WH-NORTH,78,77,51,2,131.43,1.0,1
2024-06-15,PROD0024,WH-SOUTH,142,162,115,14,30.49,0.9,1
2024-06-16,PROD0024,WH-NORTH,172,113,56,11,65.61,1.5,1
2024-06-17,PROD0024,WH-SOUTH,115,125,87,12,142.29,0.9,1
2024-06-18,PROD0024,WH-NORTH,110,140,104,4,75.4,0.8,1
2024-06-19,PROD0024,WH-NORTH,380,159,33,11,54.25,2.4,1
2024-06-20,PROD0024,WH-SOUTH,313,141,37,4,69.22,2.2,1
2024-06-21,PROD0024,WH-SOUTH,162,134,80,7,86.07,1.2,1
2024-06-22,PROD0024,WH-SOUTH,159,113,60,2,166.56,1.4,1
2024-06-23,PROD0024,WH-NORTH,271,115,25,10,185.9,2.4,1
2024-06-24,PROD0024,WH-EAST,372,135,11,12,146.63,2.8,1
2024-06-25,PROD0024,WH-EAST,289,104,8,5,171.76,2.8,1
2024-06-26,PROD0024,WH-SOUTH,321,109,2,10,117.61,2.9,1
2024-06-27,PROD0024,WH-EAST,155,139,88,11,163.59,1.1,1
2024-06-28,PROD0024,WH-EAST,294,160,62,11,30.08,1.8,1
2024-01-01,PROD0025,WH-SOUTH,1181,469,76,6,117.81,2.5,1
2024-01-02,PROD0025,WH-SOUTH,479,320,161,10,191.49,1.5,1
2024-01-03,PROD0025,WH-EAST,287,457,362,10,180.38,0.6,1
2024-01-04,PROD0025,WH-NORTH,1277,376,0,4,130.67,3.4,0
2024-01-05,PROD0025,WH-EAST,748,469,220,14,12.25,1.6,1
2024-01-06,PROD0025,WH-EAST,1068,501,145,13,103.88,2.1,1
2024-01-07,PROD0025,WH-EAST,1168,578,189,14,54.08,2.0,1
2024-01-08,PROD0025,WH-NORTH,737,525,280,11,150.07,1.4,1
2024-01-09,PROD0025,WH-SOUTH,750,609,359,5,50.24,1.2,1
2024-01-10,PROD0025,WH-EAST,512,271,101,5,37.17,1.9,1
2024-01-11,PROD0025,WH-SOUTH,1254,437,19,13,138.73,2.9,1
2024-01-12,PROD0025,WH-NORTH,946,629,314,6,154.3,1.5,1
2024-01-13,PROD0025,WH-NORTH,1294,383,0,2,179.26,3.4,0
2024-01-14,PROD0025,WH-SOUTH,1335,407,0,4,140.78,3.3,0
2024-01-15,PROD0025,WH-SOUTH,1012,323,0,10,99.74,3.1,0
2024-01-16,PROD0025,WH-NORTH,1199,512,113,6,90.4,2.3,1
2024-01-17,PROD0025,WH-SOUTH,546,479,297,5,37.95,1.1,1
2024-01-18,PROD0025,WH-SOUTH,509,395,226,3,94.0,1.3,1
2024-01-19,PROD0025,WH-SOUTH,441,582,435,5,34.18,0.8,1
2024-01-20,PROD0025,WH-SOUTH,1308,439,3,14,140.64,3.0,1
2024-01-21,PROD0025,WH-SOUTH,677,353,128,2,49.54,1.9,1
2024-01-22,PROD0025,WH-SOUTH,268,412,323,10,197.2,0.7,1
2024-01-23,PROD0025,WH-SOUTH,366,406,284,5,57.85,0.9,1
2024-01-24,PROD0025,WH-NORTH,781,319,59,5,197.88,2.4,1
2024-01-25,PROD0025,WH-EAST,432,562,418,2,182.98,0.8,1
2024-01-26,PROD0025,WH-NORTH,1136,586,208,10,189.66,1.9,1
2024-01-27,PROD0025,WH-EAST,1080,288,0,10,44.42,3.8,0
2024-01-28,PROD0025,WH-SOUTH,1092,410,46,2,54.34,2.7,1
2024-01-29,PROD0025,WH-NORTH,591,425,228,12,199.6,1.4,1
2024-01-30,PROD0025,WH-NORTH,412,439,302,8,32.21,0.9,1
2024-01-31,PROD0025,WH-SOUTH,744,461,213,3,31.95,1.6,1
2024-02-01,PROD0025,WH-NORTH,726,422,180,10,147.64,1.7,1
2024-02-02,PROD0025,WH-EAST,603,486,285,13,52.19,1.2,1
2024-02-03,PROD0025,WH-EAST,957,318,0,8,43.26,3.0,0
2024-02-04,PROD0025,WH-SOUTH,1053,579,228,8,156.74,1.8,1
2024-02-05,PROD0025,WH-EAST,1262,394,0,2,198.48,3.2,0
2024-02-06,PROD0025,WH-SOUTH,1284,522,94,7,157.94,2.5,1
2024-02-07,PROD0025,WH-SOUTH,266,478,390,5,20.42,0.6,1
2024-02-08,PROD0025,WH-SOUTH,1196,492,94,9,144.84,2.4,1
2024-02-09,PROD0025,WH-NORTH,1080,403,43,3,199.49,2.7,1
2024-02-10,PROD0025,WH-EAST,1165,338,0,10,138.51,3.4,0
2024-02-11,PROD0025,WH-EAST,417,441,302,12,68.28,0.9,1
2024-02-12,PROD0025,WH-SOUTH,431,451,308,7,139.34,1.0,1
2024-02-13,PROD0025,WH-SOUTH,275,306,215,6,110.44,0.9,1
2024-02-14,PROD0025,WH-EAST,1229,635,226,14,140.44,1.9,1
2024-02-15,PROD0025,WH-EAST,572,566,376,9,105.43,1.0,1
2024-02-16,PROD0025,WH-EAST,837,485,206,6,126.21,1.7,1
2024-02-17,PROD0025,WH-NORTH,571,543,353,8,12.56,1.1,1
2024-02-18,PROD0025,WH-NORTH,1119,295,0,11,128.97,3.8,0
2024-02-19,PROD0025,WH-EAST,996,429,97,10,116.9,2.3,1
2024-02-20,PROD0025,WH-SOUTH,247,436,354,9,102.26,0.6,1
2024-02-21,PROD0025,WH-NORTH,796,667,402,2,36.74,1.2,1
2024-02-22,PROD0025,WH-SOUTH,883,524,230,14,181.75,1.7,1
2024-02-23,PROD0025,WH-SOUTH,865,373,85,5,110.45,2.3,1
2024-02-24,PROD0025,WH-EAST,341,479,366,9,119.65,0.7,1
2024-02-25,PROD0025,WH-NORTH,649,504,288,13,74.71,1.3,1
2024-02-26,PROD0025,WH-SOUTH,1083,492,131,14,130.77,2.2,1
2024-02-27,PROD0025,WH-SOUTH,1084,469,108,6,39.58,2.3,1
2024-02-28,PROD0025,WH-NORTH,336,451,339,3,150.16,0.7,1
2024-02-29,PROD0025,WH-EAST,567,469,280,10,151.76,1.2,1
2024-03-01,PROD0025,WH-SOUTH,243,249,168,13,19.27,1.0,1
2024-03-02,PROD0025,WH-NORTH,1168,437,48,9,24.95,2.7,1
2024-03-03,PROD0025,WH-EAST,1234,421,10,13,100.5,2.9,1
2024-03-04,PROD0025,WH-EAST,940,578,265,6,128.69,1.6,1
2024-03-05,PROD0025,WH-NORTH,0,464,464,9,38.53,0.0,1
2024-03-06,PROD0025,WH-SOUTH,428,429,287,2,60.34,1.0,1
2024-03-07,PROD0025,WH-NORTH,1273,516,92,9,113.37,2.5,1
2024-03-08,PROD0025,WH-NORTH,1351,676,226,12,152.51,2.0,1
2024-03-09,PROD0025,WH-SOUTH,452,387,237,7,165.71,1.2,1
2024-03-10,PROD0025,WH-NORTH,511,558,388,10,195.46,0.9,1
2024-03-11,PROD0025,WH-SOUTH,833,515,238,9,72.32,1.6,1
2024-03-12,PROD0025,WH-EAST,1321,401,0,5,79.65,3.3,0
2024-03-13,PROD0025,WH-NORTH,460,638,485,11,60.03,0.7,1
2024-03-14,PROD0025,WH-EAST,1176,449,57,11,133.65,2.6,1
2024-03-15,PROD0025,WH-NORTH,228,360,284,3,152.45,0.6,1
2024-03-16,PROD0025,WH-EAST,758,301,49,13,36.9,2.5,1
2024-03-17,PROD0025,WH-EAST,1016,594,256,4,56.97,1.7,1
2024-03-18,PROD0025,WH-EAST,488,366,204,14,80.68,1.3,1
2024-03-19,PROD0025,WH-EAST,405,524,389,14,105.87,0.8,1
2024-03-20,PROD0025,WH-SOUTH,526,475,300,11,89.21,1.1,1
2024-03-21,PROD0025,WH-EAST,936,497,185,12,92.32,1.9,1
2024-03-22,PROD0025,WH-SOUTH,394,480,349,11,144.11,0.8,1
2024-03-23,PROD0025,WH-NORTH,413,396,259,5,49.95,1.0,1
2024-03-24,PROD0025,WH-EAST,672,449,225,11,130.91,1.5,1
2024-03-25,PROD0025,WH-EAST,684,461,233,4,182.73,1.5,1
2024-03-26,PROD0025,WH-SOUTH,1272,451,27,11,74.91,2.8,1
2024-03-27,PROD0025,WH-SOUTH,819,540,267,13,118.68,1.5,1
2024-03-28,PROD0025,WH-NORTH,938,526,214,4,154.15,1.8,1
2024-03-29,PROD0025,WH-SOUTH,861,677,390,8,38.0,1.3,1
2024-03-30,PROD0025,WH-SOUTH,720,394,154,2,62.98,1.8,1
2024-03-31,PROD0025,WH-EAST,528,410,234,12,86.22,1.3,1
2024-04-01,PROD0025,WH-SOUTH,1212,385,0,6,53.02,3.1,0
2024-04-02,PROD0025,WH-NORTH,0,520,520,6,95.29,0.0,1
2024-04-03,PROD0025,WH-SOUTH,1007,382,47,14,145.07,2.6,1
2024-04-04,PROD0025,WH-EAST,307,508,406,9,152.55,0.6,1
2024-04-05,PROD0025,WH-EAST,652,471,254,14,48.73,1.4,1
2024-04-06,PROD0025,WH-NORTH,761,524,271,6,155.51,1.5,1
2024-04-07,PROD0025,WH-EAST,773,484,227,3,39.35,1.6,1
2024-04-08,PROD0025,WH-SOUTH,836,515,237,14,184.27,1.6,1
2024-04-09,PROD0025,WH-NORTH,1060,463,110,4,59.52,2.3,1
2024-04-10,PROD0025,WH-EAST,1035,405,60,9,92.42,2.6,1
2024-04-11,PROD0025,WH-EAST,972,293,0,3,118.65,3.3,0
2024-04-12,PROD0025,WH-EAST,1011,381,44,10,28.75,2.7,1
2024-04-13,PROD0025,WH-SOUTH,1317,500,61,2,114.01,2.6,1
2024-04-14,PROD0025,WH-NORTH,761,384,131,7,159.28,2.0,1
2024-04-15,PROD0025,WH-SOUTH,527,551,376,4,58.8,1.0,1
2024-04-16,PROD0025,WH-SOUTH,310,411,308,8,125.06,0.8,1
2024-04-17,PROD0025,WH-SOUTH,1115,347,0,7,18.56,3.2,0
2024-04-18,PROD0025,WH-NORTH,433,342,198,7,159.35,1.3,1
2024-04-19,PROD0025,WH-SOUTH,794,306,42,9,154.42,2.6,1
2024-04-20,PROD0025,WH-EAST,235,450,372,8,199.78,0.5,1
2024-04-21,PROD0025,WH-SOUTH,397,617,485,4,100.86,0.6,1
2024-04-22,PROD0025,WH-NORTH,260,361,275,12,114.16,0.7,1
2024-04-23,PROD0025,WH-EAST,897,479,180,4,187.76,1.9,1
2024-04-24,PROD0025,WH-SOUTH,597,551,352,12,186.57,1.1,1
2024-04-25,PROD0025,WH-EAST,579,586,393,14,86.04,1.0,1
2024-04-26,PROD0025,WH-EAST,1028,671,329,7,31.9,1.5,1
2024-04-27,PROD0025,WH-SOUTH,1188,464,68,14,22.09,2.6,1
2024-04-28,PROD0025,WH-SOUTH,0,427,427,12,79.34,0.0,1
2024-04-29,PROD0025,WH-EAST,808,379,110,4,130.06,2.1,1
2024-04-30,PROD0025,WH-EAST,465,501,346,10,21.62,0.9,1
2024-05-01,PROD0025,WH-SOUTH,505,579,411,9,15.94,0.9,1
2024-05-02,PROD0025,WH-EAST,351,448,331,8,83.46,0.8,1
2024-05-03,PROD0025,WH-EAST,1152,439,55,4,107.31,2.6,1
2024-05-04,PROD0025,WH-EAST,1191,429,32,11,81.8,2.8,1
2024-05-05,PROD0025,WH-NORTH,970,396,73,13,99.03,2.4,1
2024-05-06,PROD0025,WH-SOUTH,351,531,414,6,136.77,0.7,1
2024-05-07,PROD0025,WH-NORTH,661,397,177,7,52.05,1.7,1
2024-05-08,PROD0025,WH-SOUTH,476,434,276,14,129.67,1.1,1
2024-05-09,PROD0025,WH-SOUTH,449,463,314,5,15.23,1.0,1
2024-05-10,PROD0025,WH-SOUTH,559,379,193,10,150.7,1.5,1
2024-05-11,PROD0025,WH-NORTH,674,443,219,3,154.65,1.5,1
2024-05-12,PROD0025,WH-EAST,1283,535,108,3,179.33,2.4,1
2024-05-13,PROD0025,WH-SOUTH,660,559,339,9,104.72,1.2,1
2024-05-14,PROD0025,WH-EAST,1188,394,0,3,96.85,3.0,0
2024-05-15,PROD0025,WH-SOUTH,931,322,12,13,127.53,2.9,1
2024-05-16,PROD0025,WH-EAST,484,415,254,13,10.55,1.2,1
2024-05-17,PROD0025,WH-SOUTH,1033,350,6,5,7.44,3.0,1
2024-05-18,PROD0025,WH-SOUTH,1159,481,95,11,159.05,2.4,1
2024-05-19,PROD0025,WH-NORTH,648,374,158,3,97.67,1.7,1
2024-05-20,PROD0025,WH-SOUTH,1217,406,1,10,118.5,3.0,1
2024-05-21,PROD0025,WH-EAST,447,413,264,6,166.23,1.1,1
2024-05-22,PROD0025,WH-NORTH,1180,347,0,12,81.39,3.4,0
2024-05-23,PROD0025,WH-EAST,570,410,220,7,199.72,1.4,1
2024-05-24,PROD0025,WH-EAST,1299,446,13,14,160.0,2.9,1
2024-05-25,PROD0025,WH-SOUTH,614,512,308,11,188.16,1.2,1
2024-05-26,PROD0025,WH-EAST,1347,624,175,3,72.04,2.2,1
2024-05-27,PROD0025,WH-EAST,250,400,317,5,172.05,0.6,1
2024-05-28,PROD0025,WH-SOUTH,1113,479,108,5,120.99,2.3,1
2024-05-29,PROD0025,WH-EAST,1106,573,205,9,45.2,1.9,1
2024-05-30,PROD0025,WH-SOUTH,1099,529,163,10,95.45,2.1,1
2024-05-31,PROD0025,WH-SOUTH,1254,423,5,3,108.98,3.0,1
2024-06-01,PROD0025,WH-SOUTH,1179,371,0,7,194.27,3.2,0
2024-06-02,PROD0025,WH-EAST,348,440,324,11,91.03,0.8,1
2024-06-03,PROD0025,WH-NORTH,940,571,258,14,99.66,1.6,1
2024-06-04,PROD0025,WH-NORTH,1133,397,20,8,14.72,2.9,1
2024-06-05,PROD0025,WH-SOUTH,360,483,363,14,173.91,0.7,1
2024-06-06,PROD0025,WH-NORTH,1315,367,0,14,156.25,3.6,0
2024-06-07,PROD0025,WH-NORTH,1119,491,118,5,39.14,2.3,1
2024-06-08,PROD0025,WH-NORTH,462,485,331,11,85.54,1.0,1
2024-06-09,PROD0025,WH-SOUTH,811,370,100,11,102.52,2.2,1
2024-06-10,PROD0025,WH-EAST,278,495,403,13,124.96,0.6,1
2024-06-11,PROD0025,WH-SOUTH,405,473,338,8,119.05,0.9,1
2024-06-12,PROD0025,WH-NORTH,757,359,107,4,125.64,2.1,1
2024-06-13,PROD0025,WH-EAST,1298,341,0,14,119.47,3.8,0
2024-06-14,PROD0025,WH-SOUTH,557,469,284,6,80.39,1.2,1
2024-06-15,PROD0025,WH-NORTH,778,316,57,2,89.15,2.5,1
2024-06-16,PROD0025,WH-NORTH,1261,422,2,2,11.15,3.0,1
2024-06-17,PROD0025,WH-EAST,597,367,168,10,177.39,1.6,1
2024-06-18,PROD0025,WH-NORTH,927,294,0,13,195.4,3.2,0
2024-06-19,PROD0025,WH-SOUTH,247,418,336,13,137.39,0.6,1
2024-06-20,PROD0025,WH-SOUTH,572,559,369,4,129.51,1.0,1
2024-06-21,PROD0025,WH-NORTH,320,377,271,5,184.37,0.8,1
2024-06-22,PROD0025,WH-EAST,655,457,239,9,170.36,1.4,1
2024-06-23,PROD0025,WH-NORTH,422,451,311,6,167.75,0.9,1
2024-06-24,PROD0025,WH-EAST,761,353,100,14,144.91,2.2,1
2024-06-25,PROD0025,WH-SOUTH,985,500,172,11,80.62,2.0,1
2024-06-26,PROD0025,WH-NORTH,773,613,356,6,80.97,1.3,1
2024-06-27,PROD0025,WH-SOUTH,614,612,408,14,76.13,1.0,1
2024-06-28,PROD0025,WH-NORTH,1068,448,92,8,135.68,2.4,1
2024-01-01,PROD0026,WH-NORTH,434,231,87,8,160.71,1.9,1
2024-01-02,PROD0026,WH-NORTH,675,224,0,10,78.35,3.0,0
2024-01-03,PROD0026,WH-NORTH,0,206,206,5,172.27,0.0,1
2024-01-04,PROD0026,WH-NORTH,625,221,13,11,116.86,2.8,1
2024-01-05,PROD0026,WH-SOUTH,398,190,58,10,111.68,2.1,1
2024-01-06,PROD0026,WH-EAST,557,217,32,4,55.71,2.6,1
2024-01-07,PROD0026,WH-EAST,0,188,188,9,115.45,0.0,1
2024-01-08,PROD0026,WH-NORTH,297,298,199,12,194.35,1.0,1
2024-01-09,PROD0026,WH-SOUTH,595,149,0,3,167.07,4.0,0
2024-01-10,PROD0026,WH-NORTH,246,208,126,11,187.52,1.2,1
2024-01-11,PROD0026,WH-EAST,0,215,215,11,99.24,0.0,1
2024-01-12,PROD0026,WH-SOUTH,229,223,147,7,170.99,1.0,1
2024-01-13,PROD0026,WH-EAST,0,241,241,9,34.26,0.0,1
2024-01-14,PROD0026,WH-NORTH,624,198,0,13,27.32,3.2,0
2024-01-15,PROD0026,WH-NORTH,247,171,89,12,17.05,1.4,1
2024-01-16,PROD0026,WH-SOUTH,413,275,138,4,122.19,1.5,1
2024-01-17,PROD0026,WH-NORTH,164,237,183,6,30.17,0.7,1
2024-01-18,PROD0026,WH-SOUTH,443,252,105,4,98.24,1.8,1
2024-01-19,PROD0026,WH-SOUTH,181,231,171,8,73.46,0.8,1
2024-01-20,PROD0026,WH-EAST,224,143,69,8,185.15,1.6,1
2024-01-21,PROD0026,WH-EAST,540,288,108,6,29.35,1.9,1
2024-01-22,PROD0026,WH-EAST,322,290,183,12,143.73,1.1,1
2024-01-23,PROD0026,WH-NORTH,209,272,203,13,175.71,0.8,1
2024-01-24,PROD0026,WH-SOUTH,132,230,186,3,171.15,0.6,1
2024-01-25,PROD0026,WH-NORTH,450,324,174,4,15.27,1.4,1
2024-01-26,PROD0026,WH-EAST,524,159,0,8,17.84,3.3,0
2024-01-27,PROD0026,WH-NORTH,226,185,110,7,161.71,1.2,1
2024-01-28,PROD0026,WH-NORTH,288,200,104,14,27.3,1.4,1
2024-01-29,PROD0026,WH-SOUTH,397,285,153,13,16.82,1.4,1
2024-01-30,PROD0026,WH-EAST,148,201,152,8,27.2,0.7,1
2024-01-31,PROD0026,WH-NORTH,672,279,55,10,101.41,2.4,1
2024-02-01,PROD0026,WH-SOUTH,676,265,40,5,34.16,2.6,1
2024-02-02,PROD0026,WH-EAST,270,260,170,7,95.53,1.0,1
2024-02-03,PROD0026,WH-NORTH,447,232,83,7,98.24,1.9,1
2024-02-04,PROD0026,WH-SOUTH,403,183,49,12,149.81,2.2,1
2024-02-05,PROD0026,WH-EAST,268,234,145,13,124.99,1.1,1
2024-02-06,PROD0026,WH-NORTH,557,235,50,3,147.06,2.4,1
2024-02-07,PROD0026,WH-NORTH,692,245,15,13,89.07,2.8,1
2024-02-08,PROD0026,WH-SOUTH,158,248,196,13,97.63,0.6,1
2024-02-09,PROD0026,WH-NORTH,200,239,173,14,37.3,0.8,1
2024-02-10,PROD0026,WH-NORTH,0,218,218,2,112.17,0.0,1
2024-02-11,PROD0026,WH-NORTH,573,237,46,6,143.34,2.4,1
2024-02-12,PROD0026,WH-NORTH,487,225,63,10,162.49,2.2,1
2024-02-13,PROD0026,WH-NORTH,572,305,115,3,137.08,1.9,1
2024-02-14,PROD0026,WH-NORTH,528,179,3,5,15.47,2.9,1
2024-02-15,PROD0026,WH-EAST,459,241,88,10,97.02,1.9,1
2024-02-16,PROD0026,WH-SOUTH,221,215,142,3,46.02,1.0,1
2024-02-17,PROD0026,WH-EAST,292,305,208,9,135.76,1.0,1
2024-02-18,PROD0026,WH-EAST,0,205,205,2,7.74,0.0,1
2024-02-19,PROD0026,WH-SOUTH,546,312,130,4,145.01,1.8,1
2024-02-20,PROD0026,WH-EAST,626,200,0,9,108.33,3.1,0
2024-02-21,PROD0026,WH-EAST,607,202,0,3,41.7,3.0,0
2024-02-22,PROD0026,WH-NORTH,421,266,126,5,28.9,1.6,1
2024-02-23,PROD0026,WH-EAST,268,218,129,7,162.69,1.2,1
2024-02-24,PROD0026,WH-SOUTH,187,169,107,6,189.36,1.1,1
2024-02-25,PROD0026,WH-EAST,265,217,129,10,132.25,1.2,1
2024-02-26,PROD0026,WH-NORTH,672,205,0,2,107.48,3.3,0
2024-02-27,PROD0026,WH-NORTH,176,181,123,10,134.56,1.0,1
2024-02-28,PROD0026,WH-NORTH,275,192,101,7,122.35,1.4,1
2024-02-29,PROD0026,WH-EAST,552,177,0,8,141.12,3.1,0
2024-03-01,PROD0026,WH-NORTH,442,172,25,7,53.92,2.6,1
2024-03-02,PROD0026,WH-EAST,309,315,212,3,150.21,1.0,1
2024-03-03,PROD0026,WH-SOUTH,578,138,0,5,30.23,4.2,0
2024-03-04,PROD0026,WH-EAST,607,214,12,3,159.65,2.8,1
2024-03-05,PROD0026,WH-EAST,204,236,168,11,174.71,0.9,1
2024-03-06,PROD0026,WH-NORTH,282,152,58,3,86.71,1.9,1
2024-03-07,PROD0026,WH-EAST,519,243,70,7,137.19,2.1,1
2024-03-08,PROD0026,WH-SOUTH,183,267,206,2,128.3,0.7,1
2024-03-09,PROD0026,WH-EAST,642,250,36,13,78.46,2.6,1
2024-03-10,PROD0026,WH-EAST,0,279,279,8,17.71,0.0,1
2024-03-11,PROD0026,WH-NORTH,584,150,0,9,132.38,3.9,0
2024-03-12,PROD0026,WH-SOUTH,621,256,49,4,57.41,2.4,1
2024-03-13,PROD0026,WH-SOUTH,354,117,0,3,121.9,3.0,0
2024-03-14,PROD0026,WH-SOUTH,681,301,74,5,139.07,2.3,1
2024-03-15,PROD0026,WH-SOUTH,130,261,218,5,71.34,0.5,1
2024-03-16,PROD0026,WH-NORTH,210,199,129,7,135.04,1.1,1
2024-03-17,PROD0026,WH-SOUTH,656,183,0,3,50.97,3.6,0
2024-03-18,PROD0026,WH-SOUTH,659,247,28,6,43.29,2.7,1
2024-03-19,PROD0026,WH-EAST,259,332,246,5,73.4,0.8,1
2024-03-20,PROD0026,WH-EAST,437,279,134,9,163.4,1.6,1
2024-03-21,PROD0026,WH-NORTH,392,278,148,6,49.85,1.4,1
2024-03-22,PROD0026,WH-EAST,186,182,120,6,32.63,1.0,1
2024-03-23,PROD0026,WH-EAST,609,212,9,11,87.97,2.9,1
2024-03-24,PROD0026,WH-EAST,325,140,32,4,106.59,2.3,1
2024-03-25,PROD0026,WH-SOUTH,127,286,244,9,89.36,0.4,1
2024-03-26,PROD0026,WH-SOUTH,332,200,90,2,86.48,1.7,1
2024-03-27,PROD0026,WH-EAST,418,210,71,6,34.15,2.0,1
2024-03-28,PROD0026,WH-EAST,347,244,129,10,10.87,1.4,1
2024-03-29,PROD0026,WH-EAST,173,287,230,9,39.1,0.6,1
2024-03-30,PROD0026,WH-NORTH,539,197,18,2,140.48,2.7,1
2024-03-31,PROD0026,WH-EAST,588,183,0,12,71.58,3.2,0
2024-04-01,PROD0026,WH-NORTH,234,254,176,8,148.06,0.9,1
2024-04-02,PROD0026,WH-NORTH,160,214,161,11,26.07,0.7,1
2024-04-03,PROD0026,WH-SOUTH,564,299,111,12,57.79,1.9,1
2024-04-04,PROD0026,WH-SOUTH,150,143,93,10,11.25,1.0,1
2024-04-05,PROD0026,WH-NORTH,160,308,255,6,130.59,0.5,1
2024-04-06,PROD0026,WH-NORTH,645,216,1,5,162.46,3.0,1
2024-04-07,PROD0026,WH-NORTH,458,176,24,8,48.62,2.6,1
2024-04-08,PROD0026,WH-SOUTH,212,228,158,8,172.17,0.9,1
2024-04-09,PROD0026,WH-EAST,250,306,223,2,191.06,0.8,1
2024-04-10,PROD0026,WH-NORTH,627,187,0,13,158.58,3.4,0
2024-04-11,PROD0026,WH-NORTH,194,172,108,10,38.99,1.1,1
2024-04-12,PROD0026,WH-NORTH,427,233,91,13,67.89,1.8,1
2024-04-13,PROD0026,WH-EAST,472,283,126,10,22.07,1.7,1
2024-04-14,PROD0026,WH-EAST,384,239,111,8,135.21,1.6,1
2024-04-15,PROD0026,WH-NORTH,258,221,135,11,54.84,1.2,1
2024-04-16,PROD0026,WH-SOUTH,452,189,39,8,190.09,2.4,1
2024-04-17,PROD0026,WH-SOUTH,231,159,82,14,172.6,1.5,1
2024-04-18,PROD0026,WH-EAST,275,220,129,7,55.44,1.2,1
2024-04-19,PROD0026,WH-NORTH,610,297,94,2,13.16,2.1,1
2024-04-20,PROD0026,WH-NORTH,540,130,0,8,135.19,4.2,0
2024-04-21,PROD0026,WH-SOUTH,282,243,149,5,150.25,1.2,1
2024-04-22,PROD0026,WH-NORTH,600,208,8,12,107.63,2.9,1
2024-04-23,PROD0026,WH-NORTH,284,219,125,3,31.53,1.3,1
2024-04-24,PROD0026,WH-EAST,316,218,113,13,103.02,1.4,1
2024-04-25,PROD0026,WH-SOUTH,286,159,64,8,166.11,1.8,1
2024-04-26,PROD0026,WH-SOUTH,495,216,51,2,128.18,2.3,1
2024-04-27,PROD0026,WH-SOUTH,500,236,70,13,76.64,2.1,1
2024-04-28,PROD0026,WH-NORTH,265,199,111,7,73.55,1.3,1
2024-04-29,PROD0026,WH-EAST,189,226,163,6,94.35,0.8,1
2024-04-30,PROD0026,WH-NORTH,654,309,91,11,99.96,2.1,1
2024-05-01,PROD0026,WH-NORTH,452,253,103,12,35.06,1.8,1
2024-05-02,PROD0026,WH-EAST,179,134,75,3,76.91,1.3,1
2024-05-03,PROD0026,WH-SOUTH,622,215,8,2,16.25,2.9,1
2024-05-04,PROD0026,WH-SOUTH,671,288,65,7,89.77,2.3,1
2024-05-05,PROD0026,WH-EAST,331,189,79,7,181.68,1.8,1
2024-05-06,PROD0026,WH-SOUTH,550,218,35,9,75.31,2.5,1
2024-05-07,PROD0026,WH-NORTH,155,146,95,2,196.8,1.1,1
2024-05-08,PROD0026,WH-NORTH,556,274,89,11,10.13,2.0,1
2024-05-09,PROD0026,WH-NORTH,324,215,107,11,145.05,1.5,1
2024-05-10,PROD0026,WH-NORTH,0,296,296,13,26.3,0.0,1
2024-05-11,PROD0026,WH-NORTH,461,252,99,4,9.77,1.8,1
2024-05-12,PROD0026,WH-NORTH,654,255,37,12,121.79,2.6,1
2024-05-13,PROD0026,WH-SOUTH,540,203,23,3,135.54,2.7,1
2024-05-14,PROD0026,WH-NORTH,255,190,105,2,144.91,1.3,1
2024-05-15,PROD0026,WH-EAST,174,193,135,3,102.72,0.9,1
2024-05-16,PROD0026,WH-EAST,388,243,114,11,75.17,1.6,1
2024-05-17,PROD0026,WH-SOUTH,328,229,120,10,67.16,1.4,1
2024-05-18,PROD0026,WH-EAST,260,139,53,13,125.58,1.9,1
2024-05-19,PROD0026,WH-SOUTH,177,211,152,2,61.34,0.8,1
2024-05-20,PROD0026,WH-SOUTH,435,267,122,5,5.44,1.6,1
2024-05-21,PROD0026,WH-SOUTH,557,195,10,6,131.81,2.9,1
2024-05-22,PROD0026,WH-EAST,657,223,4,4,75.74,2.9,1
2024-05-23,PROD0026,WH-EAST,447,258,109,5,53.4,1.7,1
2024-05-24,PROD0026,WH-EAST,405,166,31,12,14.51,2.4,1
2024-05-25,PROD0026,WH-SOUTH,126,212,170,5,116.7,0.6,1
2024-05-26,PROD0026,WH-SOUTH,419,271,132,2,127.35,1.5,1
2024-05-27,PROD0026,WH-SOUTH,221,287,214,7,51.59,0.8,1
2024-05-28,PROD0026,WH-SOUTH,143,191,144,9,85.13,0.7,1
2024-05-29,PROD0026,WH-SOUTH,438,216,70,10,50.91,2.0,1
2024-05-30,PROD0026,WH-EAST,298,232,133,5,58.91,1.3,1
2024-05-31,PROD0026,WH-SOUTH,327,262,153,12,15.31,1.2,1
2024-06-01,PROD0026,WH-EAST,647,232,17,7,9.01,2.8,1
2024-06-02,PROD0026,WH-SOUTH,259,199,113,2,35.15,1.3,1
2024-06-03,PROD0026,WH-SOUTH,0,197,197,6,151.71,0.0,1
2024-06-04,PROD0026,WH-SOUTH,602,167,0,8,10.13,3.6,0
2024-06-05,PROD0026,WH-EAST,325,224,116,11,46.53,1.5,1
2024-06-06,PROD0026,WH-SOUTH,371,198,75,11,29.24,1.9,1
2024-06-07,PROD0026,WH-EAST,335,200,89,7,101.13,1.7,1
2024-06-08,PROD0026,WH-SOUTH,451,321,171,12,62.68,1.4,1
2024-06-09,PROD0026,WH-NORTH,358,212,93,5,20.72,1.7,1
2024-06-10,PROD0026,WH-EAST,239,372,293,3,145.09,0.6,1
2024-06-11,PROD0026,WH-NORTH,439,222,76,5,110.83,2.0,1
2024-06-12,PROD0026,WH-NORTH,679,127,0,2,189.69,5.3,0
2024-06-13,PROD0026,WH-EAST,547,252,70,11,157.94,2.2,1
2024-06-14,PROD0026,WH-SOUTH,519,141,0,2,140.25,3.7,0
2024-06-15,PROD0026,WH-SOUTH,359,223,104,10,133.86,1.6,1
2024-06-16,PROD0026,WH-SOUTH,230,223,147,2,121.49,1.0,1
2024-06-17,PROD0026,WH-NORTH,241,262,182,12,40.09,0.9,1
2024-06-18,PROD0026,WH-SOUTH,551,257,74,2,75.19,2.1,1
2024-06-19,PROD0026,WH-SOUTH,232,262,185,8,192.8,0.9,1
2024-06-20,PROD0026,WH-SOUTH,395,176,45,5,120.55,2.2,1
2024-06-21,PROD0026,WH-NORTH,591,227,30,7,145.72,2.6,1
2024-06-22,PROD0026,WH-SOUTH,312,318,214,10,59.86,1.0,1
2024-06-23,PROD0026,WH-NORTH,357,239,120,5,40.59,1.5,1
2024-06-24,PROD0026,WH-NORTH,181,237,177,8,133.0,0.8,1
2024-06-25,PROD0026,WH-NORTH,675,260,35,3,100.78,2.6,1
2024-06-26,PROD0026,WH-SOUTH,328,191,82,3,127.06,1.7,1
2024-06-27,PROD0026,WH-SOUTH,170,231,175,12,185.38,0.7,1
2024-06-28,PROD0026,WH-NORTH,209,251,182,6,64.61,0.8,1
2024-01-01,PROD0027,WH-NORTH,451,251,101,6,127.74,1.8,1
2024-01-02,PROD0027,WH-NORTH,455,253,102,12,174.06,1.8,1
2024-01-03,PROD0027,WH-NORTH,710,238,2,7,132.99,3.0,1
2024-01-04,PROD0027,WH-SOUTH,778,160,0,6,32.23,4.9,0
2024-01-05,PROD0027,WH-NORTH,227,274,199,3,91.41,0.8,1
2024-01-06,PROD0027,WH-SOUTH,134,263,219,4,198.33,0.5,1
2024-01-07,PROD0027,WH-NORTH,396,138,6,9,43.59,2.9,1
2024-01-08,PROD0027,WH-EAST,485,255,94,2,9.92,1.9,1
2024-01-09,PROD0027,WH-NORTH,670,360,137,4,53.9,1.9,1
2024-01-10,PROD0027,WH-SOUTH,652,350,133,14,10.48,1.9,1
2024-01-11,PROD0027,WH-NORTH,754,272,21,7,135.61,2.8,1
2024-01-12,PROD0027,WH-NORTH,483,199,38,3,30.22,2.4,1
2024-01-13,PROD0027,WH-NORTH,456,323,171,3,99.39,1.4,1
2024-01-14,PROD0027,WH-EAST,446,243,95,4,20.17,1.8,1
2024-01-15,PROD0027,WH-EAST,591,88,0,13,177.87,6.7,0
2024-01-16,PROD0027,WH-EAST,600,318,118,3,44.51,1.9,1
2024-01-17,PROD0027,WH-EAST,441,253,106,8,107.37,1.7,1
2024-01-18,PROD0027,WH-EAST,681,240,13,11,130.46,2.8,1
2024-01-19,PROD0027,WH-NORTH,541,326,146,13,108.57,1.7,1
2024-01-20,PROD0027,WH-SOUTH,516,281,109,12,183.49,1.8,1
2024-01-21,PROD0027,WH-NORTH,353,207,90,14,46.15,1.7,1
2024-01-22,PROD0027,WH-EAST,468,315,159,4,142.35,1.5,1
2024-01-23,PROD0027,WH-EAST,676,215,0,7,151.14,3.1,0
2024-01-24,PROD0027,WH-SOUTH,419,216,77,6,182.37,1.9,1
2024-01-25,PROD0027,WH-NORTH,743,261,14,14,133.48,2.8,1
2024-01-26,PROD0027,WH-EAST,500,215,49,3,53.63,2.3,1
2024-01-27,PROD0027,WH-SOUTH,183,299,238,4,168.3,0.6,1
2024-01-28,PROD0027,WH-EAST,536,232,54,7,187.84,2.3,1
2024-01-29,PROD0027,WH-SOUTH,476,118,0,14,195.05,4.0,0
2024-01-30,PROD0027,WH-NORTH,151,210,160,5,33.89,0.7,1
2024-01-31,PROD0027,WH-NORTH,740,239,0,12,119.2,3.1,0
2024-02-01,PROD0027,WH-SOUTH,598,252,53,7,92.67,2.4,1
2024-02-02,PROD0027,WH-EAST,265,228,140,12,25.03,1.2,1
2024-02-03,PROD0027,WH-NORTH,775,300,42,6,96.62,2.6,1
2024-02-04,PROD0027,WH-EAST,682,172,0,3,62.04,4.0,0
2024-02-05,PROD0027,WH-SOUTH,415,238,100,13,71.95,1.7,1
2024-02-06,PROD0027,WH-SOUTH,308,384,282,12,28.88,0.8,1
2024-02-07,PROD0027,WH-NORTH,280,341,248,3,84.26,0.8,1
2024-02-08,PROD0027,WH-EAST,583,226,32,9,81.46,2.6,1
2024-02-09,PROD0027,WH-NORTH,672,238,14,8,81.24,2.8,1
2024-02-10,PROD0027,WH-SOUTH,762,267,13,7,129.02,2.9,1
2024-02-11,PROD0027,WH-SOUTH,224,342,268,4,19.93,0.7,1
2024-02-12,PROD0027,WH-NORTH,270,220,130,9,174.31,1.2,1
2024-02-13,PROD0027,WH-NORTH,676,240,15,12,29.48,2.8,1
2024-02-14,PROD0027,WH-SOUTH,755,316,65,7,44.09,2.4,1
2024-02-15,PROD0027,WH-SOUTH,653,303,86,14,61.67,2.2,1
2024-02-16,PROD0027,WH-NORTH,667,290,68,14,70.01,2.3,1
2024-02-17,PROD0027,WH-EAST,341,267,154,14,161.9,1.3,1
2024-02-18,PROD0027,WH-NORTH,562,250,63,2,157.33,2.2,1
2024-02-19,PROD0027,WH-EAST,388,322,193,11,12.27,1.2,1
2024-02-20,PROD0027,WH-EAST,539,198,19,14,120.35,2.7,1
2024-02-21,PROD0027,WH-EAST,181,227,167,9,9.3,0.8,1
2024-02-22,PROD0027,WH-SOUTH,680,319,93,10,149.51,2.1,1
2024-02-23,PROD0027,WH-NORTH,581,203,10,8,170.28,2.9,1
2024-02-24,PROD0027,WH-SOUTH,173,358,301,9,14.58,0.5,1
2024-02-25,PROD0027,WH-EAST,409,160,24,10,69.32,2.6,1
2024-02-26,PROD0027,WH-NORTH,605,209,8,5,193.24,2.9,1
2024-02-27,PROD0027,WH-SOUTH,224,357,283,11,63.29,0.6,1
2024-02-28,PROD0027,WH-SOUTH,169,256,200,6,187.05,0.7,1
2024-02-29,PROD0027,WH-EAST,141,303,256,10,71.29,0.5,1
2024-03-01,PROD0027,WH-NORTH,198,284,218,3,79.2,0.7,1
2024-03-02,PROD0027,WH-NORTH,769,281,25,6,104.71,2.7,1
2024-03-03,PROD0027,WH-NORTH,166,161,106,13,54.21,1.0,1
2024-03-04,PROD0027,WH-NORTH,424,342,201,13,190.66,1.2,1
2024-03-05,PROD0027,WH-NORTH,501,196,29,5,23.3,2.6,1
2024-03-06,PROD0027,WH-EAST,605,266,65,8,114.24,2.3,1
2024-03-07,PROD0027,WH-SOUTH,528,225,49,11,125.63,2.3,1
2024-03-08,PROD0027,WH-EAST,658,128,0,7,95.48,5.1,0
2024-03-09,PROD0027,WH-SOUTH,159,292,239,7,17.82,0.5,1
2024-03-10,PROD0027,WH-NORTH,704,311,77,5,106.24,2.3,1
2024-03-11,PROD0027,WH-EAST,419,326,187,12,191.4,1.3,1
2024-03-12,PROD0027,WH-SOUTH,716,322,84,2,58.62,2.2,1
2024-03-13,PROD0027,WH-NORTH,502,277,110,13,183.15,1.8,1
2024-03-14,PROD0027,WH-EAST,234,301,223,14,199.37,0.8,1
2024-03-15,PROD0027,WH-NORTH,362,312,192,3,172.17,1.2,1
2024-03-16,PROD0027,WH-SOUTH,363,249,128,4,90.68,1.5,1
2024-03-17,PROD0027,WH-SOUTH,218,195,123,8,95.29,1.1,1
2024-03-18,PROD0027,WH-EAST,550,365,182,9,46.71,1.5,1
2024-03-19,PROD0027,WH-EAST,140,240,194,5,97.17,0.6,1
2024-03-20,PROD0027,WH-EAST,666,254,32,14,142.14,2.6,1
2024-03-21,PROD0027,WH-EAST,262,408,321,4,114.92,0.6,1
2024-03-22,PROD0027,WH-EAST,730,158,0,13,86.85,4.6,0
2024-03-23,PROD0027,WH-SOUTH,226,249,174,13,125.92,0.9,1
2024-03-24,PROD0027,WH-NORTH,175,319,261,9,140.29,0.5,1
2024-03-25,PROD0027,WH-NORTH,469,294,138,6,152.25,1.6,1
2024-03-26,PROD0027,WH-EAST,580,257,64,10,143.53,2.3,1
2024-03-27,PROD0027,WH-EAST,772,260,3,14,100.2,3.0,1
2024-03-28,PROD0027,WH-NORTH,416,273,135,7,135.17,1.5,1
2024-03-29,PROD0027,WH-NORTH,710,136,0,6,60.31,5.2,0
2024-03-30,PROD0027,WH-NORTH,212,360,290,3,9.22,0.6,1
2024-03-31,PROD0027,WH-EAST,269,321,232,6,164.29,0.8,1
2024-04-01,PROD0027,WH-EAST,604,292,91,13,56.39,2.1,1
2024-04-02,PROD0027,WH-EAST,452,267,117,5,26.03,1.7,1
2024-04-03,PROD0027,WH-SOUTH,743,326,79,5,10.72,2.3,1
2024-04-04,PROD0027,WH-EAST,427,182,40,14,112.39,2.3,1
2024-04-05,PROD0027,WH-SOUTH,344,263,149,2,159.02,1.3,1
2024-04-06,PROD0027,WH-SOUTH,643,274,60,12,74.84,2.3,1
2024-04-07,PROD0027,WH-EAST,591,309,112,3,121.01,1.9,1
2024-04-08,PROD0027,WH-EAST,450,217,67,13,158.97,2.1,1
2024-04-09,PROD0027,WH-NORTH,485,211,50,4,159.23,2.3,1
2024-04-10,PROD0027,WH-NORTH,389,288,159,7,6.62,1.4,1
2024-04-11,PROD0027,WH-EAST,190,149,86,13,157.47,1.3,1
2024-04-12,PROD0027,WH-EAST,320,332,226,10,180.08,1.0,1
2024-04-13,PROD0027,WH-NORTH,770,254,0,4,57.63,3.0,0
2024-04-14,PROD0027,WH-EAST,146,276,228,2,163.04,0.5,1
2024-04-15,PROD0027,WH-EAST,587,300,105,3,24.74,2.0,1
2024-04-16,PROD0027,WH-NORTH,396,321,189,13,24.74,1.2,1
2024-04-17,PROD0027,WH-NORTH,526,177,2,8,148.09,3.0,1
2024-04-18,PROD0027,WH-SOUTH,190,211,148,4,147.57,0.9,1
2024-04-19,PROD0027,WH-NORTH,175,288,230,11,30.5,0.6,1
2024-04-20,PROD0027,WH-SOUTH,296,302,204,13,181.11,1.0,1
2024-04-21,PROD0027,WH-EAST,648,237,21,8,60.65,2.7,1
2024-04-22,PROD0027,WH-EAST,747,333,84,3,143.06,2.2,1
2024-04-23,PROD0027,WH-NORTH,644,171,0,14,100.96,3.8,0
2024-04-24,PROD0027,WH-EAST,265,264,176,11,100.71,1.0,1
2024-04-25,PROD0027,WH-NORTH,303,245,144,9,59.92,1.2,1
2024-04-26,PROD0027,WH-NORTH,317,266,161,11,126.8,1.2,1
2024-04-27,PROD0027,WH-EAST,259,220,134,3,54.58,1.2,1
2024-04-28,PROD0027,WH-NORTH,748,191,0,9,132.94,3.9,0
2024-04-29,PROD0027,WH-SOUTH,757,275,23,11,30.72,2.8,1
2024-04-30,PROD0027,WH-NORTH,515,157,0,10,163.42,3.3,0
2024-05-01,PROD0027,WH-NORTH,430,285,142,13,56.67,1.5,1
2024-05-02,PROD0027,WH-EAST,323,224,117,6,134.77,1.4,1
2024-05-03,PROD0027,WH-NORTH,213,235,164,8,146.24,0.9,1
2024-05-04,PROD0027,WH-SOUTH,319,248,142,10,181.61,1.3,1
2024-05-05,PROD0027,WH-NORTH,235,246,168,12,59.76,1.0,1
2024-05-06,PROD0027,WH-EAST,671,212,0,7,88.64,3.2,0
2024-05-07,PROD0027,WH-EAST,522,216,42,2,168.94,2.4,1
2024-05-08,PROD0027,WH-SOUTH,220,288,215,5,52.0,0.8,1
2024-05-09,PROD0027,WH-SOUTH,543,315,134,11,58.27,1.7,1
2024-05-10,PROD0027,WH-SOUTH,433,235,91,7,86.62,1.8,1
2024-05-11,PROD0027,WH-SOUTH,375,220,95,11,144.31,1.7,1
2024-05-12,PROD0027,WH-NORTH,272,297,207,8,183.79,0.9,1
2024-05-13,PROD0027,WH-NORTH,750,268,18,4,63.84,2.8,1
2024-05-14,PROD0027,WH-EAST,222,169,95,6,149.87,1.3,1
2024-05-15,PROD0027,WH-SOUTH,571,268,78,13,128.76,2.1,1
2024-05-16,PROD0027,WH-NORTH,207,286,217,2,60.39,0.7,1
2024-05-17,PROD0027,WH-SOUTH,533,214,37,10,24.55,2.5,1
2024-05-18,PROD0027,WH-SOUTH,531,256,79,7,19.73,2.1,1
2024-05-19,PROD0027,WH-EAST,339,241,128,5,98.85,1.4,1
2024-05-20,PROD0027,WH-EAST,359,326,207,14,11.47,1.1,1
2024-05-21,PROD0027,WH-NORTH,270,191,101,10,14.64,1.4,1
2024-05-22,PROD0027,WH-EAST,362,403,283,7,16.49,0.9,1
2024-05-23,PROD0027,WH-SOUTH,340,292,179,3,45.85,1.2,1
2024-05-24,PROD0027,WH-NORTH,409,245,109,13,141.2,1.7,1
2024-05-25,PROD0027,WH-NORTH,603,284,83,12,137.14,2.1,1
2024-05-26,PROD0027,WH-NORTH,346,239,124,14,24.43,1.4,1
2024-05-27,PROD0027,WH-EAST,192,281,217,7,117.06,0.7,1
2024-05-28,PROD0027,WH-EAST,679,182,0,14,38.71,3.7,0
2024-05-29,PROD0027,WH-SOUTH,415,251,113,7,182.31,1.7,1
2024-05-30,PROD0027,WH-NORTH,270,330,240,10,21.82,0.8,1
2024-05-31,PROD0027,WH-EAST,263,205,118,5,34.47,1.3,1
2024-06-01,PROD0027,WH-SOUTH,360,189,69,3,175.9,1.9,1
2024-06-02,PROD0027,WH-EAST,590,249,53,4,165.53,2.4,1
2024-06-03,PROD0027,WH-SOUTH,555,356,171,10,28.53,1.6,1
2024-06-04,PROD0027,WH-SOUTH,688,355,126,10,102.24,1.9,1
2024-06-05,PROD0027,WH-SOUTH,245,300,219,5,98.25,0.8,1
2024-06-06,PROD0027,WH-SOUTH,484,283,122,7,13.11,1.7,1
2024-06-07,PROD0027,WH-EAST,262,304,217,11,82.47,0.9,1
2024-06-08,PROD0027,WH-NORTH,561,238,51,14,173.06,2.4,1
2024-06-09,PROD0027,WH-NORTH,635,265,54,6,43.59,2.4,1
2024-06-10,PROD0027,WH-EAST,583,246,52,3,192.2,2.4,1
2024-06-11,PROD0027,WH-NORTH,729,210,0,3,70.25,3.5,0
2024-06-12,PROD0027,WH-NORTH,297,151,52,3,168.72,2.0,1
2024-06-13,PROD0027,WH-EAST,319,189,83,4,6.82,1.7,1
2024-06-14,PROD0027,WH-SOUTH,517,247,75,7,47.87,2.1,1
2024-06-15,PROD0027,WH-NORTH,260,195,109,9,62.76,1.3,1
2024-06-16,PROD0027,WH-NORTH,575,287,96,13,52.69,2.0,1
2024-06-17,PROD0027,WH-NORTH,408,282,146,9,73.28,1.4,1
2024-06-18,PROD0027,WH-SOUTH,421,182,42,10,32.68,2.3,1
2024-06-19,PROD0027,WH-EAST,753,259,8,5,103.72,2.9,1
2024-06-20,PROD0027,WH-NORTH,719,131,0,4,43.75,5.5,0
2024-06-21,PROD0027,WH-EAST,779,210,0,9,123.91,3.7,0
2024-06-22,PROD0027,WH-EAST,657,264,45,11,17.06,2.5,1
2024-06-23,PROD0027,WH-EAST,692,257,27,12,108.12,2.7,1
2024-06-24,PROD0027,WH-NORTH,381,190,63,3,182.99,2.0,1
2024-06-25,PROD0027,WH-SOUTH,268,320,231,13,39.81,0.8,1
2024-06-26,PROD0027,WH-SOUTH,484,221,60,9,9.51,2.2,1
2024-06-27,PROD0027,WH-SOUTH,564,255,67,5,170.3,2.2,1
2024-06-28,PROD0027,WH-NORTH,612,198,0,11,55.62,3.1,0
2024-01-01,PROD0028,WH-EAST,821,357,84,14,34.07,2.3,1
2024-01-02,PROD0028,WH-SOUTH,221,309,236,7,149.92,0.7,1
2024-01-03,PROD0028,WH-SOUTH,664,165,0,2,39.25,4.0,0
2024-01-04,PROD0028,WH-SOUTH,457,252,100,6,110.88,1.8,1
2024-01-05,PROD0028,WH-EAST,280,239,146,4,125.49,1.2,1
2024-01-06,PROD0028,WH-NORTH,737,249,4,5,178.62,3.0,1
2024-01-07,PROD0028,WH-EAST,674,259,35,6,46.98,2.6,1
2024-01-08,PROD0028,WH-EAST,292,214,117,8,10.17,1.4,1
2024-01-09,PROD0028,WH-NORTH,623,236,29,10,142.18,2.6,1
2024-01-10,PROD0028,WH-EAST,233,280,203,13,102.95,0.8,1
2024-01-11,PROD0028,WH-SOUTH,593,303,106,14,75.18,2.0,1
2024-01-12,PROD0028,WH-NORTH,148,258,209,12,128.97,0.6,1
2024-01-13,PROD0028,WH-SOUTH,778,191,0,7,118.59,4.1,0
2024-01-14,PROD0028,WH-NORTH,745,174,0,12,39.43,4.3,0
2024-01-15,PROD0028,WH-SOUTH,582,293,99,10,167.67,2.0,1
2024-01-16,PROD0028,WH-SOUTH,225,325,250,11,20.73,0.7,1
2024-01-17,PROD0028,WH-EAST,577,238,46,6,26.58,2.4,1
2024-01-18,PROD0028,WH-NORTH,353,267,150,11,23.81,1.3,1
2024-01-19,PROD0028,WH-SOUTH,514,221,50,2,148.11,2.3,1
2024-01-20,PROD0028,WH-NORTH,0,308,308,5,22.17,0.0,1
2024-01-21,PROD0028,WH-SOUTH,548,305,123,12,32.92,1.8,1
2024-01-22,PROD0028,WH-EAST,611,207,4,6,183.45,3.0,1
2024-01-23,PROD0028,WH-NORTH,256,271,186,12,162.29,0.9,1
2024-01-24,PROD0028,WH-NORTH,364,301,180,10,174.07,1.2,1
2024-01-25,PROD0028,WH-NORTH,559,241,55,3,129.02,2.3,1
2024-01-26,PROD0028,WH-SOUTH,350,248,132,14,91.5,1.4,1
2024-01-27,PROD0028,WH-EAST,397,220,88,13,49.69,1.8,1
2024-01-28,PROD0028,WH-NORTH,289,217,121,6,94.45,1.3,1
2024-01-29,PROD0028,WH-SOUTH,629,367,158,14,29.01,1.7,1
2024-01-30,PROD0028,WH-NORTH,399,257,124,13,191.51,1.6,1
2024-01-31,PROD0028,WH-SOUTH,143,228,181,10,28.37,0.6,1
2024-02-01,PROD0028,WH-EAST,565,282,94,12,69.55,2.0,1
2024-02-02,PROD0028,WH-EAST,569,371,182,8,128.63,1.5,1
2024-02-03,PROD0028,WH-EAST,321,261,154,11,95.85,1.2,1
2024-02-04,PROD0028,WH-EAST,299,225,126,3,159.07,1.3,1
2024-02-05,PROD0028,WH-SOUTH,493,202,38,14,186.53,2.4,1
2024-02-06,PROD0028,WH-NORTH,246,242,160,11,90.58,1.0,1
2024-02-07,PROD0028,WH-SOUTH,575,285,94,7,114.26,2.0,1
2024-02-08,PROD0028,WH-SOUTH,359,242,123,4,35.76,1.5,1
2024-02-09,PROD0028,WH-SOUTH,815,321,50,4,168.82,2.5,1
2024-02-10,PROD0028,WH-NORTH,739,287,41,11,103.27,2.6,1
2024-02-11,PROD0028,WH-EAST,416,245,107,7,136.85,1.7,1
2024-02-12,PROD0028,WH-EAST,614,199,0,8,150.54,3.1,0
2024-02-13,PROD0028,WH-EAST,572,287,97,13,74.0,2.0,1
2024-02-14,PROD0028,WH-SOUTH,824,291,17,14,88.88,2.8,1
2024-02-15,PROD0028,WH-SOUTH,588,354,158,4,18.76,1.7,1
2024-02-16,PROD0028,WH-SOUTH,379,362,236,6,160.2,1.0,1
2024-02-17,PROD0028,WH-NORTH,334,274,163,12,8.18,1.2,1
2024-02-18,PROD0028,WH-EAST,425,239,98,8,135.23,1.8,1
2024-02-19,PROD0028,WH-EAST,492,328,164,9,70.05,1.5,1
2024-02-20,PROD0028,WH-NORTH,486,295,133,7,49.14,1.6,1
2024-02-21,PROD0028,WH-SOUTH,520,283,110,4,41.35,1.8,1
2024-02-22,PROD0028,WH-EAST,494,209,45,3,91.99,2.4,1
2024-02-23,PROD0028,WH-SOUTH,178,164,105,3,5.01,1.1,1
2024-02-24,PROD0028,WH-EAST,397,304,172,4,161.83,1.3,1
2024-02-25,PROD0028,WH-EAST,396,175,43,11,57.5,2.3,1
2024-02-26,PROD0028,WH-SOUTH,657,309,90,7,7.94,2.1,1
2024-02-27,PROD0028,WH-EAST,468,287,131,6,14.82,1.6,1
2024-02-28,PROD0028,WH-NORTH,806,274,6,12,38.86,2.9,1
2024-02-29,PROD0028,WH-SOUTH,808,234,0,7,127.06,3.5,0
2024-03-01,PROD0028,WH-EAST,264,366,278,2,159.26,0.7,1
2024-03-02,PROD0028,WH-NORTH,609,344,141,7,112.73,1.8,1
2024-03-03,PROD0028,WH-EAST,217,254,182,12,179.39,0.9,1
2024-03-04,PROD0028,WH-EAST,190,247,184,7,128.93,0.8,1
2024-03-05,PROD0028,WH-NORTH,719,256,17,4,177.57,2.8,1
2024-03-06,PROD0028,WH-EAST,365,314,193,11,87.41,1.2,1
2024-03-07,PROD0028,WH-NORTH,614,272,68,13,172.52,2.3,1
2024-03-08,PROD0028,WH-NORTH,404,140,6,12,175.48,2.9,1
2024-03-09,PROD0028,WH-NORTH,744,287,39,8,15.33,2.6,1
2024-03-10,PROD0028,WH-SOUTH,631,214,4,3,22.18,2.9,1
2024-03-11,PROD0028,WH-SOUTH,297,371,272,2,166.4,0.8,1
2024-03-12,PROD0028,WH-EAST,640,274,61,2,58.32,2.3,1
2024-03-13,PROD0028,WH-NORTH,770,195,0,7,48.9,3.9,0
2024-03-14,PROD0028,WH-SOUTH,736,189,0,12,74.87,3.9,0
2024-03-15,PROD0028,WH-NORTH,245,302,221,3,53.39,0.8,1
2024-03-16,PROD0028,WH-NORTH,520,273,100,8,147.74,1.9,1
2024-03-17,PROD0028,WH-SOUTH,530,323,147,7,110.21,1.6,1
2024-03-18,PROD0028,WH-NORTH,259,302,216,13,131.75,0.9,1
2024-03-19,PROD0028,WH-EAST,565,408,220,7,84.54,1.4,1
2024-03-20,PROD0028,WH-SOUTH,766,264,9,14,84.1,2.9,1
2024-03-21,PROD0028,WH-NORTH,574,221,30,11,171.15,2.6,1
2024-03-22,PROD0028,WH-SOUTH,478,332,173,7,115.21,1.4,1
2024-03-23,PROD0028,WH-EAST,263,223,136,13,54.31,1.2,1
2024-03-24,PROD0028,WH-SOUTH,587,272,77,11,47.44,2.2,1
2024-03-25,PROD0028,WH-SOUTH,459,376,223,7,93.64,1.2,1
2024-03-26,PROD0028,WH-EAST,551,298,115,14,37.88,1.8,1
2024-03-27,PROD0028,WH-SOUTH,658,239,20,3,176.3,2.8,1
2024-03-28,PROD0028,WH-NORTH,709,294,58,12,199.78,2.4,1
2024-03-29,PROD0028,WH-NORTH,782,197,0,3,199.71,4.0,0
2024-03-30,PROD0028,WH-NORTH,716,216,0,10,19.18,3.3,0
2024-03-31,PROD0028,WH-EAST,761,274,21,10,23.97,2.8,1
2024-04-01,PROD0028,WH-NORTH,504,253,85,6,94.51,2.0,1
2024-04-02,PROD0028,WH-SOUTH,490,245,82,13,158.54,2.0,1
2024-04-03,PROD0028,WH-EAST,297,273,174,4,73.08,1.1,1
2024-04-04,PROD0028,WH-EAST,463,386,232,3,114.75,1.2,1
2024-04-05,PROD0028,WH-SOUTH,0,281,281,7,146.66,0.0,1
2024-04-06,PROD0028,WH-SOUTH,608,255,53,14,107.44,2.4,1
2024-04-07,PROD0028,WH-SOUTH,374,296,172,4,137.68,1.3,1
2024-04-08,PROD0028,WH-NORTH,738,268,22,10,199.97,2.8,1
2024-04-09,PROD0028,WH-SOUTH,812,212,0,6,150.23,3.8,0
2024-04-10,PROD0028,WH-SOUTH,212,259,189,4,36.22,0.8,1
2024-04-11,PROD0028,WH-EAST,797,227,0,12,42.03,3.5,0
2024-04-12,PROD0028,WH-NORTH,720,274,34,7,61.03,2.6,1
2024-04-13,PROD0028,WH-NORTH,637,194,0,9,86.16,3.3,0
2024-04-14,PROD0028,WH-NORTH,778,245,0,11,136.68,3.2,0
2024-04-15,PROD0028,WH-NORTH,448,264,115,3,23.99,1.7,1
2024-04-16,PROD0028,WH-SOUTH,687,267,38,13,163.08,2.6,1
2024-04-17,PROD0028,WH-NORTH,358,309,190,5,69.39,1.2,1
2024-04-18,PROD0028,WH-SOUTH,515,121,0,12,18.26,4.3,0
2024-04-19,PROD0028,WH-SOUTH,598,264,65,9,31.2,2.3,1
2024-04-20,PROD0028,WH-EAST,545,319,138,10,194.7,1.7,1
2024-04-21,PROD0028,WH-EAST,238,392,313,14,14.16,0.6,1
2024-04-22,PROD0028,WH-EAST,400,365,232,2,68.21,1.1,1
2024-04-23,PROD0028,WH-EAST,390,349,219,12,138.94,1.1,1
2024-04-24,PROD0028,WH-SOUTH,459,267,114,4,76.87,1.7,1
2024-04-25,PROD0028,WH-SOUTH,419,233,94,9,144.48,1.8,1
2024-04-26,PROD0028,WH-SOUTH,229,163,87,11,81.51,1.4,1
2024-04-27,PROD0028,WH-EAST,0,377,377,12,96.56,0.0,1
2024-04-28,PROD0028,WH-NORTH,798,296,30,5,112.22,2.7,1
2024-04-29,PROD0028,WH-EAST,246,259,177,8,40.08,0.9,1
2024-04-30,PROD0028,WH-EAST,404,298,164,12,154.82,1.4,1
2024-05-01,PROD0028,WH-NORTH,255,293,208,12,162.56,0.9,1
2024-05-02,PROD0028,WH-EAST,256,313,228,12,61.79,0.8,1
2024-05-03,PROD0028,WH-EAST,591,273,76,8,199.49,2.2,1
2024-05-04,PROD0028,WH-EAST,503,279,112,11,123.65,1.8,1
2024-05-05,PROD0028,WH-EAST,187,388,326,5,41.78,0.5,1
2024-05-06,PROD0028,WH-NORTH,160,163,110,3,98.28,1.0,1
2024-05-07,PROD0028,WH-SOUTH,801,259,0,8,54.09,3.1,0
2024-05-08,PROD0028,WH-SOUTH,0,310,310,8,37.83,0.0,1
2024-05-09,PROD0028,WH-EAST,612,371,167,6,199.4,1.6,1
2024-05-10,PROD0028,WH-NORTH,205,291,223,8,146.33,0.7,1
2024-05-11,PROD0028,WH-NORTH,670,257,34,9,15.72,2.6,1
2024-05-12,PROD0028,WH-EAST,181,186,126,2,55.17,1.0,1
2024-05-13,PROD0028,WH-EAST,691,307,77,2,88.01,2.3,1
2024-05-14,PROD0028,WH-SOUTH,743,225,0,12,152.64,3.3,0
2024-05-15,PROD0028,WH-NORTH,669,380,157,14,30.69,1.8,1
2024-05-16,PROD0028,WH-EAST,525,294,119,9,15.17,1.8,1
2024-05-17,PROD0028,WH-NORTH,442,324,177,2,98.09,1.4,1
2024-05-18,PROD0028,WH-EAST,301,232,132,13,91.71,1.3,1
2024-05-19,PROD0028,WH-SOUTH,716,246,8,9,49.01,2.9,1
2024-05-20,PROD0028,WH-EAST,567,284,95,13,192.31,2.0,1
2024-05-21,PROD0028,WH-NORTH,648,258,42,10,77.46,2.5,1
2024-05-22,PROD0028,WH-EAST,523,284,110,3,143.82,1.8,1
2024-05-23,PROD0028,WH-EAST,440,257,111,4,192.03,1.7,1
2024-05-24,PROD0028,WH-EAST,237,229,150,7,32.64,1.0,1
2024-05-25,PROD0028,WH-EAST,428,300,158,8,103.5,1.4,1
2024-05-26,PROD0028,WH-SOUTH,732,292,48,4,177.0,2.5,1
2024-05-27,PROD0028,WH-SOUTH,315,372,267,6,95.21,0.8,1
2024-05-28,PROD0028,WH-SOUTH,309,275,172,10,22.86,1.1,1
2024-05-29,PROD0028,WH-NORTH,314,228,124,2,169.41,1.4,1
2024-05-30,PROD0028,WH-NORTH,348,248,132,8,176.32,1.4,1
2024-05-31,PROD0028,WH-SOUTH,409,355,219,5,190.77,1.2,1
2024-06-01,PROD0028,WH-EAST,584,266,72,5,6.49,2.2,1
2024-06-02,PROD0028,WH-SOUTH,786,148,0,4,184.05,5.3,0
2024-06-03,PROD0028,WH-SOUTH,140,229,183,3,10.41,0.6,1
2024-06-04,PROD0028,WH-NORTH,613,331,127,11,72.77,1.9,1
2024-06-05,PROD0028,WH-SOUTH,489,300,137,3,108.19,1.6,1
2024-06-06,PROD0028,WH-NORTH,620,286,80,8,198.22,2.2,1
2024-06-07,PROD0028,WH-NORTH,674,307,83,12,19.99,2.2,1
2024-06-08,PROD0028,WH-NORTH,389,333,204,9,63.66,1.2,1
2024-06-09,PROD0028,WH-NORTH,632,304,94,4,71.18,2.1,1
2024-06-10,PROD0028,WH-NORTH,595,256,58,10,192.97,2.3,1
2024-06-11,PROD0028,WH-NORTH,607,368,166,7,163.83,1.6,1
2024-06-12,PROD0028,WH-EAST,688,294,65,5,159.13,2.3,1
2024-06-13,PROD0028,WH-NORTH,285,304,209,2,138.16,0.9,1
2024-06-14,PROD0028,WH-EAST,249,316,233,11,91.56,0.8,1
2024-06-15,PROD0028,WH-SOUTH,680,286,60,5,96.27,2.4,1
2024-06-16,PROD0028,WH-EAST,796,329,64,6,130.47,2.4,1
2024-06-17,PROD0028,WH-SOUTH,153,266,215,7,31.89,0.6,1
2024-06-18,PROD0028,WH-EAST,372,132,8,2,42.64,2.8,1
2024-06-19,PROD0028,WH-EAST,405,296,161,3,42.7,1.4,1
2024-06-20,PROD0028,WH-SOUTH,549,278,95,13,67.27,2.0,1
2024-06-21,PROD0028,WH-SOUTH,246,288,206,7,61.62,0.9,1
2024-06-22,PROD0028,WH-SOUTH,698,334,102,3,55.55,2.1,1
2024-06-23,PROD0028,WH-EAST,756,212,0,5,33.84,3.6,0
2024-06-24,PROD0028,WH-NORTH,437,326,181,13,42.01,1.3,1
2024-06-25,PROD0028,WH-SOUTH,0,230,230,3,162.39,0.0,1
2024-06-26,PROD0028,WH-EAST,192,249,185,5,101.07,0.8,1
2024-06-27,PROD0028,WH-SOUTH,790,248,0,9,144.81,3.2,0
2024-06-28,PROD0028,WH-NORTH,652,228,11,13,174.43,2.9,1
2024-01-01,PROD0029,WH-NORTH,875,351,60,3,163.65,2.5,1
2024-01-02,PROD0029,WH-NORTH,242,510,430,12,147.52,0.5,1
2024-01-03,PROD0029,WH-NORTH,744,467,219,5,45.29,1.6,1
2024-01-04,PROD0029,WH-EAST,408,294,158,3,127.9,1.4,1
2024-01-05,PROD0029,WH-SOUTH,849,328,45,2,36.54,2.6,1
2024-01-06,PROD0029,WH-SOUTH,747,519,270,12,184.38,1.4,1
2024-01-07,PROD0029,WH-EAST,981,299,0,3,56.86,3.3,0
2024-01-08,PROD0029,WH-EAST,1259,442,23,8,39.95,2.8,1
2024-01-09,PROD0029,WH-SOUTH,781,491,231,10,144.98,1.6,1
2024-01-10,PROD0029,WH-SOUTH,762,654,400,12,190.49,1.2,1
2024-01-11,PROD0029,WH-SOUTH,834,433,155,8,113.51,1.9,1
2024-01-12,PROD0029,WH-NORTH,509,373,204,5,132.94,1.4,1
2024-01-13,PROD0029,WH-EAST,1194,398,0,13,79.41,3.0,0
2024-01-14,PROD0029,WH-NORTH,974,400,76,12,155.64,2.4,1
2024-01-15,PROD0029,WH-NORTH,241,419,339,14,99.49,0.6,1
2024-01-16,PROD0029,WH-EAST,1048,252,0,6,113.11,4.2,0
2024-01-17,PROD0029,WH-SOUTH,791,594,331,8,110.47,1.3,1
2024-01-18,PROD0029,WH-EAST,428,265,123,12,123.33,1.6,1
2024-01-19,PROD0029,WH-SOUTH,323,370,263,7,154.1,0.9,1
2024-01-20,PROD0029,WH-NORTH,968,331,9,14,53.06,2.9,1
2024-01-21,PROD0029,WH-SOUTH,495,510,345,6,68.25,1.0,1
2024-01-22,PROD0029,WH-NORTH,1140,325,0,8,42.06,3.5,0
2024-01-23,PROD0029,WH-NORTH,484,472,311,10,135.56,1.0,1
2024-01-24,PROD0029,WH-SOUTH,1242,506,92,8,162.01,2.5,1
2024-01-25,PROD0029,WH-EAST,1212,462,58,8,80.85,2.6,1
2024-01-26,PROD0029,WH-EAST,826,354,79,14,185.55,2.3,1
2024-01-27,PROD0029,WH-SOUTH,579,412,219,2,79.91,1.4,1
2024-01-28,PROD0029,WH-NORTH,1198,560,161,12,71.18,2.1,1
2024-01-29,PROD0029,WH-NORTH,1093,517,153,8,184.73,2.1,1
2024-01-30,PROD0029,WH-EAST,393,257,126,14,161.52,1.5,1
2024-01-31,PROD0029,WH-SOUTH,591,399,202,6,46.82,1.5,1
2024-02-01,PROD0029,WH-SOUTH,772,557,300,10,133.26,1.4,1
2024-02-02,PROD0029,WH-NORTH,961,436,116,10,26.32,2.2,1
2024-02-03,PROD0029,WH-NORTH,543,401,220,8,132.02,1.4,1
2024-02-04,PROD0029,WH-EAST,1048,509,160,2,128.89,2.1,1
2024-02-05,PROD0029,WH-NORTH,711,515,278,12,158.34,1.4,1
2024-02-06,PROD0029,WH-EAST,442,362,215,13,172.8,1.2,1
2024-02-07,PROD0029,WH-SOUTH,656,513,295,5,43.06,1.3,1
2024-02-08,PROD0029,WH-EAST,1192,441,44,9,15.47,2.7,1
2024-02-09,PROD0029,WH-NORTH,326,342,234,5,42.96,1.0,1
2024-02-10,PROD0029,WH-NORTH,1235,547,136,13,22.4,2.3,1
2024-02-11,PROD0029,WH-SOUTH,1236,435,23,11,188.62,2.8,1
2024-02-12,PROD0029,WH-EAST,942,286,0,7,50.71,3.3,0
2024-02-13,PROD0029,WH-EAST,622,414,207,2,28.86,1.5,1
2024-02-14,PROD0029,WH-NORTH,994,563,232,8,45.48,1.8,1
2024-02-15,PROD0029,WH-EAST,258,512,426,13,127.26,0.5,1
2024-02-16,PROD0029,WH-EAST,564,586,398,10,59.86,1.0,1
2024-02-17,PROD0029,WH-EAST,1093,434,70,13,22.1,2.5,1
2024-02-18,PROD0029,WH-EAST,756,437,185,4,96.63,1.7,1
2024-02-19,PROD0029,WH-EAST,259,309,223,3,60.15,0.8,1
2024-02-20,PROD0029,WH-EAST,671,503,280,6,26.07,1.3,1
2024-02-21,PROD0029,WH-NORTH,935,553,242,12,74.39,1.7,1
2024-02-22,PROD0029,WH-NORTH,1159,338,0,14,42.74,3.4,0
2024-02-23,PROD0029,WH-NORTH,388,472,343,9,85.92,0.8,1
2024-02-24,PROD0029,WH-EAST,440,463,317,6,89.27,1.0,1
2024-02-25,PROD0029,WH-EAST,770,326,70,8,129.17,2.4,1
2024-02-26,PROD0029,WH-SOUTH,1009,520,184,9,193.22,1.9,1
2024-02-27,PROD0029,WH-EAST,695,457,226,14,92.19,1.5,1
2024-02-28,PROD0029,WH-EAST,682,362,135,9,121.12,1.9,1
2024-02-29,PROD0029,WH-NORTH,895,471,173,9,19.45,1.9,1
2024-03-01,PROD0029,WH-EAST,471,585,428,3,138.32,0.8,1
2024-03-02,PROD0029,WH-NORTH,495,408,243,5,90.59,1.2,1
2024-03-03,PROD0029,WH-SOUTH,830,346,70,12,141.78,2.4,1
2024-03-04,PROD0029,WH-EAST,474,546,388,10,181.2,0.9,1
2024-03-05,PROD0029,WH-NORTH,298,437,338,4,52.49,0.7,1
2024-03-06,PROD0029,WH-NORTH,1229,260,0,10,94.24,4.7,0
2024-03-07,PROD0029,WH-SOUTH,547,353,171,13,198.75,1.5,1
2024-03-08,PROD0029,WH-NORTH,508,384,215,14,138.59,1.3,1
2024-03-09,PROD0029,WH-EAST,817,578,306,10,70.09,1.4,1
2024-03-10,PROD0029,WH-SOUTH,925,414,106,12,194.51,2.2,1
2024-03-11,PROD0029,WH-EAST,933,425,114,11,149.43,2.2,1
2024-03-12,PROD0029,WH-EAST,1196,316,0,2,174.26,3.8,0
2024-03-13,PROD0029,WH-EAST,951,425,108,10,121.47,2.2,1
2024-03-14,PROD0029,WH-EAST,985,396,68,12,40.67,2.5,1
2024-03-15,PROD0029,WH-EAST,227,314,239,11,104.75,0.7,1
2024-03-16,PROD0029,WH-NORTH,466,443,288,3,181.5,1.1,1
2024-03-17,PROD0029,WH-SOUTH,409,649,513,2,103.88,0.6,1
2024-03-18,PROD0029,WH-EAST,1042,462,115,8,55.85,2.3,1
2024-03-19,PROD0029,WH-SOUTH,626,528,320,7,85.18,1.2,1
2024-03-20,PROD0029,WH-EAST,1094,522,158,13,69.14,2.1,1
2024-03-21,PROD0029,WH-SOUTH,595,331,133,13,106.86,1.8,1
2024-03-22,PROD0029,WH-NORTH,737,298,53,14,166.84,2.5,1
2024-03-23,PROD0029,WH-SOUTH,604,405,204,6,40.29,1.5,1
2024-03-24,PROD0029,WH-SOUTH,810,523,253,14,199.14,1.5,1
2024-03-25,PROD0029,WH-NORTH,907,439,137,6,173.58,2.1,1
2024-03-26,PROD0029,WH-NORTH,922,461,154,14,28.94,2.0,1
2024-03-27,PROD0029,WH-NORTH,1168,365,0,12,58.15,3.2,0
2024-03-28,PROD0029,WH-EAST,522,479,305,14,116.49,1.1,1
2024-03-29,PROD0029,WH-SOUTH,849,509,226,5,108.14,1.7,1
2024-03-30,PROD0029,WH-NORTH,700,468,235,4,187.39,1.5,1
2024-03-31,PROD0029,WH-SOUTH,223,381,307,14,116.21,0.6,1
2024-04-01,PROD0029,WH-NORTH,0,233,233,4,57.47,0.0,1
2024-04-02,PROD0029,WH-EAST,896,368,70,13,21.39,2.4,1
2024-04-03,PROD0029,WH-NORTH,411,447,310,2,80.73,0.9,1
2024-04-04,PROD0029,WH-SOUTH,535,287,109,6,197.18,1.9,1
2024-04-05,PROD0029,WH-SOUTH,800,514,248,7,12.67,1.6,1
2024-04-06,PROD0029,WH-NORTH,870,546,256,2,139.32,1.6,1
2024-04-07,PROD0029,WH-SOUTH,345,415,300,12,158.33,0.8,1
2024-04-08,PROD0029,WH-EAST,834,376,98,8,169.48,2.2,1
2024-04-09,PROD0029,WH-SOUTH,901,502,202,3,117.86,1.8,1
2024-04-10,PROD0029,WH-SOUTH,0,421,421,6,195.51,0.0,1
2024-04-11,PROD0029,WH-NORTH,1145,392,11,4,61.06,2.9,1
2024-04-12,PROD0029,WH-NORTH,446,449,301,13,147.99,1.0,1
2024-04-13,PROD0029,WH-EAST,344,397,283,4,145.64,0.9,1
2024-04-14,PROD0029,WH-EAST,1003,445,111,11,129.32,2.3,1
2024-04-15,PROD0029,WH-EAST,541,508,328,3,60.21,1.1,1
2024-04-16,PROD0029,WH-NORTH,406,521,386,4,31.81,0.8,1
2024-04-17,PROD0029,WH-NORTH,1061,387,34,2,139.63,2.7,1
2024-04-18,PROD0029,WH-EAST,299,278,179,7,48.61,1.1,1
2024-04-19,PROD0029,WH-EAST,556,444,259,6,200.0,1.3,1
2024-04-20,PROD0029,WH-EAST,1042,449,102,10,22.32,2.3,1
2024-04-21,PROD0029,WH-NORTH,470,388,232,13,132.25,1.2,1
2024-04-22,PROD0029,WH-NORTH,892,538,241,11,172.36,1.7,1
2024-04-23,PROD0029,WH-SOUTH,776,308,50,5,9.2,2.5,1
2024-04-24,PROD0029,WH-EAST,322,443,336,14,25.0,0.7,1
2024-04-25,PROD0029,WH-SOUTH,430,333,190,13,91.94,1.3,1
2024-04-26,PROD0029,WH-NORTH,265,544,456,2,188.11,0.5,1
2024-04-27,PROD0029,WH-NORTH,1159,543,157,2,84.25,2.1,1
2024-04-28,PROD0029,WH-NORTH,909,391,88,12,126.99,2.3,1
2024-04-29,PROD0029,WH-SOUTH,408,341,205,5,89.51,1.2,1
2024-04-30,PROD0029,WH-EAST,597,336,137,11,194.78,1.8,1
2024-05-01,PROD0029,WH-NORTH,1248,386,0,2,149.94,3.2,0
2024-05-02,PROD0029,WH-SOUTH,881,392,99,13,147.44,2.2,1
2024-05-03,PROD0029,WH-NORTH,1012,393,56,4,95.46,2.6,1
2024-05-04,PROD0029,WH-SOUTH,1060,395,42,14,57.86,2.7,1
2024-05-05,PROD0029,WH-NORTH,576,481,289,7,160.58,1.2,1
2024-05-06,PROD0029,WH-SOUTH,471,428,271,14,127.87,1.1,1
2024-05-07,PROD0029,WH-EAST,0,396,396,8,173.99,0.0,1
2024-05-08,PROD0029,WH-SOUTH,746,428,180,3,117.0,1.7,1
2024-05-09,PROD0029,WH-NORTH,959,567,248,13,32.49,1.7,1
2024-05-10,PROD0029,WH-SOUTH,948,364,48,2,32.6,2.6,1
2024-05-11,PROD0029,WH-EAST,621,421,214,6,67.34,1.5,1
2024-05-12,PROD0029,WH-SOUTH,274,331,240,13,132.23,0.8,1
2024-05-13,PROD0029,WH-NORTH,486,496,334,8,7.56,1.0,1
2024-05-14,PROD0029,WH-EAST,560,550,364,10,41.24,1.0,1
2024-05-15,PROD0029,WH-SOUTH,1158,392,6,12,149.76,3.0,1
2024-05-16,PROD0029,WH-EAST,527,432,257,3,169.47,1.2,1
2024-05-17,PROD0029,WH-SOUTH,631,447,237,5,48.45,1.4,1
2024-05-18,PROD0029,WH-NORTH,1215,455,50,10,63.06,2.7,1
2024-05-19,PROD0029,WH-EAST,356,450,332,10,132.1,0.8,1
2024-05-20,PROD0029,WH-EAST,430,532,389,4,182.37,0.8,1
2024-05-21,PROD0029,WH-SOUTH,934,514,203,8,55.46,1.8,1
2024-05-22,PROD0029,WH-NORTH,0,385,385,6,54.81,0.0,1
2024-05-23,PROD0029,WH-SOUTH,670,338,115,3,118.87,2.0,1
2024-05-24,PROD0029,WH-NORTH,706,549,314,14,123.11,1.3,1
2024-05-25,PROD0029,WH-EAST,1250,408,0,12,129.11,3.1,0
2024-05-26,PROD0029,WH-EAST,527,439,264,11,147.74,1.2,1
2024-05-27,PROD0029,WH-SOUTH,228,459,383,7,57.72,0.5,1
2024-05-28,PROD0029,WH-EAST,844,285,4,5,19.11,3.0,1
2024-05-29,PROD0029,WH-EAST,943,496,182,6,181.22,1.9,1
2024-05-30,PROD0029,WH-EAST,1167,474,85,5,32.43,2.5,1
2024-05-31,PROD0029,WH-SOUTH,737,370,125,4,90.47,2.0,1
2024-06-01,PROD0029,WH-EAST,1222,363,0,8,149.58,3.4,0
2024-06-02,PROD0029,WH-SOUTH,1113,488,117,2,115.68,2.3,1
2024-06-03,PROD0029,WH-SOUTH,1043,422,75,10,132.19,2.5,1
2024-06-04,PROD0029,WH-EAST,1138,370,0,4,103.72,3.1,0
2024-06-05,PROD0029,WH-EAST,0,468,468,7,145.37,0.0,1
2024-06-06,PROD0029,WH-EAST,318,375,269,11,146.93,0.8,1
2024-06-07,PROD0029,WH-NORTH,507,401,232,3,89.64,1.3,1
2024-06-08,PROD0029,WH-NORTH,1155,484,99,12,88.07,2.4,1
2024-06-09,PROD0029,WH-EAST,444,370,222,6,164.99,1.2,1
2024-06-10,PROD0029,WH-NORTH,821,442,169,7,82.3,1.9,1
2024-06-11,PROD0029,WH-EAST,521,368,195,7,168.22,1.4,1
2024-06-12,PROD0029,WH-SOUTH,807,426,157,8,195.26,1.9,1
2024-06-13,PROD0029,WH-SOUTH,1167,287,0,11,191.22,4.1,0
2024-06-14,PROD0029,WH-SOUTH,970,481,158,14,33.99,2.0,1
2024-06-15,PROD0029,WH-SOUTH,1004,500,166,13,24.78,2.0,1
2024-06-16,PROD0029,WH-SOUTH,1144,301,0,8,139.06,3.8,0
2024-06-17,PROD0029,WH-SOUTH,1001,516,183,6,7.66,1.9,1
2024-06-18,PROD0029,WH-SOUTH,568,440,251,3,21.43,1.3,1
2024-06-19,PROD0029,WH-SOUTH,655,501,283,11,81.08,1.3,1
2024-06-20,PROD0029,WH-EAST,403,447,313,8,186.19,0.9,1
2024-06-21,PROD0029,WH-SOUTH,448,594,445,11,183.91,0.8,1
2024-06-22,PROD0029,WH-EAST,573,347,156,5,199.85,1.7,1
2024-06-23,PROD0029,WH-SOUTH,840,419,139,12,61.49,2.0,1
2024-06-24,PROD0029,WH-NORTH,946,362,47,3,15.38,2.6,1
2024-06-25,PROD0029,WH-SOUTH,704,421,187,9,79.7,1.7,1
2024-06-26,PROD0029,WH-NORTH,508,388,219,5,69.0,1.3,1
2024-06-27,PROD0029,WH-NORTH,786,347,85,8,136.13,2.3,1
2024-06-28,PROD0029,WH-EAST,1179,464,71,12,182.6,2.5,1
2024-01-01,PROD0030,WH-EAST,161,56,3,6,79.51,2.9,1
2024-01-02,PROD0030,WH-EAST,112,49,12,7,171.88,2.3,1
2024-01-03,PROD0030,WH-NORTH,214,67,0,5,171.13,3.2,0
2024-01-04,PROD0030,WH-EAST,71,85,62,14,89.05,0.8,1
2024-01-05,PROD0030,WH-EAST,73,70,46,12,32.64,1.0,1
2024-01-06,PROD0030,WH-SOUTH,184,62,1,8,94.12,3.0,1
2024-01-07,PROD0030,WH-EAST,233,82,5,14,168.96,2.8,1
2024-01-08,PROD0030,WH-NORTH,136,108,63,14,134.92,1.3,1
2024-01-09,PROD0030,WH-SOUTH,119,63,24,3,188.8,1.9,1
2024-01-10,PROD0030,WH-SOUTH,107,61,26,12,28.05,1.8,1
2024-01-11,PROD0030,WH-NORTH,88,82,53,8,26.45,1.1,1
2024-01-12,PROD0030,WH-EAST,63,72,51,13,54.76,0.9,1
2024-01-13,PROD0030,WH-NORTH,219,53,0,6,139.38,4.1,0
2024-01-14,PROD0030,WH-NORTH,122,72,32,8,23.79,1.7,1
2024-01-15,PROD0030,WH-NORTH,194,74,10,11,121.11,2.6,1
2024-01-16,PROD0030,WH-EAST,132,108,64,5,44.71,1.2,1
2024-01-17,PROD0030,WH-NORTH,0,61,61,5,128.24,0.0,1
2024-01-18,PROD0030,WH-NORTH,188,77,15,7,42.69,2.4,1
2024-01-19,PROD0030,WH-EAST,87,63,34,2,108.9,1.4,1
2024-01-20,PROD0030,WH-NORTH,77,68,43,8,115.89,1.1,1
2024-01-21,PROD0030,WH-EAST,173,96,39,10,190.3,1.8,1
2024-01-22,PROD0030,WH-NORTH,55,61,43,2,189.04,0.9,1
2024-01-23,PROD0030,WH-SOUTH,201,97,30,10,80.06,2.1,1
2024-01-24,PROD0030,WH-SOUTH,44,56,42,14,57.25,0.8,1
2024-01-25,PROD0030,WH-SOUTH,220,70,0,12,130.25,3.1,0
2024-01-26,PROD0030,WH-SOUTH,39,73,60,10,73.14,0.5,1
2024-01-27,PROD0030,WH-EAST,150,68,18,14,151.67,2.2,1
2024-01-28,PROD0030,WH-EAST,192,79,15,10,183.99,2.4,1
2024-01-29,PROD0030,WH-SOUTH,100,75,42,12,118.62,1.3,1
2024-01-30,PROD0030,WH-EAST,142,73,26,2,38.01,1.9,1
2024-01-31,PROD0030,WH-SOUTH,187,60,0,3,166.23,3.1,0
2024-02-01,PROD0030,WH-NORTH,66,57,35,7,135.54,1.2,1
2024-02-02,PROD0030,WH-EAST,186,72,10,6,70.65,2.6,1
2024-02-03,PROD0030,WH-SOUTH,210,107,37,13,90.34,2.0,1
2024-02-04,PROD0030,WH-NORTH,197,61,0,11,150.59,3.2,0
2024-02-05,PROD0030,WH-EAST,188,71,9,9,129.82,2.6,1
2024-02-06,PROD0030,WH-EAST,72,92,68,12,83.36,0.8,1
2024-02-07,PROD0030,WH-NORTH,108,79,43,8,43.1,1.4,1
2024-02-08,PROD0030,WH-NORTH,124,88,47,3,194.82,1.4,1
2024-02-09,PROD0030,WH-SOUTH,77,79,54,8,112.43,1.0,1
2024-02-10,PROD0030,WH-EAST,87,104,75,7,92.24,0.8,1
2024-02-11,PROD0030,WH-EAST,50,75,59,2,169.09,0.7,1
2024-02-12,PROD0030,WH-SOUTH,86,56,28,4,123.84,1.5,1
2024-02-13,PROD0030,WH-SOUTH,74,82,58,5,51.66,0.9,1
2024-02-14,PROD0030,WH-NORTH,225,91,16,2,178.46,2.5,1
2024-02-15,PROD0030,WH-EAST,64,72,51,10,87.84,0.9,1
2024-02-16,PROD0030,WH-EAST,113,90,53,9,154.47,1.3,1
2024-02-17,PROD0030,WH-SOUTH,126,83,41,7,83.27,1.5,1
2024-02-18,PROD0030,WH-NORTH,194,55,0,3,136.75,3.5,0
2024-02-19,PROD0030,WH-NORTH,152,92,42,2,154.3,1.7,1
2024-02-20,PROD0030,WH-EAST,170,82,26,11,90.05,2.1,1
2024-02-21,PROD0030,WH-EAST,216,74,2,14,49.05,2.9,1
2024-02-22,PROD0030,WH-SOUTH,109,88,52,3,84.27,1.2,1
2024-02-23,PROD0030,WH-SOUTH,109,60,24,5,52.95,1.8,1
2024-02-24,PROD0030,WH-NORTH,42,45,31,2,151.32,0.9,1
2024-02-25,PROD0030,WH-NORTH,172,63,6,5,9.2,2.7,1
2024-02-26,PROD0030,WH-SOUTH,212,51,0,10,60.21,4.2,0
2024-02-27,PROD0030,WH-NORTH,144,84,36,5,71.82,1.7,1
2024-02-28,PROD0030,WH-NORTH,79,122,96,2,83.07,0.6,1
2024-02-29,PROD0030,WH-SOUTH,181,56,0,4,61.91,3.2,0
2024-03-01,PROD0030,WH-NORTH,223,76,2,12,19.97,2.9,1
2024-03-02,PROD0030,WH-NORTH,182,55,0,3,176.03,3.3,0
2024-03-03,PROD0030,WH-SOUTH,192,88,24,10,72.5,2.2,1
2024-03-04,PROD0030,WH-SOUTH,195,68,3,8,78.81,2.9,1
2024-03-05,PROD0030,WH-EAST,219,81,8,8,108.54,2.7,1
2024-03-06,PROD0030,WH-SOUTH,44,74,60,2,51.81,0.6,1
2024-03-07,PROD0030,WH-SOUTH,137,74,29,6,170.2,1.9,1
2024-03-08,PROD0030,WH-EAST,137,85,40,10,171.21,1.6,1
2024-03-09,PROD0030,WH-SOUTH,111,67,30,6,180.44,1.7,1
2024-03-10,PROD0030,WH-SOUTH,88,79,50,12,104.82,1.1,1
2024-03-11,PROD0030,WH-NORTH,224,50,0,3,14.16,4.5,0
2024-03-12,PROD0030,WH-EAST,47,74,59,14,93.77,0.6,1
2024-03-13,PROD0030,WH-SOUTH,195,108,43,13,104.63,1.8,1
2024-03-14,PROD0030,WH-SOUTH,62,76,56,2,182.52,0.8,1
2024-03-15,PROD0030,WH-SOUTH,44,77,63,14,144.39,0.6,1
2024-03-16,PROD0030,WH-EAST,167,81,26,7,154.46,2.1,1
2024-03-17,PROD0030,WH-SOUTH,127,98,56,14,6.74,1.3,1
2024-03-18,PROD0030,WH-EAST,88,103,74,10,51.74,0.9,1
2024-03-19,PROD0030,WH-SOUTH,230,82,6,6,148.64,2.8,1
2024-03-20,PROD0030,WH-EAST,153,97,46,5,137.97,1.6,1
2024-03-21,PROD0030,WH-EAST,81,52,25,2,183.41,1.6,1
2024-03-22,PROD0030,WH-EAST,119,53,14,3,187.48,2.2,1
2024-03-23,PROD0030,WH-NORTH,173,104,47,6,157.24,1.7,1
2024-03-24,PROD0030,WH-EAST,166,84,29,2,72.22,2.0,1
2024-03-25,PROD0030,WH-SOUTH,172,39,0,7,158.5,4.4,0
2024-03-26,PROD0030,WH-NORTH,75,65,40,6,111.54,1.2,1
2024-03-27,PROD0030,WH-EAST,147,70,21,4,23.86,2.1,1
2024-03-28,PROD0030,WH-EAST,190,67,4,9,80.82,2.8,1
2024-03-29,PROD0030,WH-EAST,140,77,31,6,161.56,1.8,1
2024-03-30,PROD0030,WH-EAST,203,111,44,9,17.19,1.8,1
2024-03-31,PROD0030,WH-EAST,59,92,73,12,93.25,0.6,1
2024-04-01,PROD0030,WH-SOUTH,169,63,7,8,85.22,2.7,1
2024-04-02,PROD0030,WH-NORTH,210,112,42,6,87.46,1.9,1
2024-04-03,PROD0030,WH-EAST,222,81,7,12,129.43,2.7,1
2024-04-04,PROD0030,WH-SOUTH,135,76,31,5,70.37,1.8,1
2024-04-05,PROD0030,WH-NORTH,128,62,20,5,184.58,2.1,1
2024-04-06,PROD0030,WH-EAST,207,72,3,13,37.45,2.9,1
2024-04-07,PROD0030,WH-EAST,108,70,34,11,191.54,1.5,1
2024-04-08,PROD0030,WH-SOUTH,206,92,24,13,143.54,2.2,1
2024-04-09,PROD0030,WH-NORTH,155,64,13,13,35.94,2.4,1
2024-04-10,PROD0030,WH-EAST,183,73,12,11,128.11,2.5,1
2024-04-11,PROD0030,WH-EAST,0,43,43,8,7.2,0.0,1
2024-04-12,PROD0030,WH-EAST,71,75,52,10,8.96,0.9,1
2024-04-13,PROD0030,WH-NORTH,68,31,9,4,58.17,2.2,1
2024-04-14,PROD0030,WH-SOUTH,175,94,36,10,149.97,1.9,1
2024-04-15,PROD0030,WH-EAST,65,76,55,11,168.69,0.9,1
2024-04-16,PROD0030,WH-NORTH,204,70,2,10,76.82,2.9,1
2024-04-17,PROD0030,WH-NORTH,232,95,18,8,44.5,2.4,1
2024-04-18,PROD0030,WH-NORTH,173,93,36,10,14.84,1.9,1
2024-04-19,PROD0030,WH-SOUTH,182,80,20,14,26.7,2.3,1
2024-04-20,PROD0030,WH-EAST,140,69,23,4,113.92,2.0,1
2024-04-21,PROD0030,WH-SOUTH,189,73,10,2,168.28,2.6,1
2024-04-22,PROD0030,WH-NORTH,123,66,25,12,105.0,1.9,1
2024-04-23,PROD0030,WH-EAST,147,89,40,11,95.59,1.7,1
2024-04-24,PROD0030,WH-EAST,162,69,15,6,16.85,2.3,1
2024-04-25,PROD0030,WH-EAST,193,102,38,6,36.03,1.9,1
2024-04-26,PROD0030,WH-SOUTH,39,66,53,12,53.95,0.6,1
2024-04-27,PROD0030,WH-SOUTH,114,64,26,8,92.99,1.8,1
2024-04-28,PROD0030,WH-SOUTH,83,65,38,10,105.81,1.3,1
2024-04-29,PROD0030,WH-NORTH,164,72,18,12,64.8,2.3,1
2024-04-30,PROD0030,WH-NORTH,55,91,73,13,178.1,0.6,1
2024-05-01,PROD0030,WH-SOUTH,72,67,43,2,106.49,1.1,1
2024-05-02,PROD0030,WH-SOUTH,156,78,26,10,116.26,2.0,1
2024-05-03,PROD0030,WH-SOUTH,43,115,101,5,74.52,0.4,1
2024-05-04,PROD0030,WH-NORTH,152,92,42,3,66.56,1.7,1
2024-05-05,PROD0030,WH-SOUTH,198,96,30,13,108.5,2.1,1
2024-05-06,PROD0030,WH-SOUTH,185,76,15,3,162.1,2.4,1
2024-05-07,PROD0030,WH-SOUTH,67,117,95,2,11.94,0.6,1
2024-05-08,PROD0030,WH-SOUTH,151,81,31,8,199.55,1.9,1
2024-05-09,PROD0030,WH-NORTH,51,54,37,4,73.79,0.9,1
2024-05-10,PROD0030,WH-SOUTH,68,102,80,8,161.0,0.7,1
2024-05-11,PROD0030,WH-SOUTH,180,98,38,8,185.08,1.8,1
2024-05-12,PROD0030,WH-EAST,89,45,16,12,87.01,2.0,1
2024-05-13,PROD0030,WH-NORTH,124,42,1,3,165.91,3.0,1
2024-05-14,PROD0030,WH-SOUTH,149,79,30,13,176.46,1.9,1
2024-05-15,PROD0030,WH-EAST,84,36,8,13,30.18,2.3,1
2024-05-16,PROD0030,WH-EAST,105,82,47,6,139.12,1.3,1
2024-05-17,PROD0030,WH-EAST,131,36,0,13,175.72,3.6,0
2024-05-18,PROD0030,WH-EAST,147,88,39,12,83.68,1.7,1
2024-05-19,PROD0030,WH-EAST,179,82,23,3,102.74,2.2,1
2024-05-20,PROD0030,WH-EAST,134,81,37,14,22.24,1.7,1
2024-05-21,PROD0030,WH-NORTH,142,51,4,5,122.39,2.8,1
2024-05-22,PROD0030,WH-EAST,129,69,26,12,95.27,1.9,1
2024-05-23,PROD0030,WH-NORTH,106,62,27,14,25.7,1.7,1
2024-05-24,PROD0030,WH-SOUTH,224,69,0,9,142.84,3.2,0
2024-05-25,PROD0030,WH-SOUTH,95,96,65,8,105.6,1.0,1
2024-05-26,PROD0030,WH-NORTH,195,86,21,5,180.73,2.3,1
2024-05-27,PROD0030,WH-NORTH,221,106,33,6,87.49,2.1,1
2024-05-28,PROD0030,WH-NORTH,79,62,36,14,172.81,1.3,1
2024-05-29,PROD0030,WH-NORTH,130,71,28,9,197.15,1.8,1
2024-05-30,PROD0030,WH-NORTH,121,70,30,13,174.17,1.7,1
2024-05-31,PROD0030,WH-EAST,57,77,58,2,150.78,0.7,1
2024-06-01,PROD0030,WH-EAST,211,79,9,4,199.65,2.7,1
2024-06-02,PROD0030,WH-NORTH,70,88,65,2,197.15,0.8,1
2024-06-03,PROD0030,WH-NORTH,232,89,12,3,54.04,2.6,1
2024-06-04,PROD0030,WH-EAST,83,59,32,10,81.83,1.4,1
2024-06-05,PROD0030,WH-NORTH,64,76,55,10,8.48,0.8,1
2024-06-06,PROD0030,WH-SOUTH,140,89,43,11,18.46,1.6,1
2024-06-07,PROD0030,WH-NORTH,183,88,27,12,88.51,2.1,1
2024-06-08,PROD0030,WH-EAST,93,45,14,13,108.25,2.1,1
2024-06-09,PROD0030,WH-EAST,66,78,56,3,123.53,0.8,1
2024-06-10,PROD0030,WH-SOUTH,81,70,43,4,43.55,1.2,1
2024-06-11,PROD0030,WH-EAST,64,78,57,14,48.89,0.8,1
2024-06-12,PROD0030,WH-NORTH,128,87,45,10,97.09,1.5,1
2024-06-13,PROD0030,WH-SOUTH,111,100,63,2,160.44,1.1,1
2024-06-14,PROD0030,WH-SOUTH,101,71,38,3,184.59,1.4,1
2024-06-15,PROD0030,WH-NORTH,121,89,49,14,97.98,1.4,1
2024-06-16,PROD0030,WH-NORTH,163,80,26,6,136.52,2.0,1
2024-06-17,PROD0030,WH-NORTH,41,69,56,9,164.57,0.6,1
2024-06-18,PROD0030,WH-NORTH,135,58,13,13,79.63,2.3,1
2024-06-19,PROD0030,WH-SOUTH,41,83,70,14,197.55,0.5,1
2024-06-20,PROD0030,WH-NORTH,66,66,44,9,46.85,1.0,1
2024-06-21,PROD0030,WH-EAST,79,95,69,11,175.41,0.8,1
2024-06-22,PROD0030,WH-SOUTH,99,80,47,13,190.35,1.2,1
2024-06-23,PROD0030,WH-EAST,70,86,63,7,187.46,0.8,1
2024-06-24,PROD0030,WH-NORTH,213,69,0,2,16.73,3.1,0
2024-06-25,PROD0030,WH-SOUTH,57,109,90,13,162.28,0.5,1
2024-06-26,PROD0030,WH-EAST,184,56,0,9,182.69,3.3,0
2024-06-27,PROD0030,WH-NORTH,138,100,54,10,199.1,1.4,1
2024-06-28,PROD0030,WH-NORTH,222,73,0,3,45.04,3.0,0
2024-01-01,PROD0031,WH-SOUTH,851,384,101,9,113.56,2.2,1
2024-01-02,PROD0031,WH-NORTH,1356,618,166,6,82.55,2.2,1
2024-01-03,PROD0031,WH-EAST,253,627,543,12,121.95,0.4,1
2024-01-04,PROD0031,WH-SOUTH,273,495,404,11,60.57,0.6,1
2024-01-05,PROD0031,WH-EAST,276,614,522,13,68.98,0.4,1
2024-01-06,PROD0031,WH-NORTH,988,594,265,5,187.18,1.7,1
2024-01-07,PROD0031,WH-NORTH,760,569,316,9,195.67,1.3,1
2024-01-08,PROD0031,WH-EAST,1051,521,171,3,99.66,2.0,1
2024-01-09,PROD0031,WH-EAST,374,466,342,7,52.7,0.8,1
2024-01-10,PROD0031,WH-SOUTH,811,612,342,2,113.81,1.3,1
2024-01-11,PROD0031,WH-EAST,930,656,346,9,75.88,1.4,1
2024-01-12,PROD0031,WH-SOUTH,1128,531,155,7,189.17,2.1,1
2024-01-13,PROD0031,WH-NORTH,1163,657,270,13,52.57,1.8,1
2024-01-14,PROD0031,WH-SOUTH,883,414,120,2,12.9,2.1,1
2024-01-15,PROD0031,WH-EAST,804,397,129,10,85.95,2.0,1
2024-01-16,PROD0031,WH-SOUTH,1089,527,164,13,73.75,2.1,1
2024-01-17,PROD0031,WH-EAST,1384,326,0,10,94.67,4.2,0
2024-01-18,PROD0031,WH-SOUTH,482,556,396,13,185.31,0.9,1
2024-01-19,PROD0031,WH-SOUTH,1264,647,226,12,23.35,2.0,1
2024-01-20,PROD0031,WH-NORTH,368,440,318,2,147.82,0.8,1
2024-01-21,PROD0031,WH-NORTH,1006,605,270,2,84.52,1.7,1
2024-01-22,PROD0031,WH-EAST,1044,474,126,10,51.88,2.2,1
2024-01-23,PROD0031,WH-SOUTH,1203,502,101,13,21.06,2.4,1
2024-01-24,PROD0031,WH-NORTH,863,530,243,11,83.65,1.6,1
2024-01-25,PROD0031,WH-NORTH,1131,443,66,4,89.94,2.6,1
2024-01-26,PROD0031,WH-EAST,1149,500,117,2,50.03,2.3,1
2024-01-27,PROD0031,WH-NORTH,670,292,69,4,149.96,2.3,1
2024-01-28,PROD0031,WH-SOUTH,350,422,306,4,118.41,0.8,1
2024-01-29,PROD0031,WH-SOUTH,1037,648,303,10,43.45,1.6,1
2024-01-30,PROD0031,WH-SOUTH,376,501,376,13,47.94,0.8,1
2024-01-31,PROD0031,WH-NORTH,1278,592,166,2,18.35,2.2,1
2024-02-01,PROD0031,WH-NORTH,1336,609,164,2,98.63,2.2,1
2024-02-02,PROD0031,WH-EAST,889,565,269,12,16.93,1.6,1
2024-02-03,PROD0031,WH-EAST,449,553,404,5,150.54,0.8,1
2024-02-04,PROD0031,WH-SOUTH,1175,367,0,7,189.12,3.2,0
2024-02-05,PROD0031,WH-EAST,340,532,419,6,69.85,0.6,1
2024-02-06,PROD0031,WH-SOUTH,1359,477,24,13,14.99,2.8,1
2024-02-07,PROD0031,WH-SOUTH,327,381,272,3,67.7,0.9,1
2024-02-08,PROD0031,WH-EAST,280,422,329,3,21.25,0.7,1
2024-02-09,PROD0031,WH-NORTH,1291,426,0,12,141.53,3.0,0
2024-02-10,PROD0031,WH-EAST,377,315,190,7,16.62,1.2,1
2024-02-11,PROD0031,WH-SOUTH,1356,729,277,2,197.77,1.9,1
2024-02-12,PROD0031,WH-NORTH,468,614,458,5,115.39,0.8,1
2024-02-13,PROD0031,WH-NORTH,255,428,343,6,123.0,0.6,1
2024-02-14,PROD0031,WH-NORTH,540,451,271,11,23.18,1.2,1
2024-02-15,PROD0031,WH-EAST,395,483,352,10,159.73,0.8,1
2024-02-16,PROD0031,WH-SOUTH,393,537,406,3,13.22,0.7,1
2024-02-17,PROD0031,WH-NORTH,1435,449,0,7,186.5,3.2,0
2024-02-18,PROD0031,WH-SOUTH,325,548,440,5,192.3,0.6,1
2024-02-19,PROD0031,WH-EAST,1310,488,52,13,15.91,2.7,1
2024-02-20,PROD0031,WH-NORTH,470,407,251,13,133.8,1.2,1
2024-02-21,PROD0031,WH-EAST,1233,459,48,3,179.28,2.7,1
2024-02-22,PROD0031,WH-SOUTH,921,574,267,5,184.15,1.6,1
2024-02-23,PROD0031,WH-EAST,1280,356,0,12,76.97,3.6,0
2024-02-24,PROD0031,WH-NORTH,1398,622,156,3,111.34,2.2,1
2024-02-25,PROD0031,WH-SOUTH,0,425,425,7,97.11,0.0,1
2024-02-26,PROD0031,WH-NORTH,1469,581,92,9,18.91,2.5,1
2024-02-27,PROD0031,WH-NORTH,372,582,458,14,153.46,0.6,1
2024-02-28,PROD0031,WH-EAST,552,366,182,13,73.04,1.5,1
2024-02-29,PROD0031,WH-EAST,1300,379,0,9,109.59,3.4,0
2024-03-01,PROD0031,WH-EAST,256,445,360,10,79.91,0.6,1
2024-03-02,PROD0031,WH-EAST,988,642,313,7,52.85,1.5,1
2024-03-03,PROD0031,WH-NORTH,1122,627,253,13,90.56,1.8,1
2024-03-04,PROD0031,WH-EAST,612,534,330,6,59.74,1.1,1
2024-03-05,PROD0031,WH-SOUTH,1160,481,95,4,85.74,2.4,1
2024-03-06,PROD0031,WH-EAST,363,534,413,3,144.34,0.7,1
2024-03-07,PROD0031,WH-NORTH,525,694,519,5,59.46,0.8,1
2024-03-08,PROD0031,WH-SOUTH,618,449,243,4,116.9,1.4,1
2024-03-09,PROD0031,WH-SOUTH,1281,361,0,9,96.84,3.5,0
2024-03-10,PROD0031,WH-EAST,699,472,239,8,27.89,1.5,1
2024-03-11,PROD0031,WH-NORTH,0,452,452,5,25.36,0.0,1
2024-03-12,PROD0031,WH-SOUTH,1364,503,49,10,91.75,2.7,1
2024-03-13,PROD0031,WH-EAST,1228,748,339,11,158.15,1.6,1
2024-03-14,PROD0031,WH-NORTH,1285,430,2,2,116.98,3.0,1
2024-03-15,PROD0031,WH-SOUTH,1378,387,0,4,164.74,3.6,0
2024-03-16,PROD0031,WH-NORTH,1216,461,56,8,189.12,2.6,1
2024-03-17,PROD0031,WH-SOUTH,0,480,480,8,142.43,0.0,1
2024-03-18,PROD0031,WH-SOUTH,1330,486,43,10,115.58,2.7,1
2024-03-19,PROD0031,WH-SOUTH,1394,483,19,13,77.08,2.9,1
2024-03-20,PROD0031,WH-NORTH,1188,555,159,9,129.45,2.1,1
2024-03-21,PROD0031,WH-NORTH,568,587,398,6,177.29,1.0,1
2024-03-22,PROD0031,WH-EAST,574,438,247,14,189.85,1.3,1
2024-03-23,PROD0031,WH-NORTH,854,461,177,9,116.17,1.9,1
2024-03-24,PROD0031,WH-NORTH,0,425,425,14,168.91,0.0,1
2024-03-25,PROD0031,WH-EAST,1178,516,124,4,69.29,2.3,1
2024-03-26,PROD0031,WH-SOUTH,770,560,304,10,77.68,1.4,1
2024-03-27,PROD0031,WH-NORTH,1198,392,0,3,53.45,3.1,0
2024-03-28,PROD0031,WH-SOUTH,1192,283,0,9,28.45,4.2,0
2024-03-29,PROD0031,WH-NORTH,668,558,336,5,165.08,1.2,1
2024-03-30,PROD0031,WH-SOUTH,1114,698,327,6,113.17,1.6,1
2024-03-31,PROD0031,WH-SOUTH,517,640,468,10,33.22,0.8,1
2024-04-01,PROD0031,WH-NORTH,422,542,402,7,162.39,0.8,1
2024-04-02,PROD0031,WH-NORTH,742,509,262,9,133.57,1.5,1
2024-04-03,PROD0031,WH-SOUTH,824,446,172,7,137.46,1.8,1
2024-04-04,PROD0031,WH-SOUTH,373,397,273,11,158.12,0.9,1
2024-04-05,PROD0031,WH-EAST,1236,401,0,9,52.71,3.1,0
2024-04-06,PROD0031,WH-SOUTH,666,520,298,14,144.9,1.3,1
2024-04-07,PROD0031,WH-EAST,1100,471,105,5,28.29,2.3,1
2024-04-08,PROD0031,WH-EAST,671,417,194,10,20.29,1.6,1
2024-04-09,PROD0031,WH-SOUTH,1468,425,0,3,181.75,3.5,0
2024-04-10,PROD0031,WH-EAST,317,493,388,14,84.92,0.6,1
2024-04-11,PROD0031,WH-EAST,748,469,220,3,107.54,1.6,1
2024-04-12,PROD0031,WH-NORTH,871,380,90,14,95.75,2.3,1
2024-04-13,PROD0031,WH-NORTH,328,476,367,4,190.65,0.7,1
2024-04-14,PROD0031,WH-SOUTH,664,505,284,7,110.46,1.3,1
2024-04-15,PROD0031,WH-EAST,1230,370,0,4,168.02,3.3,0
2024-04-16,PROD0031,WH-NORTH,1340,430,0,14,111.64,3.1,0
2024-04-17,PROD0031,WH-NORTH,580,564,371,4,177.86,1.0,1
2024-04-18,PROD0031,WH-SOUTH,886,705,410,11,120.9,1.3,1
2024-04-19,PROD0031,WH-SOUTH,800,592,326,8,146.91,1.4,1
2024-04-20,PROD0031,WH-NORTH,548,550,368,5,166.49,1.0,1
2024-04-21,PROD0031,WH-NORTH,1179,368,0,2,96.2,3.2,0
2024-04-22,PROD0031,WH-EAST,1142,485,105,8,69.14,2.4,1
2024-04-23,PROD0031,WH-SOUTH,375,464,339,14,121.01,0.8,1
2024-04-24,PROD0031,WH-EAST,464,594,440,4,31.02,0.8,1
2024-04-25,PROD0031,WH-EAST,356,395,277,5,65.51,0.9,1
2024-04-26,PROD0031,WH-EAST,902,444,144,8,13.51,2.0,1
2024-04-27,PROD0031,WH-NORTH,1012,494,157,6,75.9,2.0,1
2024-04-28,PROD0031,WH-SOUTH,342,511,397,14,101.03,0.7,1
2024-04-29,PROD0031,WH-SOUTH,724,439,198,3,139.91,1.6,1
2024-04-30,PROD0031,WH-SOUTH,739,475,229,8,74.68,1.6,1
2024-05-01,PROD0031,WH-EAST,285,384,289,11,21.36,0.7,1
2024-05-02,PROD0031,WH-SOUTH,321,551,444,11,188.57,0.6,1
2024-05-03,PROD0031,WH-NORTH,754,519,268,3,142.04,1.5,1
2024-05-04,PROD0031,WH-SOUTH,613,568,364,8,129.79,1.1,1
2024-05-05,PROD0031,WH-EAST,827,463,188,12,31.55,1.8,1
2024-05-06,PROD0031,WH-NORTH,1078,573,214,13,195.75,1.9,1
2024-05-07,PROD0031,WH-EAST,710,603,367,13,177.84,1.2,1
2024-05-08,PROD0031,WH-NORTH,452,555,405,11,92.98,0.8,1
2024-05-09,PROD0031,WH-NORTH,1195,430,32,14,184.64,2.8,1
2024-05-10,PROD0031,WH-NORTH,339,496,383,12,143.8,0.7,1
2024-05-11,PROD0031,WH-EAST,1167,528,139,6,122.93,2.2,1
2024-05-12,PROD0031,WH-SOUTH,852,584,300,9,59.43,1.5,1
2024-05-13,PROD0031,WH-EAST,601,431,231,7,190.69,1.4,1
2024-05-14,PROD0031,WH-SOUTH,694,494,263,10,54.34,1.4,1
2024-05-15,PROD0031,WH-EAST,738,550,304,4,180.44,1.3,1
2024-05-16,PROD0031,WH-SOUTH,359,581,462,3,80.12,0.6,1
2024-05-17,PROD0031,WH-NORTH,1268,264,0,12,189.38,4.8,0
2024-05-18,PROD0031,WH-NORTH,476,355,197,6,101.14,1.3,1
2024-05-19,PROD0031,WH-SOUTH,963,560,239,7,188.22,1.7,1
2024-05-20,PROD0031,WH-SOUTH,1133,442,65,3,37.22,2.6,1
2024-05-21,PROD0031,WH-NORTH,1426,560,85,10,13.52,2.5,1
2024-05-22,PROD0031,WH-NORTH,1217,507,102,5,125.64,2.4,1
2024-05-23,PROD0031,WH-SOUTH,726,377,135,5,29.8,1.9,1
2024-05-24,PROD0031,WH-NORTH,1011,408,71,11,24.72,2.5,1
2024-05-25,PROD0031,WH-EAST,990,218,0,10,63.62,4.5,0
2024-05-26,PROD0031,WH-EAST,389,524,395,6,104.98,0.7,1
2024-05-27,PROD0031,WH-NORTH,1083,461,100,3,174.14,2.3,1
2024-05-28,PROD0031,WH-EAST,886,672,377,6,83.26,1.3,1
2024-05-29,PROD0031,WH-NORTH,376,508,383,10,159.73,0.7,1
2024-05-30,PROD0031,WH-NORTH,847,496,214,14,139.75,1.7,1
2024-05-31,PROD0031,WH-NORTH,1387,496,34,10,77.56,2.8,1
2024-06-01,PROD0031,WH-NORTH,934,682,371,8,53.39,1.4,1
2024-06-02,PROD0031,WH-SOUTH,596,567,369,11,8.96,1.1,1
2024-06-03,PROD0031,WH-NORTH,382,513,386,6,16.94,0.7,1
2024-06-04,PROD0031,WH-EAST,0,528,528,12,51.44,0.0,1
2024-06-05,PROD0031,WH-NORTH,797,487,222,4,191.62,1.6,1
2024-06-06,PROD0031,WH-NORTH,1275,511,86,5,192.04,2.5,1
2024-06-07,PROD0031,WH-NORTH,884,483,189,12,110.07,1.8,1
2024-06-08,PROD0031,WH-NORTH,398,523,391,10,136.06,0.8,1
2024-06-09,PROD0031,WH-EAST,1146,440,58,9,59.2,2.6,1
2024-06-10,PROD0031,WH-NORTH,1206,473,71,8,37.08,2.5,1
2024-06-11,PROD0031,WH-NORTH,1352,466,16,4,192.03,2.9,1
2024-06-12,PROD0031,WH-NORTH,1420,439,0,7,78.52,3.2,0
2024-06-13,PROD0031,WH-SOUTH,1431,409,0,4,60.72,3.5,0
2024-06-14,PROD0031,WH-SOUTH,438,298,152,4,102.8,1.5,1
2024-06-15,PROD0031,WH-SOUTH,549,513,330,13,51.03,1.1,1
2024-06-16,PROD0031,WH-NORTH,1332,471,27,4,31.55,2.8,1
2024-06-17,PROD0031,WH-NORTH,1053,469,118,9,131.83,2.2,1
2024-06-18,PROD0031,WH-SOUTH,893,693,396,12,181.88,1.3,1
2024-06-19,PROD0031,WH-EAST,1251,386,0,14,103.91,3.2,0
2024-06-20,PROD0031,WH-EAST,1218,520,114,13,116.99,2.3,1
2024-06-21,PROD0031,WH-EAST,1468,461,0,12,32.74,3.2,0
2024-06-22,PROD0031,WH-SOUTH,981,638,311,14,122.49,1.5,1
2024-06-23,PROD0031,WH-EAST,700,612,379,10,49.43,1.1,1
2024-06-24,PROD0031,WH-EAST,968,624,302,10,12.04,1.6,1
2024-06-25,PROD0031,WH-NORTH,278,517,425,11,49.95,0.5,1
2024-06-26,PROD0031,WH-SOUTH,1264,377,0,7,57.58,3.4,0
2024-06-27,PROD0031,WH-SOUTH,1148,533,151,13,64.65,2.2,1
2024-06-28,PROD0031,WH-SOUTH,1038,520,174,4,88.53,2.0,1
2024-01-01,PROD0032,WH-SOUTH,132,107,63,10,46.57,1.2,1
2024-01-02,PROD0032,WH-EAST,434,118,0,5,101.05,3.7,0
2024-01-03,PROD0032,WH-EAST,197,148,83,5,195.77,1.3,1
2024-01-04,PROD0032,WH-NORTH,428,197,55,4,172.7,2.2,1
2024-01-05,PROD0032,WH-SOUTH,226,172,97,13,149.77,1.3,1
2024-01-06,PROD0032,WH-SOUTH,379,99,0,3,165.11,3.8,0
2024-01-07,PROD0032,WH-EAST,247,190,108,3,132.18,1.3,1
2024-01-08,PROD0032,WH-SOUTH,402,149,15,4,155.62,2.7,1
2024-01-09,PROD0032,WH-NORTH,311,166,63,3,45.13,1.9,1
2024-01-10,PROD0032,WH-EAST,350,147,31,5,147.1,2.4,1
2024-01-11,PROD0032,WH-SOUTH,103,121,87,5,165.25,0.9,1
2024-01-12,PROD0032,WH-NORTH,304,189,88,3,195.36,1.6,1
2024-01-13,PROD0032,WH-EAST,239,198,119,4,170.75,1.2,1
2024-01-14,PROD0032,WH-EAST,87,111,82,8,127.75,0.8,1
2024-01-15,PROD0032,WH-EAST,391,109,0,12,85.7,3.6,0
2024-01-16,PROD0032,WH-SOUTH,79,151,125,14,60.34,0.5,1
2024-01-17,PROD0032,WH-NORTH,424,194,53,11,151.07,2.2,1
2024-01-18,PROD0032,WH-NORTH,421,113,0,11,37.97,3.7,0
2024-01-19,PROD0032,WH-NORTH,280,144,51,3,194.18,1.9,1
2024-01-20,PROD0032,WH-EAST,184,193,132,5,67.37,1.0,1
2024-01-21,PROD0032,WH-SOUTH,370,195,72,7,42.13,1.9,1
2024-01-22,PROD0032,WH-SOUTH,178,124,65,5,175.15,1.4,1
2024-01-23,PROD0032,WH-NORTH,314,126,22,5,146.52,2.5,1
2024-01-24,PROD0032,WH-NORTH,378,148,22,4,51.24,2.6,1
2024-01-25,PROD0032,WH-EAST,325,89,0,3,165.99,3.7,0
2024-01-26,PROD0032,WH-NORTH,185,130,69,3,71.1,1.4,1
2024-01-27,PROD0032,WH-EAST,436,121,0,14,135.41,3.6,0
2024-01-28,PROD0032,WH-NORTH,194,145,81,11,85.99,1.3,1
2024-01-29,PROD0032,WH-SOUTH,209,176,107,10,34.51,1.2,1
2024-01-30,PROD0032,WH-NORTH,78,137,111,5,41.53,0.6,1
2024-01-31,PROD0032,WH-EAST,224,141,67,10,155.59,1.6,1
2024-02-01,PROD0032,WH-NORTH,313,89,0,5,140.36,3.5,0
2024-02-02,PROD0032,WH-NORTH,170,134,78,2,193.56,1.3,1
2024-02-03,PROD0032,WH-NORTH,308,154,52,14,36.39,2.0,1
2024-02-04,PROD0032,WH-EAST,329,180,71,6,36.45,1.8,1
2024-02-05,PROD0032,WH-SOUTH,159,184,131,2,153.99,0.9,1
2024-02-06,PROD0032,WH-SOUTH,80,108,82,4,150.49,0.7,1
2024-02-07,PROD0032,WH-NORTH,419,168,29,3,29.65,2.5,1
2024-02-08,PROD0032,WH-NORTH,345,111,0,3,193.54,3.1,0
2024-02-09,PROD0032,WH-EAST,224,146,72,11,100.58,1.5,1
2024-02-10,PROD0032,WH-EAST,260,142,56,2,59.89,1.8,1
2024-02-11,PROD0032,WH-SOUTH,85,138,110,12,84.05,0.6,1
2024-02-12,PROD0032,WH-NORTH,404,130,0,3,194.48,3.1,0
2024-02-13,PROD0032,WH-EAST,194,215,151,14,181.68,0.9,1
2024-02-14,PROD0032,WH-NORTH,303,168,67,8,68.77,1.8,1
2024-02-15,PROD0032,WH-SOUTH,102,152,118,14,140.36,0.7,1
2024-02-16,PROD0032,WH-SOUTH,307,129,27,8,163.18,2.4,1
2024-02-17,PROD0032,WH-SOUTH,429,163,20,2,118.41,2.6,1
2024-02-18,PROD0032,WH-SOUTH,172,196,139,10,48.32,0.9,1
2024-02-19,PROD0032,WH-SOUTH,362,79,0,13,118.31,4.6,0
2024-02-20,PROD0032,WH-NORTH,383,147,20,14,197.96,2.6,1
2024-02-21,PROD0032,WH-EAST,260,120,34,8,48.58,2.2,1
2024-02-22,PROD0032,WH-SOUTH,84,164,136,4,34.64,0.5,1
2024-02-23,PROD0032,WH-NORTH,208,165,96,8,45.67,1.3,1
2024-02-24,PROD0032,WH-NORTH,116,129,91,5,158.6,0.9,1
2024-02-25,PROD0032,WH-SOUTH,75,118,93,10,106.32,0.6,1
2024-02-26,PROD0032,WH-NORTH,136,121,76,12,197.28,1.1,1
2024-02-27,PROD0032,WH-NORTH,195,191,126,6,196.42,1.0,1
2024-02-28,PROD0032,WH-SOUTH,124,98,57,14,30.57,1.3,1
2024-02-29,PROD0032,WH-NORTH,117,135,96,5,179.34,0.9,1
2024-03-01,PROD0032,WH-SOUTH,205,151,83,14,90.4,1.4,1
2024-03-02,PROD0032,WH-NORTH,220,104,31,7,196.78,2.1,1
2024-03-03,PROD0032,WH-NORTH,250,168,85,3,10.47,1.5,1
2024-03-04,PROD0032,WH-EAST,268,110,21,5,141.13,2.4,1
2024-03-05,PROD0032,WH-NORTH,279,233,140,8,122.91,1.2,1
2024-03-06,PROD0032,WH-NORTH,261,143,56,8,134.65,1.8,1
2024-03-07,PROD0032,WH-EAST,339,176,63,10,72.38,1.9,1
2024-03-08,PROD0032,WH-EAST,374,136,12,13,88.27,2.8,1
2024-03-09,PROD0032,WH-EAST,126,136,94,8,184.61,0.9,1
2024-03-10,PROD0032,WH-SOUTH,325,171,63,6,158.04,1.9,1
2024-03-11,PROD0032,WH-SOUTH,278,143,51,11,137.12,1.9,1
2024-03-12,PROD0032,WH-SOUTH,273,140,49,13,63.0,1.9,1
2024-03-13,PROD0032,WH-EAST,297,139,40,10,40.74,2.1,1
2024-03-14,PROD0032,WH-SOUTH,243,134,53,14,93.17,1.8,1
2024-03-15,PROD0032,WH-NORTH,276,94,2,3,42.36,2.9,1
2024-03-16,PROD0032,WH-NORTH,205,127,59,13,149.52,1.6,1
2024-03-17,PROD0032,WH-NORTH,263,116,29,12,56.47,2.3,1
2024-03-18,PROD0032,WH-NORTH,178,152,93,7,35.89,1.2,1
2024-03-19,PROD0032,WH-SOUTH,312,139,35,14,170.53,2.2,1
2024-03-20,PROD0032,WH-NORTH,253,117,33,2,162.38,2.2,1
2024-03-21,PROD0032,WH-NORTH,90,150,120,5,12.51,0.6,1
2024-03-22,PROD0032,WH-NORTH,361,149,29,13,10.45,2.4,1
2024-03-23,PROD0032,WH-SOUTH,106,154,119,5,40.2,0.7,1
2024-03-24,PROD0032,WH-SOUTH,385,120,0,7,6.91,3.2,0
2024-03-25,PROD0032,WH-SOUTH,365,145,24,3,113.65,2.5,1
2024-03-26,PROD0032,WH-SOUTH,290,164,68,13,110.94,1.8,1
2024-03-27,PROD0032,WH-EAST,230,152,76,8,57.83,1.5,1
2024-03-28,PROD0032,WH-NORTH,296,161,63,12,174.64,1.8,1
2024-03-29,PROD0032,WH-NORTH,355,142,24,8,72.87,2.5,1
2024-03-30,PROD0032,WH-SOUTH,390,165,35,5,99.08,2.4,1
2024-03-31,PROD0032,WH-NORTH,172,167,110,14,64.16,1.0,1
2024-04-01,PROD0032,WH-EAST,237,132,53,9,160.54,1.8,1
2024-04-02,PROD0032,WH-EAST,0,162,162,7,57.86,0.0,1
2024-04-03,PROD0032,WH-EAST,291,129,32,9,82.7,2.3,1
2024-04-04,PROD0032,WH-EAST,316,170,65,3,41.31,1.9,1
2024-04-05,PROD0032,WH-EAST,418,187,48,5,88.88,2.2,1
2024-04-06,PROD0032,WH-NORTH,424,110,0,9,195.55,3.9,0
2024-04-07,PROD0032,WH-SOUTH,87,185,156,5,96.62,0.5,1
2024-04-08,PROD0032,WH-EAST,401,160,27,2,52.18,2.5,1
2024-04-09,PROD0032,WH-EAST,0,109,109,11,7.75,0.0,1
2024-04-10,PROD0032,WH-NORTH,400,162,29,2,70.65,2.5,1
2024-04-11,PROD0032,WH-EAST,96,128,96,5,195.93,0.8,1
2024-04-12,PROD0032,WH-NORTH,170,134,78,12,131.92,1.3,1
2024-04-13,PROD0032,WH-EAST,141,180,133,13,114.47,0.8,1
2024-04-14,PROD0032,WH-NORTH,128,166,124,7,70.58,0.8,1
2024-04-15,PROD0032,WH-SOUTH,394,115,0,13,72.24,3.4,0
2024-04-16,PROD0032,WH-EAST,304,198,97,12,190.78,1.5,1
2024-04-17,PROD0032,WH-NORTH,157,173,121,11,130.81,0.9,1
2024-04-18,PROD0032,WH-NORTH,331,152,42,8,115.32,2.2,1
2024-04-19,PROD0032,WH-NORTH,389,193,64,6,67.96,2.0,1
2024-04-20,PROD0032,WH-SOUTH,363,192,71,12,47.82,1.9,1
2024-04-21,PROD0032,WH-SOUTH,167,167,112,14,104.59,1.0,1
2024-04-22,PROD0032,WH-SOUTH,220,190,117,8,182.54,1.2,1
2024-04-23,PROD0032,WH-NORTH,304,161,60,7,195.39,1.9,1
2024-04-24,PROD0032,WH-SOUTH,296,88,0,6,132.05,3.4,0
2024-04-25,PROD0032,WH-NORTH,374,179,55,9,132.5,2.1,1
2024-04-26,PROD0032,WH-NORTH,396,149,17,8,8.2,2.7,1
2024-04-27,PROD0032,WH-SOUTH,430,142,0,2,81.62,3.0,0
2024-04-28,PROD0032,WH-EAST,129,109,66,4,190.41,1.2,1
2024-04-29,PROD0032,WH-SOUTH,398,142,10,9,15.03,2.8,1
2024-04-30,PROD0032,WH-SOUTH,222,182,108,7,11.42,1.2,1
2024-05-01,PROD0032,WH-NORTH,0,147,147,12,115.99,0.0,1
2024-05-02,PROD0032,WH-EAST,237,140,61,8,64.17,1.7,1
2024-05-03,PROD0032,WH-EAST,186,143,81,2,21.0,1.3,1
2024-05-04,PROD0032,WH-SOUTH,197,143,78,8,85.29,1.4,1
2024-05-05,PROD0032,WH-SOUTH,199,95,29,3,87.29,2.1,1
2024-05-06,PROD0032,WH-EAST,365,234,113,12,10.74,1.6,1
2024-05-07,PROD0032,WH-NORTH,366,135,13,4,163.54,2.7,1
2024-05-08,PROD0032,WH-SOUTH,409,155,19,6,79.98,2.6,1
2024-05-09,PROD0032,WH-EAST,117,119,80,3,123.37,1.0,1
2024-05-10,PROD0032,WH-EAST,401,148,15,6,56.98,2.7,1
2024-05-11,PROD0032,WH-NORTH,323,100,0,13,129.39,3.2,0
2024-05-12,PROD0032,WH-NORTH,121,190,150,11,23.25,0.6,1
2024-05-13,PROD0032,WH-EAST,121,158,118,2,195.71,0.8,1
2024-05-14,PROD0032,WH-EAST,199,154,88,10,61.81,1.3,1
2024-05-15,PROD0032,WH-NORTH,215,129,58,8,127.88,1.7,1
2024-05-16,PROD0032,WH-NORTH,353,136,19,13,63.78,2.6,1
2024-05-17,PROD0032,WH-NORTH,259,145,59,11,70.83,1.8,1
2024-05-18,PROD0032,WH-EAST,399,152,19,12,51.05,2.6,1
2024-05-19,PROD0032,WH-NORTH,133,162,118,3,65.66,0.8,1
2024-05-20,PROD0032,WH-NORTH,140,141,95,7,175.13,1.0,1
2024-05-21,PROD0032,WH-EAST,285,125,30,2,55.23,2.3,1
2024-05-22,PROD0032,WH-EAST,300,195,95,14,109.01,1.5,1
2024-05-23,PROD0032,WH-EAST,156,103,51,4,8.37,1.5,1
2024-05-24,PROD0032,WH-NORTH,314,143,39,11,71.7,2.2,1
2024-05-25,PROD0032,WH-SOUTH,331,151,41,7,169.13,2.2,1
2024-05-26,PROD0032,WH-EAST,100,124,91,12,152.89,0.8,1
2024-05-27,PROD0032,WH-NORTH,263,154,67,3,5.65,1.7,1
2024-05-28,PROD0032,WH-SOUTH,179,177,118,10,92.98,1.0,1
2024-05-29,PROD0032,WH-EAST,152,155,105,4,15.17,1.0,1
2024-05-30,PROD0032,WH-SOUTH,347,130,15,2,177.02,2.7,1
2024-05-31,PROD0032,WH-NORTH,345,97,0,14,116.3,3.6,0
2024-06-01,PROD0032,WH-NORTH,370,173,50,8,38.7,2.1,1
2024-06-02,PROD0032,WH-NORTH,356,140,22,9,52.17,2.5,1
2024-06-03,PROD0032,WH-EAST,135,145,100,9,177.19,0.9,1
2024-06-04,PROD0032,WH-NORTH,84,116,88,10,187.39,0.7,1
2024-06-05,PROD0032,WH-SOUTH,276,116,24,8,181.78,2.4,1
2024-06-06,PROD0032,WH-SOUTH,194,140,76,5,59.51,1.4,1
2024-06-07,PROD0032,WH-NORTH,0,154,154,8,138.14,0.0,1
2024-06-08,PROD0032,WH-SOUTH,238,115,36,7,50.64,2.1,1
2024-06-09,PROD0032,WH-SOUTH,295,147,49,6,176.14,2.0,1
2024-06-10,PROD0032,WH-NORTH,302,126,26,10,84.4,2.4,1
2024-06-11,PROD0032,WH-EAST,261,105,18,4,132.14,2.5,1
2024-06-12,PROD0032,WH-NORTH,138,166,120,2,176.39,0.8,1
2024-06-13,PROD0032,WH-NORTH,319,164,58,4,181.45,1.9,1
2024-06-14,PROD0032,WH-EAST,274,140,49,3,84.5,2.0,1
2024-06-15,PROD0032,WH-EAST,223,197,123,7,95.36,1.1,1
2024-06-16,PROD0032,WH-NORTH,80,145,119,14,97.66,0.6,1
2024-06-17,PROD0032,WH-SOUTH,234,133,55,8,67.71,1.8,1
2024-06-18,PROD0032,WH-SOUTH,398,120,0,9,37.2,3.3,0
2024-06-19,PROD0032,WH-EAST,88,100,71,5,111.55,0.9,1
2024-06-20,PROD0032,WH-EAST,213,150,79,12,189.53,1.4,1
2024-06-21,PROD0032,WH-NORTH,415,135,0,12,98.11,3.1,0
2024-06-22,PROD0032,WH-NORTH,378,151,25,8,188.77,2.5,1
2024-06-23,PROD0032,WH-NORTH,198,128,62,4,155.5,1.5,1
2024-06-24,PROD0032,WH-EAST,412,142,5,11,26.11,2.9,1
2024-06-25,PROD0032,WH-NORTH,301,135,35,13,163.86,2.2,1
2024-06-26,PROD0032,WH-NORTH,107,74,39,2,42.06,1.4,1
2024-06-27,PROD0032,WH-SOUTH,192,135,71,9,174.22,1.4,1
2024-06-28,PROD0032,WH-EAST,106,199,164,6,145.0,0.5,1
2024-01-01,PROD0033,WH-SOUTH,1046,584,236,11,75.2,1.8,1
2024-01-02,PROD0033,WH-NORTH,866,559,271,7,146.52,1.5,1
2024-01-03,PROD0033,WH-NORTH,1274,431,7,11,86.38,3.0,1
2024-01-04,PROD0033,WH-NORTH,1218,509,103,5,174.13,2.4,1
2024-01-05,PROD0033,WH-EAST,519,535,362,7,98.29,1.0,1
2024-01-06,PROD0033,WH-EAST,323,480,373,13,7.4,0.7,1
2024-01-07,PROD0033,WH-EAST,1116,454,82,5,46.77,2.5,1
2024-01-08,PROD0033,WH-EAST,316,424,319,6,82.32,0.7,1
2024-01-09,PROD0033,WH-SOUTH,1321,507,67,9,73.36,2.6,1
2024-01-10,PROD0033,WH-SOUTH,292,485,388,8,191.2,0.6,1
2024-01-11,PROD0033,WH-NORTH,970,513,190,9,67.22,1.9,1
2024-01-12,PROD0033,WH-SOUTH,954,550,232,7,30.63,1.7,1
2024-01-13,PROD0033,WH-NORTH,357,449,330,14,123.75,0.8,1
2024-01-14,PROD0033,WH-EAST,0,407,407,13,177.0,0.0,1
2024-01-15,PROD0033,WH-SOUTH,901,482,182,10,173.07,1.9,1
2024-01-16,PROD0033,WH-SOUTH,446,454,306,6,69.54,1.0,1
2024-01-17,PROD0033,WH-NORTH,1172,603,213,14,146.15,1.9,1
2024-01-18,PROD0033,WH-NORTH,1215,510,105,10,148.25,2.4,1
2024-01-19,PROD0033,WH-NORTH,1325,409,0,4,176.84,3.2,0
2024-01-20,PROD0033,WH-EAST,978,477,151,7,196.65,2.1,1
2024-01-21,PROD0033,WH-EAST,368,401,279,5,116.46,0.9,1
2024-01-22,PROD0033,WH-NORTH,1047,585,236,11,64.02,1.8,1
2024-01-23,PROD0033,WH-EAST,385,574,446,6,126.66,0.7,1
2024-01-24,PROD0033,WH-SOUTH,1352,583,133,11,77.17,2.3,1
2024-01-25,PROD0033,WH-EAST,0,411,411,8,177.87,0.0,1
2024-01-26,PROD0033,WH-SOUTH,1059,535,182,11,17.46,2.0,1
2024-01-27,PROD0033,WH-EAST,1143,390,9,5,159.96,2.9,1
2024-01-28,PROD0033,WH-NORTH,1160,455,69,11,191.37,2.5,1
2024-01-29,PROD0033,WH-SOUTH,567,344,155,11,45.75,1.6,1
2024-01-30,PROD0033,WH-EAST,416,682,544,9,169.43,0.6,1
2024-01-31,PROD0033,WH-EAST,450,482,332,12,188.87,0.9,1
2024-02-01,PROD0033,WH-EAST,1096,312,0,10,131.86,3.5,0
2024-02-02,PROD0033,WH-NORTH,1379,497,38,10,102.42,2.8,1
2024-02-03,PROD0033,WH-EAST,770,481,225,7,105.02,1.6,1
2024-02-04,PROD0033,WH-NORTH,1115,571,200,3,174.77,2.0,1
2024-02-05,PROD0033,WH-SOUTH,456,376,224,6,67.35,1.2,1
2024-02-06,PROD0033,WH-SOUTH,1192,595,198,5,28.38,2.0,1
2024-02-07,PROD0033,WH-SOUTH,1287,541,112,3,44.57,2.4,1
2024-02-08,PROD0033,WH-NORTH,840,582,302,12,146.35,1.4,1
2024-02-09,PROD0033,WH-EAST,590,461,265,6,80.3,1.3,1
2024-02-10,PROD0033,WH-SOUTH,1347,462,13,2,96.69,2.9,1
2024-02-11,PROD0033,WH-EAST,1355,440,0,3,105.18,3.1,0
2024-02-12,PROD0033,WH-NORTH,988,641,312,14,186.81,1.5,1
2024-02-13,PROD0033,WH-NORTH,888,673,377,7,186.96,1.3,1
2024-02-14,PROD0033,WH-EAST,1426,386,0,3,19.1,3.7,0
2024-02-15,PROD0033,WH-EAST,0,474,474,13,191.8,0.0,1
2024-02-16,PROD0033,WH-NORTH,1402,423,0,4,11.92,3.3,0
2024-02-17,PROD0033,WH-NORTH,717,661,422,4,42.82,1.1,1
2024-02-18,PROD0033,WH-NORTH,446,547,399,12,169.22,0.8,1
2024-02-19,PROD0033,WH-NORTH,1220,469,63,14,25.36,2.6,1
2024-02-20,PROD0033,WH-NORTH,0,353,353,8,80.57,0.0,1
2024-02-21,PROD0033,WH-NORTH,1084,529,168,11,90.73,2.0,1
2024-02-22,PROD0033,WH-EAST,1387,321,0,9,107.23,4.3,0
2024-02-23,PROD0033,WH-NORTH,827,408,133,8,160.03,2.0,1
2024-02-24,PROD0033,WH-SOUTH,448,546,397,11,101.13,0.8,1
2024-02-25,PROD0033,WH-NORTH,433,542,398,14,31.92,0.8,1
2024-02-26,PROD0033,WH-NORTH,327,502,393,3,163.26,0.7,1
2024-02-27,PROD0033,WH-NORTH,772,575,318,11,169.53,1.3,1
2024-02-28,PROD0033,WH-NORTH,1145,573,192,14,88.62,2.0,1
2024-02-29,PROD0033,WH-SOUTH,920,501,195,4,89.11,1.8,1
2024-03-01,PROD0033,WH-SOUTH,863,550,263,10,169.61,1.6,1
2024-03-02,PROD0033,WH-NORTH,658,560,341,4,8.37,1.2,1
2024-03-03,PROD0033,WH-EAST,367,484,362,9,175.88,0.8,1
2024-03-04,PROD0033,WH-EAST,559,435,249,9,99.39,1.3,1
2024-03-05,PROD0033,WH-EAST,1329,488,45,12,172.37,2.7,1
2024-03-06,PROD0033,WH-SOUTH,1151,336,0,10,160.62,3.4,0
2024-03-07,PROD0033,WH-SOUTH,1407,364,0,11,103.67,3.9,0
2024-03-08,PROD0033,WH-SOUTH,1061,540,187,13,134.76,2.0,1
2024-03-09,PROD0033,WH-SOUTH,496,749,584,4,27.93,0.7,1
2024-03-10,PROD0033,WH-NORTH,400,671,538,2,119.6,0.6,1
2024-03-11,PROD0033,WH-EAST,319,566,460,4,98.45,0.6,1
2024-03-12,PROD0033,WH-EAST,661,423,203,13,46.5,1.6,1
2024-03-13,PROD0033,WH-EAST,829,609,333,9,49.52,1.4,1
2024-03-14,PROD0033,WH-NORTH,1255,511,93,8,133.79,2.5,1
2024-03-15,PROD0033,WH-NORTH,1165,384,0,3,56.11,3.0,0
2024-03-16,PROD0033,WH-EAST,1030,523,180,12,57.2,2.0,1
2024-03-17,PROD0033,WH-SOUTH,579,527,334,3,141.51,1.1,1
2024-03-18,PROD0033,WH-SOUTH,1160,559,173,6,98.76,2.1,1
2024-03-19,PROD0033,WH-EAST,1096,422,57,8,10.49,2.6,1
2024-03-20,PROD0033,WH-EAST,1404,450,0,2,83.16,3.1,0
2024-03-21,PROD0033,WH-EAST,712,546,309,4,124.52,1.3,1
2024-03-22,PROD0033,WH-EAST,604,514,313,7,174.82,1.2,1
2024-03-23,PROD0033,WH-NORTH,247,438,356,12,55.8,0.6,1
2024-03-24,PROD0033,WH-EAST,326,383,275,7,173.77,0.9,1
2024-03-25,PROD0033,WH-NORTH,1239,467,54,5,130.11,2.7,1
2024-03-26,PROD0033,WH-NORTH,416,556,418,9,67.86,0.7,1
2024-03-27,PROD0033,WH-EAST,642,356,142,6,45.86,1.8,1
2024-03-28,PROD0033,WH-EAST,252,627,543,6,180.08,0.4,1
2024-03-29,PROD0033,WH-SOUTH,1372,437,0,2,78.23,3.1,0
2024-03-30,PROD0033,WH-EAST,782,455,195,6,144.78,1.7,1
2024-03-31,PROD0033,WH-NORTH,870,419,129,14,33.13,2.1,1
2024-04-01,PROD0033,WH-SOUTH,1190,481,85,8,64.62,2.5,1
2024-04-02,PROD0033,WH-SOUTH,1129,371,0,3,77.69,3.0,0
2024-04-03,PROD0033,WH-NORTH,1048,381,32,12,109.69,2.8,1
2024-04-04,PROD0033,WH-SOUTH,1082,567,207,14,171.4,1.9,1
2024-04-05,PROD0033,WH-SOUTH,0,615,615,9,194.51,0.0,1
2024-04-06,PROD0033,WH-EAST,550,454,271,5,173.77,1.2,1
2024-04-07,PROD0033,WH-SOUTH,905,441,140,6,37.41,2.1,1
2024-04-08,PROD0033,WH-SOUTH,570,461,271,14,43.13,1.2,1
2024-04-09,PROD0033,WH-EAST,335,374,263,8,14.81,0.9,1
2024-04-10,PROD0033,WH-NORTH,1008,598,262,8,137.85,1.7,1
2024-04-11,PROD0033,WH-EAST,746,687,439,4,86.89,1.1,1
2024-04-12,PROD0033,WH-SOUTH,401,444,311,13,147.12,0.9,1
2024-04-13,PROD0033,WH-SOUTH,891,567,270,10,137.08,1.6,1
2024-04-14,PROD0033,WH-SOUTH,290,541,445,7,192.54,0.5,1
2024-04-15,PROD0033,WH-NORTH,364,407,286,12,192.51,0.9,1
2024-04-16,PROD0033,WH-NORTH,1229,380,0,11,48.35,3.2,0
2024-04-17,PROD0033,WH-NORTH,1140,429,49,4,181.84,2.7,1
2024-04-18,PROD0033,WH-SOUTH,1096,372,7,2,137.27,2.9,1
2024-04-19,PROD0033,WH-EAST,1203,456,55,6,133.59,2.6,1
2024-04-20,PROD0033,WH-SOUTH,512,698,528,2,110.27,0.7,1
2024-04-21,PROD0033,WH-EAST,1095,381,16,5,66.9,2.9,1
2024-04-22,PROD0033,WH-NORTH,1080,475,115,6,40.89,2.3,1
2024-04-23,PROD0033,WH-NORTH,340,545,432,13,17.45,0.6,1
2024-04-24,PROD0033,WH-SOUTH,642,493,279,5,190.19,1.3,1
2024-04-25,PROD0033,WH-SOUTH,1418,491,19,8,83.61,2.9,1
2024-04-26,PROD0033,WH-SOUTH,453,530,379,10,179.16,0.9,1
2024-04-27,PROD0033,WH-EAST,1340,349,0,2,143.07,3.8,0
2024-04-28,PROD0033,WH-SOUTH,858,585,299,3,18.62,1.5,1
2024-04-29,PROD0033,WH-NORTH,397,522,390,4,157.42,0.8,1
2024-04-30,PROD0033,WH-SOUTH,1293,502,71,7,175.15,2.6,1
2024-05-01,PROD0033,WH-EAST,1419,478,5,3,130.9,3.0,1
2024-05-02,PROD0033,WH-SOUTH,317,534,429,4,175.3,0.6,1
2024-05-03,PROD0033,WH-EAST,1117,384,12,2,162.21,2.9,1
2024-05-04,PROD0033,WH-EAST,0,457,457,6,186.01,0.0,1
2024-05-05,PROD0033,WH-NORTH,273,460,369,13,149.53,0.6,1
2024-05-06,PROD0033,WH-EAST,1390,427,0,13,79.98,3.3,0
2024-05-07,PROD0033,WH-EAST,823,672,398,3,25.57,1.2,1
2024-05-08,PROD0033,WH-SOUTH,440,471,325,10,108.98,0.9,1
2024-05-09,PROD0033,WH-SOUTH,845,573,292,7,57.25,1.5,1
2024-05-10,PROD0033,WH-EAST,893,446,149,13,177.06,2.0,1
2024-05-11,PROD0033,WH-NORTH,955,615,297,8,72.6,1.6,1
2024-05-12,PROD0033,WH-NORTH,1206,471,69,7,85.05,2.6,1
2024-05-13,PROD0033,WH-NORTH,1274,401,0,11,130.1,3.2,0
2024-05-14,PROD0033,WH-NORTH,1092,468,104,13,23.17,2.3,1
2024-05-15,PROD0033,WH-EAST,1401,655,188,5,115.25,2.1,1
2024-05-16,PROD0033,WH-EAST,631,529,319,12,89.56,1.2,1
2024-05-17,PROD0033,WH-NORTH,0,494,494,5,101.66,0.0,1
2024-05-18,PROD0033,WH-EAST,993,519,188,4,29.2,1.9,1
2024-05-19,PROD0033,WH-EAST,743,487,240,14,80.33,1.5,1
2024-05-20,PROD0033,WH-SOUTH,299,490,391,12,68.94,0.6,1
2024-05-21,PROD0033,WH-NORTH,1183,561,167,13,41.74,2.1,1
2024-05-22,PROD0033,WH-SOUTH,1060,439,86,8,170.26,2.4,1
2024-05-23,PROD0033,WH-EAST,578,470,278,14,77.94,1.2,1
2024-05-24,PROD0033,WH-EAST,1235,446,35,13,6.34,2.8,1
2024-05-25,PROD0033,WH-EAST,900,412,112,7,121.32,2.2,1
2024-05-26,PROD0033,WH-SOUTH,1167,591,202,2,171.33,2.0,1
2024-05-27,PROD0033,WH-NORTH,1278,521,95,13,140.41,2.5,1
2024-05-28,PROD0033,WH-NORTH,1119,394,21,7,171.29,2.8,1
2024-05-29,PROD0033,WH-NORTH,280,586,493,6,85.01,0.5,1
2024-05-30,PROD0033,WH-EAST,1349,497,48,13,86.89,2.7,1
2024-05-31,PROD0033,WH-SOUTH,0,355,355,3,16.04,0.0,1
2024-06-01,PROD0033,WH-EAST,304,302,201,3,6.5,1.0,1
2024-06-02,PROD0033,WH-NORTH,976,365,40,4,60.34,2.7,1
2024-06-03,PROD0033,WH-NORTH,1427,310,0,7,169.62,4.6,0
2024-06-04,PROD0033,WH-EAST,549,265,82,3,90.62,2.1,1
2024-06-05,PROD0033,WH-NORTH,1297,552,120,5,132.29,2.3,1
2024-06-06,PROD0033,WH-EAST,1397,648,183,5,132.23,2.2,1
2024-06-07,PROD0033,WH-SOUTH,1396,426,0,11,195.49,3.3,0
2024-06-08,PROD0033,WH-NORTH,828,483,207,8,180.46,1.7,1
2024-06-09,PROD0033,WH-EAST,1389,590,127,13,188.15,2.4,1
2024-06-10,PROD0033,WH-EAST,690,326,96,5,54.1,2.1,1
2024-06-11,PROD0033,WH-SOUTH,1049,472,123,4,74.43,2.2,1
2024-06-12,PROD0033,WH-SOUTH,719,474,235,6,46.24,1.5,1
2024-06-13,PROD0033,WH-SOUTH,512,524,354,6,16.89,1.0,1
2024-06-14,PROD0033,WH-NORTH,683,459,232,8,171.71,1.5,1
2024-06-15,PROD0033,WH-SOUTH,909,356,53,8,153.68,2.6,1
2024-06-16,PROD0033,WH-EAST,989,551,222,14,128.64,1.8,1
2024-06-17,PROD0033,WH-NORTH,1309,474,38,3,97.46,2.8,1
2024-06-18,PROD0033,WH-NORTH,470,545,389,3,143.0,0.9,1
2024-06-19,PROD0033,WH-NORTH,1192,540,143,3,71.72,2.2,1
2024-06-20,PROD0033,WH-NORTH,1269,598,175,8,150.43,2.1,1
2024-06-21,PROD0033,WH-EAST,1302,568,134,11,101.58,2.3,1
2024-06-22,PROD0033,WH-NORTH,984,291,0,3,9.59,3.4,0
2024-06-23,PROD0033,WH-EAST,528,515,339,8,155.13,1.0,1
2024-06-24,PROD0033,WH-NORTH,473,316,159,4,48.92,1.5,1
2024-06-25,PROD0033,WH-SOUTH,1045,458,110,8,152.92,2.3,1
2024-06-26,PROD0033,WH-EAST,1378,456,0,8,54.45,3.0,0
2024-06-27,PROD0033,WH-NORTH,426,548,406,10,156.25,0.8,1
2024-06-28,PROD0033,WH-EAST,478,501,342,3,63.48,1.0,1
2024-01-01,PROD0034,WH-NORTH,274,119,28,6,69.64,2.3,1
2024-01-02,PROD0034,WH-SOUTH,197,114,49,6,89.46,1.7,1
2024-01-03,PROD0034,WH-EAST,112,134,97,4,174.96,0.8,1
2024-01-04,PROD0034,WH-SOUTH,112,66,29,6,58.59,1.7,1
2024-01-05,PROD0034,WH-EAST,254,117,33,8,36.9,2.2,1
2024-01-06,PROD0034,WH-NORTH,207,133,64,12,103.3,1.6,1
2024-01-07,PROD0034,WH-NORTH,142,83,36,14,37.28,1.7,1
2024-01-08,PROD0034,WH-NORTH,242,106,26,6,140.81,2.3,1
2024-01-09,PROD0034,WH-NORTH,320,111,5,13,118.02,2.9,1
2024-01-10,PROD0034,WH-NORTH,182,102,42,3,96.66,1.8,1
2024-01-11,PROD0034,WH-NORTH,80,108,82,10,172.98,0.7,1
2024-01-12,PROD0034,WH-SOUTH,349,87,0,6,160.11,4.0,0
2024-01-13,PROD0034,WH-EAST,76,78,53,5,130.25,1.0,1
2024-01-14,PROD0034,WH-SOUTH,95,151,120,6,118.71,0.6,1
2024-01-15,PROD0034,WH-NORTH,112,111,74,6,128.69,1.0,1
2024-01-16,PROD0034,WH-NORTH,163,122,68,10,117.71,1.3,1
2024-01-17,PROD0034,WH-EAST,119,84,45,6,191.86,1.4,1
2024-01-18,PROD0034,WH-SOUTH,321,104,0,5,146.97,3.1,0
2024-01-19,PROD0034,WH-NORTH,197,109,44,4,129.9,1.8,1
2024-01-20,PROD0034,WH-SOUTH,142,117,70,3,60.9,1.2,1
2024-01-21,PROD0034,WH-SOUTH,324,108,0,4,81.01,3.0,0
2024-01-22,PROD0034,WH-SOUTH,336,109,0,10,102.53,3.1,0
2024-01-23,PROD0034,WH-EAST,346,132,17,12,108.23,2.6,1
2024-01-24,PROD0034,WH-EAST,330,117,7,6,58.33,2.8,1
2024-01-25,PROD0034,WH-EAST,238,108,29,7,46.26,2.2,1
2024-01-26,PROD0034,WH-NORTH,89,85,56,5,175.93,1.0,1
2024-01-27,PROD0034,WH-NORTH,293,91,0,13,168.04,3.2,0
2024-01-28,PROD0034,WH-NORTH,308,130,28,14,157.88,2.4,1
2024-01-29,PROD0034,WH-NORTH,248,124,42,7,189.4,2.0,1
2024-01-30,PROD0034,WH-EAST,119,118,79,2,33.86,1.0,1
2024-01-31,PROD0034,WH-EAST,245,86,5,5,47.61,2.8,1
2024-02-01,PROD0034,WH-EAST,331,137,27,3,5.33,2.4,1
2024-02-02,PROD0034,WH-EAST,74,130,106,10,111.98,0.6,1
2024-02-03,PROD0034,WH-EAST,321,101,0,6,12.23,3.2,0
2024-02-04,PROD0034,WH-EAST,287,95,0,2,16.17,3.0,0
2024-02-05,PROD0034,WH-NORTH,155,138,87,7,170.42,1.1,1
2024-02-06,PROD0034,WH-SOUTH,240,107,27,4,33.47,2.2,1
2024-02-07,PROD0034,WH-SOUTH,332,145,35,6,155.88,2.3,1
2024-02-08,PROD0034,WH-EAST,226,88,13,6,89.03,2.6,1
2024-02-09,PROD0034,WH-NORTH,223,82,8,7,63.62,2.7,1
2024-02-10,PROD0034,WH-SOUTH,221,158,85,5,34.3,1.4,1
2024-02-11,PROD0034,WH-EAST,112,107,70,2,174.42,1.0,1
2024-02-12,PROD0034,WH-EAST,321,119,12,4,76.07,2.7,1
2024-02-13,PROD0034,WH-SOUTH,234,120,42,4,93.16,1.9,1
2024-02-14,PROD0034,WH-NORTH,319,128,22,9,7.2,2.5,1
2024-02-15,PROD0034,WH-SOUTH,308,121,19,7,187.68,2.5,1
2024-02-16,PROD0034,WH-NORTH,210,121,51,9,29.77,1.7,1
2024-02-17,PROD0034,WH-SOUTH,238,109,30,10,176.15,2.2,1
2024-02-18,PROD0034,WH-EAST,206,136,68,9,45.02,1.5,1
2024-02-19,PROD0034,WH-EAST,216,137,65,8,90.65,1.6,1
2024-02-20,PROD0034,WH-SOUTH,324,124,16,12,164.5,2.6,1
2024-02-21,PROD0034,WH-EAST,332,76,0,2,44.56,4.4,0
2024-02-22,PROD0034,WH-EAST,188,132,70,11,117.42,1.4,1
2024-02-23,PROD0034,WH-NORTH,300,101,1,7,99.21,3.0,1
2024-02-24,PROD0034,WH-EAST,101,81,48,11,58.0,1.2,1
2024-02-25,PROD0034,WH-NORTH,332,147,37,6,14.5,2.3,1
2024-02-26,PROD0034,WH-SOUTH,102,93,59,12,50.16,1.1,1
2024-02-27,PROD0034,WH-SOUTH,216,113,41,9,186.82,1.9,1
2024-02-28,PROD0034,WH-EAST,144,125,77,6,28.68,1.2,1
2024-02-29,PROD0034,WH-EAST,0,94,94,10,184.69,0.0,1
2024-03-01,PROD0034,WH-NORTH,211,111,41,11,153.28,1.9,1
2024-03-02,PROD0034,WH-EAST,172,129,72,14,174.2,1.3,1
2024-03-03,PROD0034,WH-SOUTH,197,138,73,4,163.87,1.4,1
2024-03-04,PROD0034,WH-SOUTH,340,125,12,7,32.03,2.7,1
2024-03-05,PROD0034,WH-NORTH,152,102,52,2,111.1,1.5,1
2024-03-06,PROD0034,WH-SOUTH,117,107,68,2,134.12,1.1,1
2024-03-07,PROD0034,WH-NORTH,196,92,27,5,192.47,2.1,1
2024-03-08,PROD0034,WH-EAST,91,117,87,14,45.83,0.8,1
2024-03-09,PROD0034,WH-EAST,176,165,107,11,29.49,1.1,1
2024-03-10,PROD0034,WH-SOUTH,311,129,26,5,192.15,2.4,1
2024-03-11,PROD0034,WH-EAST,170,91,35,11,108.52,1.9,1
2024-03-12,PROD0034,WH-NORTH,273,119,28,9,147.8,2.3,1
2024-03-13,PROD0034,WH-NORTH,151,140,90,13,120.13,1.1,1
2024-03-14,PROD0034,WH-EAST,336,111,0,10,7.48,3.0,0
2024-03-15,PROD0034,WH-EAST,254,91,7,13,72.35,2.8,1
2024-03-16,PROD0034,WH-SOUTH,229,126,50,4,115.16,1.8,1
2024-03-17,PROD0034,WH-NORTH,189,102,39,9,54.31,1.9,1
2024-03-18,PROD0034,WH-SOUTH,172,126,69,6,80.82,1.4,1
2024-03-19,PROD0034,WH-EAST,80,88,62,9,111.96,0.9,1
2024-03-20,PROD0034,WH-EAST,192,117,53,3,96.88,1.6,1
2024-03-21,PROD0034,WH-EAST,153,102,51,11,112.77,1.5,1
2024-03-22,PROD0034,WH-SOUTH,77,150,125,2,62.29,0.5,1
2024-03-23,PROD0034,WH-NORTH,87,153,124,10,187.22,0.6,1
2024-03-24,PROD0034,WH-NORTH,95,125,94,10,169.12,0.8,1
2024-03-25,PROD0034,WH-SOUTH,255,94,9,4,118.27,2.7,1
2024-03-26,PROD0034,WH-EAST,327,142,33,9,174.26,2.3,1
2024-03-27,PROD0034,WH-SOUTH,274,122,31,3,146.46,2.2,1
2024-03-28,PROD0034,WH-SOUTH,115,179,141,7,33.7,0.6,1
2024-03-29,PROD0034,WH-NORTH,233,110,33,7,124.74,2.1,1
2024-03-30,PROD0034,WH-NORTH,165,119,64,10,43.3,1.4,1
2024-03-31,PROD0034,WH-NORTH,257,121,36,8,52.21,2.1,1
2024-04-01,PROD0034,WH-NORTH,118,108,69,12,101.91,1.1,1
2024-04-02,PROD0034,WH-SOUTH,304,62,0,4,146.84,4.9,0
2024-04-03,PROD0034,WH-SOUTH,88,110,81,12,162.07,0.8,1
2024-04-04,PROD0034,WH-EAST,236,154,76,3,169.69,1.5,1
2024-04-05,PROD0034,WH-NORTH,300,124,24,5,15.04,2.4,1
2024-04-06,PROD0034,WH-EAST,267,130,41,14,136.42,2.1,1
2024-04-07,PROD0034,WH-NORTH,81,76,49,4,146.75,1.1,1
2024-04-08,PROD0034,WH-EAST,160,145,92,14,7.88,1.1,1
2024-04-09,PROD0034,WH-SOUTH,305,114,13,10,188.84,2.7,1
2024-04-10,PROD0034,WH-EAST,107,130,95,11,53.73,0.8,1
2024-04-11,PROD0034,WH-NORTH,167,129,74,14,148.0,1.3,1
2024-04-12,PROD0034,WH-SOUTH,254,130,46,12,102.38,2.0,1
2024-04-13,PROD0034,WH-NORTH,292,134,37,9,85.95,2.2,1
2024-04-14,PROD0034,WH-NORTH,249,131,48,9,87.7,1.9,1
2024-04-15,PROD0034,WH-SOUTH,93,133,102,2,137.28,0.7,1
2024-04-16,PROD0034,WH-NORTH,77,124,99,8,131.96,0.6,1
2024-04-17,PROD0034,WH-SOUTH,78,130,104,6,67.71,0.6,1
2024-04-18,PROD0034,WH-NORTH,336,129,17,12,116.68,2.6,1
2024-04-19,PROD0034,WH-NORTH,288,118,22,8,23.88,2.4,1
2024-04-20,PROD0034,WH-SOUTH,232,81,4,5,157.67,2.9,1
2024-04-21,PROD0034,WH-EAST,276,130,38,14,106.05,2.1,1
2024-04-22,PROD0034,WH-EAST,127,117,75,5,38.05,1.1,1
2024-04-23,PROD0034,WH-NORTH,169,115,59,11,112.5,1.5,1
2024-04-24,PROD0034,WH-SOUTH,298,99,0,4,74.05,3.0,0
2024-04-25,PROD0034,WH-SOUTH,94,121,90,10,109.04,0.8,1
2024-04-26,PROD0034,WH-SOUTH,85,89,61,7,184.74,1.0,1
2024-04-27,PROD0034,WH-NORTH,135,186,141,2,175.65,0.7,1
2024-04-28,PROD0034,WH-NORTH,206,81,13,14,24.91,2.5,1
2024-04-29,PROD0034,WH-NORTH,338,141,29,3,142.06,2.4,1
2024-04-30,PROD0034,WH-EAST,111,133,96,4,80.08,0.8,1
2024-05-01,PROD0034,WH-NORTH,245,150,69,2,142.92,1.6,1
2024-05-02,PROD0034,WH-SOUTH,98,127,95,9,57.16,0.8,1
2024-05-03,PROD0034,WH-NORTH,195,85,20,6,116.42,2.3,1
2024-05-04,PROD0034,WH-NORTH,115,134,96,13,120.82,0.9,1
2024-05-05,PROD0034,WH-SOUTH,217,126,54,6,117.36,1.7,1
2024-05-06,PROD0034,WH-SOUTH,216,160,88,3,100.75,1.4,1
2024-05-07,PROD0034,WH-SOUTH,143,133,86,6,50.96,1.1,1
2024-05-08,PROD0034,WH-SOUTH,102,130,96,11,80.35,0.8,1
2024-05-09,PROD0034,WH-EAST,244,139,58,11,124.53,1.8,1
2024-05-10,PROD0034,WH-EAST,59,134,115,12,128.1,0.4,1
2024-05-11,PROD0034,WH-NORTH,73,103,79,2,163.52,0.7,1
2024-05-12,PROD0034,WH-NORTH,208,128,59,14,182.57,1.6,1
2024-05-13,PROD0034,WH-NORTH,119,132,93,12,106.75,0.9,1
2024-05-14,PROD0034,WH-EAST,238,137,58,5,140.4,1.7,1
2024-05-15,PROD0034,WH-SOUTH,87,133,104,10,189.97,0.7,1
2024-05-16,PROD0034,WH-EAST,347,154,39,13,142.5,2.3,1
2024-05-17,PROD0034,WH-NORTH,126,122,80,14,80.6,1.0,1
2024-05-18,PROD0034,WH-EAST,188,69,7,3,189.29,2.7,1
2024-05-19,PROD0034,WH-NORTH,246,121,39,9,52.15,2.0,1
2024-05-20,PROD0034,WH-EAST,309,89,0,2,182.66,3.5,0
2024-05-21,PROD0034,WH-SOUTH,242,123,43,8,125.64,2.0,1
2024-05-22,PROD0034,WH-EAST,337,88,0,13,89.89,3.8,0
2024-05-23,PROD0034,WH-NORTH,297,82,0,7,144.55,3.6,0
2024-05-24,PROD0034,WH-EAST,271,125,35,4,189.35,2.2,1
2024-05-25,PROD0034,WH-SOUTH,339,112,0,7,97.75,3.0,0
2024-05-26,PROD0034,WH-NORTH,315,112,7,2,177.9,2.8,1
2024-05-27,PROD0034,WH-EAST,261,144,57,14,107.33,1.8,1
2024-05-28,PROD0034,WH-EAST,285,91,0,8,58.31,3.1,0
2024-05-29,PROD0034,WH-NORTH,335,102,0,2,24.96,3.3,0
2024-05-30,PROD0034,WH-EAST,195,151,86,3,36.92,1.3,1
2024-05-31,PROD0034,WH-NORTH,249,121,38,3,77.2,2.1,1
2024-06-01,PROD0034,WH-NORTH,243,98,17,4,142.0,2.5,1
2024-06-02,PROD0034,WH-NORTH,115,110,72,2,194.66,1.0,1
2024-06-03,PROD0034,WH-NORTH,178,75,16,9,29.38,2.4,1
2024-06-04,PROD0034,WH-EAST,330,135,25,14,190.5,2.4,1
2024-06-05,PROD0034,WH-SOUTH,196,111,46,3,89.19,1.8,1
2024-06-06,PROD0034,WH-EAST,319,118,12,7,136.48,2.7,1
2024-06-07,PROD0034,WH-SOUTH,165,130,75,7,186.81,1.3,1
2024-06-08,PROD0034,WH-NORTH,94,88,57,2,174.68,1.1,1
2024-06-09,PROD0034,WH-SOUTH,181,135,75,7,187.58,1.3,1
2024-06-10,PROD0034,WH-SOUTH,64,149,128,5,127.29,0.4,1
2024-06-11,PROD0034,WH-NORTH,232,127,50,12,92.63,1.8,1
2024-06-12,PROD0034,WH-NORTH,164,151,97,7,125.75,1.1,1
2024-06-13,PROD0034,WH-NORTH,296,119,21,10,63.44,2.5,1
2024-06-14,PROD0034,WH-EAST,130,51,8,2,23.91,2.5,1
2024-06-15,PROD0034,WH-NORTH,196,93,28,9,107.39,2.1,1
2024-06-16,PROD0034,WH-EAST,94,154,123,14,52.33,0.6,1
2024-06-17,PROD0034,WH-EAST,120,136,96,7,155.0,0.9,1
2024-06-18,PROD0034,WH-EAST,333,128,17,3,31.06,2.6,1
2024-06-19,PROD0034,WH-NORTH,221,147,74,14,103.92,1.5,1
2024-06-20,PROD0034,WH-NORTH,220,118,45,6,174.4,1.9,1
2024-06-21,PROD0034,WH-EAST,273,69,0,5,163.17,4.0,0
2024-06-22,PROD0034,WH-SOUTH,96,92,60,3,115.56,1.0,1
2024-06-23,PROD0034,WH-NORTH,154,109,58,5,169.05,1.4,1
2024-06-24,PROD0034,WH-EAST,164,115,61,11,153.27,1.4,1
2024-06-25,PROD0034,WH-EAST,277,122,30,13,125.02,2.3,1
2024-06-26,PROD0034,WH-SOUTH,119,122,83,5,135.37,1.0,1
2024-06-27,PROD0034,WH-NORTH,125,177,136,7,167.37,0.7,1
2024-06-28,PROD0034,WH-EAST,301,86,0,11,139.7,3.5,0
2024-01-01,PROD0035,WH-EAST,808,312,43,10,7.35,2.6,1
2024-01-02,PROD0035,WH-SOUTH,468,398,242,8,63.7,1.2,1
2024-01-03,PROD0035,WH-SOUTH,891,320,23,5,15.2,2.8,1
2024-01-04,PROD0035,WH-EAST,565,282,94,9,16.68,2.0,1
2024-01-05,PROD0035,WH-EAST,882,375,81,2,193.86,2.4,1
2024-01-06,PROD0035,WH-NORTH,998,417,85,11,61.85,2.4,1
2024-01-07,PROD0035,WH-NORTH,707,303,68,5,128.93,2.3,1
2024-01-08,PROD0035,WH-NORTH,658,228,9,6,157.06,2.9,1
2024-01-09,PROD0035,WH-NORTH,839,373,94,5,198.07,2.2,1
2024-01-10,PROD0035,WH-NORTH,400,331,198,13,101.16,1.2,1
2024-01-11,PROD0035,WH-SOUTH,0,345,345,9,118.02,0.0,1
2024-01-12,PROD0035,WH-EAST,255,382,297,4,100.16,0.7,1
2024-01-13,PROD0035,WH-SOUTH,229,279,203,4,164.99,0.8,1
2024-01-14,PROD0035,WH-EAST,584,365,171,2,53.6,1.6,1
2024-01-15,PROD0035,WH-NORTH,279,395,302,13,103.84,0.7,1
2024-01-16,PROD0035,WH-SOUTH,806,253,0,2,176.73,3.2,0
2024-01-17,PROD0035,WH-NORTH,182,384,324,13,151.96,0.5,1
2024-01-18,PROD0035,WH-SOUTH,306,253,151,10,71.42,1.2,1
2024-01-19,PROD0035,WH-SOUTH,603,520,319,7,141.06,1.2,1
2024-01-20,PROD0035,WH-NORTH,993,358,27,12,12.56,2.8,1
2024-01-21,PROD0035,WH-SOUTH,971,406,83,2,75.91,2.4,1
2024-01-22,PROD0035,WH-EAST,656,305,87,14,189.49,2.2,1
2024-01-23,PROD0035,WH-NORTH,205,466,398,9,146.41,0.4,1
2024-01-24,PROD0035,WH-SOUTH,368,236,114,3,174.43,1.6,1
2024-01-25,PROD0035,WH-SOUTH,0,280,280,12,37.86,0.0,1
2024-01-26,PROD0035,WH-NORTH,736,285,40,13,48.9,2.6,1
2024-01-27,PROD0035,WH-EAST,490,357,194,11,115.18,1.4,1
2024-01-28,PROD0035,WH-NORTH,195,260,195,9,24.19,0.8,1
2024-01-29,PROD0035,WH-NORTH,329,372,263,9,171.8,0.9,1
2024-01-30,PROD0035,WH-EAST,946,307,0,8,26.77,3.1,0
2024-01-31,PROD0035,WH-EAST,1022,235,0,3,42.61,4.3,0
2024-02-01,PROD0035,WH-SOUTH,459,469,316,10,23.47,1.0,1
2024-02-02,PROD0035,WH-EAST,833,328,51,7,7.43,2.5,1
2024-02-03,PROD0035,WH-NORTH,626,277,69,3,151.4,2.3,1
2024-02-04,PROD0035,WH-EAST,967,489,167,14,127.89,2.0,1
2024-02-05,PROD0035,WH-SOUTH,248,221,139,2,16.79,1.1,1
2024-02-06,PROD0035,WH-EAST,560,361,175,10,64.06,1.6,1
2024-02-07,PROD0035,WH-EAST,309,395,292,3,26.49,0.8,1
2024-02-08,PROD0035,WH-SOUTH,749,371,122,7,187.81,2.0,1
2024-02-09,PROD0035,WH-NORTH,372,244,120,2,87.59,1.5,1
2024-02-10,PROD0035,WH-EAST,809,405,136,4,41.8,2.0,1
2024-02-11,PROD0035,WH-NORTH,189,376,313,6,95.66,0.5,1
2024-02-12,PROD0035,WH-EAST,873,352,61,6,102.71,2.5,1
2024-02-13,PROD0035,WH-SOUTH,341,255,142,7,8.9,1.3,1
2024-02-14,PROD0035,WH-NORTH,695,535,304,2,107.94,1.3,1
2024-02-15,PROD0035,WH-SOUTH,749,423,174,4,17.66,1.8,1
2024-02-16,PROD0035,WH-EAST,655,277,59,6,58.96,2.4,1
2024-02-17,PROD0035,WH-EAST,187,307,245,4,10.26,0.6,1
2024-02-18,PROD0035,WH-EAST,587,374,179,5,127.92,1.6,1
2024-02-19,PROD0035,WH-EAST,951,243,0,14,87.57,3.9,0
2024-02-20,PROD0035,WH-NORTH,181,345,285,9,117.87,0.5,1
2024-02-21,PROD0035,WH-SOUTH,644,296,82,10,8.22,2.2,1
2024-02-22,PROD0035,WH-EAST,396,342,210,2,28.27,1.2,1
2024-02-23,PROD0035,WH-SOUTH,577,322,130,2,47.98,1.8,1
2024-02-24,PROD0035,WH-EAST,235,365,287,14,140.39,0.6,1
2024-02-25,PROD0035,WH-SOUTH,560,341,155,13,7.73,1.6,1
2024-02-26,PROD0035,WH-EAST,1014,306,0,2,27.57,3.3,0
2024-02-27,PROD0035,WH-EAST,188,387,325,3,141.9,0.5,1
2024-02-28,PROD0035,WH-SOUTH,563,348,161,9,84.15,1.6,1
2024-02-29,PROD0035,WH-NORTH,915,400,95,10,110.37,2.3,1
2024-03-01,PROD0035,WH-NORTH,597,326,127,14,100.66,1.8,1
2024-03-02,PROD0035,WH-NORTH,345,452,337,10,158.65,0.8,1
2024-03-03,PROD0035,WH-NORTH,613,391,187,11,155.18,1.6,1
2024-03-04,PROD0035,WH-EAST,528,447,271,9,50.23,1.2,1
2024-03-05,PROD0035,WH-NORTH,639,352,139,3,76.42,1.8,1
2024-03-06,PROD0035,WH-EAST,423,247,106,13,99.81,1.7,1
2024-03-07,PROD0035,WH-SOUTH,895,416,118,4,165.42,2.2,1
2024-03-08,PROD0035,WH-NORTH,410,278,142,13,38.34,1.5,1
2024-03-09,PROD0035,WH-SOUTH,720,338,98,14,92.3,2.1,1
2024-03-10,PROD0035,WH-SOUTH,621,294,87,7,140.47,2.1,1
2024-03-11,PROD0035,WH-EAST,385,452,324,2,199.4,0.9,1
2024-03-12,PROD0035,WH-EAST,913,213,0,9,115.89,4.3,0
2024-03-13,PROD0035,WH-NORTH,0,364,364,4,29.07,0.0,1
2024-03-14,PROD0035,WH-EAST,556,404,219,5,35.44,1.4,1
2024-03-15,PROD0035,WH-EAST,865,421,133,10,194.88,2.1,1
2024-03-16,PROD0035,WH-EAST,220,280,207,13,89.6,0.8,1
2024-03-17,PROD0035,WH-NORTH,219,292,219,8,170.09,0.8,1
2024-03-18,PROD0035,WH-NORTH,617,426,221,14,161.67,1.4,1
2024-03-19,PROD0035,WH-EAST,819,416,143,9,97.42,2.0,1
2024-03-20,PROD0035,WH-SOUTH,932,302,0,5,134.59,3.1,0
2024-03-21,PROD0035,WH-SOUTH,583,292,98,13,62.63,2.0,1
2024-03-22,PROD0035,WH-EAST,777,404,145,9,36.29,1.9,1
2024-03-23,PROD0035,WH-NORTH,314,398,294,13,57.05,0.8,1
2024-03-24,PROD0035,WH-SOUTH,247,318,236,4,148.91,0.8,1
2024-03-25,PROD0035,WH-EAST,643,276,62,10,89.98,2.3,1
2024-03-26,PROD0035,WH-EAST,240,407,327,3,182.33,0.6,1
2024-03-27,PROD0035,WH-NORTH,425,280,139,13,92.65,1.5,1
2024-03-28,PROD0035,WH-SOUTH,903,321,20,3,183.78,2.8,1
2024-03-29,PROD0035,WH-SOUTH,318,382,276,14,36.23,0.8,1
2024-03-30,PROD0035,WH-NORTH,229,224,148,9,96.94,1.0,1
2024-03-31,PROD0035,WH-EAST,212,452,382,5,137.17,0.5,1
2024-04-01,PROD0035,WH-SOUTH,764,384,130,12,55.34,2.0,1
2024-04-02,PROD0035,WH-EAST,188,361,299,7,92.84,0.5,1
2024-04-03,PROD0035,WH-NORTH,587,267,72,3,122.16,2.2,1
2024-04-04,PROD0035,WH-EAST,234,379,301,7,192.2,0.6,1
2024-04-05,PROD0035,WH-EAST,583,332,138,9,174.75,1.8,1
2024-04-06,PROD0035,WH-NORTH,921,406,99,13,179.9,2.3,1
2024-04-07,PROD0035,WH-NORTH,582,443,249,14,167.96,1.3,1
2024-04-08,PROD0035,WH-NORTH,574,413,222,10,77.16,1.4,1
2024-04-09,PROD0035,WH-EAST,508,348,179,7,153.14,1.5,1
2024-04-10,PROD0035,WH-EAST,512,419,249,2,142.08,1.2,1
2024-04-11,PROD0035,WH-NORTH,516,275,103,3,176.7,1.9,1
2024-04-12,PROD0035,WH-SOUTH,781,356,96,4,190.48,2.2,1
2024-04-13,PROD0035,WH-EAST,541,246,66,7,185.98,2.2,1
2024-04-14,PROD0035,WH-EAST,352,209,92,10,100.94,1.7,1
2024-04-15,PROD0035,WH-EAST,791,361,98,5,160.74,2.2,1
2024-04-16,PROD0035,WH-EAST,292,389,292,14,35.48,0.8,1
2024-04-17,PROD0035,WH-NORTH,387,367,238,6,26.74,1.1,1
2024-04-18,PROD0035,WH-SOUTH,186,490,428,7,132.86,0.4,1
2024-04-19,PROD0035,WH-NORTH,502,421,254,12,93.43,1.2,1
2024-04-20,PROD0035,WH-SOUTH,839,317,38,9,66.81,2.6,1
2024-04-21,PROD0035,WH-SOUTH,0,343,343,5,65.37,0.0,1
2024-04-22,PROD0035,WH-SOUTH,764,271,17,3,9.55,2.8,1
2024-04-23,PROD0035,WH-NORTH,518,405,233,4,88.34,1.3,1
2024-04-24,PROD0035,WH-NORTH,576,390,198,6,177.83,1.5,1
2024-04-25,PROD0035,WH-SOUTH,0,290,290,8,74.87,0.0,1
2024-04-26,PROD0035,WH-SOUTH,586,231,36,14,93.75,2.5,1
2024-04-27,PROD0035,WH-EAST,425,237,96,6,95.39,1.8,1
2024-04-28,PROD0035,WH-SOUTH,901,326,26,13,37.83,2.8,1
2024-04-29,PROD0035,WH-SOUTH,498,256,90,10,180.77,1.9,1
2024-04-30,PROD0035,WH-NORTH,534,404,226,6,191.96,1.3,1
2024-05-01,PROD0035,WH-EAST,830,420,144,12,194.07,2.0,1
2024-05-02,PROD0035,WH-SOUTH,385,333,205,14,10.94,1.2,1
2024-05-03,PROD0035,WH-NORTH,680,377,151,13,188.7,1.8,1
2024-05-04,PROD0035,WH-NORTH,969,190,0,7,133.76,5.1,0
2024-05-05,PROD0035,WH-NORTH,854,177,0,9,135.36,4.8,0
2024-05-06,PROD0035,WH-NORTH,276,419,327,6,137.84,0.7,1
2024-05-07,PROD0035,WH-EAST,540,447,267,5,180.74,1.2,1
2024-05-08,PROD0035,WH-EAST,644,348,134,2,34.44,1.9,1
2024-05-09,PROD0035,WH-EAST,989,424,95,8,44.34,2.3,1
2024-05-10,PROD0035,WH-NORTH,746,313,65,5,66.8,2.4,1
2024-05-11,PROD0035,WH-SOUTH,886,384,89,3,63.46,2.3,1
2024-05-12,PROD0035,WH-NORTH,0,332,332,3,154.32,0.0,1
2024-05-13,PROD0035,WH-EAST,585,419,224,7,39.11,1.4,1
2024-05-14,PROD0035,WH-EAST,371,353,230,6,185.85,1.1,1
2024-05-15,PROD0035,WH-SOUTH,455,307,156,11,191.53,1.5,1
2024-05-16,PROD0035,WH-EAST,819,348,75,6,6.89,2.4,1
2024-05-17,PROD0035,WH-NORTH,223,314,240,4,56.58,0.7,1
2024-05-18,PROD0035,WH-EAST,738,337,91,8,98.96,2.2,1
2024-05-19,PROD0035,WH-SOUTH,693,254,23,6,73.9,2.7,1
2024-05-20,PROD0035,WH-NORTH,378,424,298,5,28.95,0.9,1
2024-05-21,PROD0035,WH-NORTH,875,384,93,5,21.82,2.3,1
2024-05-22,PROD0035,WH-EAST,570,221,31,7,53.07,2.6,1
2024-05-23,PROD0035,WH-NORTH,400,293,160,9,159.21,1.4,1
2024-05-24,PROD0035,WH-EAST,485,315,154,10,112.68,1.5,1
2024-05-25,PROD0035,WH-EAST,219,392,319,5,69.56,0.6,1
2024-05-26,PROD0035,WH-NORTH,939,442,129,11,108.45,2.1,1
2024-05-27,PROD0035,WH-SOUTH,436,405,260,13,15.98,1.1,1
2024-05-28,PROD0035,WH-EAST,414,335,197,9,13.45,1.2,1
2024-05-29,PROD0035,WH-EAST,841,555,275,9,11.34,1.5,1
2024-05-30,PROD0035,WH-NORTH,404,298,164,8,43.25,1.4,1
2024-05-31,PROD0035,WH-NORTH,178,325,266,7,42.81,0.5,1
2024-06-01,PROD0035,WH-NORTH,811,349,79,14,92.54,2.3,1
2024-06-02,PROD0035,WH-NORTH,790,321,58,10,108.89,2.5,1
2024-06-03,PROD0035,WH-EAST,334,333,222,14,61.26,1.0,1
2024-06-04,PROD0035,WH-NORTH,911,286,0,14,121.77,3.2,0
2024-06-05,PROD0035,WH-EAST,394,301,170,2,145.92,1.3,1
2024-06-06,PROD0035,WH-EAST,313,299,195,5,116.41,1.0,1
2024-06-07,PROD0035,WH-SOUTH,580,342,149,5,108.13,1.7,1
2024-06-08,PROD0035,WH-EAST,277,347,255,7,21.13,0.8,1
2024-06-09,PROD0035,WH-NORTH,940,401,88,3,111.06,2.3,1
2024-06-10,PROD0035,WH-EAST,612,303,99,12,76.35,2.0,1
2024-06-11,PROD0035,WH-EAST,607,319,117,8,177.9,1.9,1
2024-06-12,PROD0035,WH-EAST,757,297,45,7,79.69,2.5,1
2024-06-13,PROD0035,WH-EAST,614,353,149,7,149.09,1.7,1
2024-06-14,PROD0035,WH-SOUTH,542,172,0,5,197.3,3.2,0
2024-06-15,PROD0035,WH-SOUTH,716,221,0,10,198.16,3.2,0
2024-06-16,PROD0035,WH-NORTH,909,301,0,3,15.03,3.0,0
2024-06-17,PROD0035,WH-EAST,961,378,58,6,161.02,2.5,1
2024-06-18,PROD0035,WH-EAST,490,413,250,2,35.61,1.2,1
2024-06-19,PROD0035,WH-EAST,861,427,140,5,67.81,2.0,1
2024-06-20,PROD0035,WH-NORTH,576,372,180,13,108.92,1.5,1
2024-06-21,PROD0035,WH-NORTH,465,289,134,13,195.01,1.6,1
2024-06-22,PROD0035,WH-SOUTH,950,346,30,2,90.08,2.7,1
2024-06-23,PROD0035,WH-NORTH,762,494,240,7,199.59,1.5,1
2024-06-24,PROD0035,WH-EAST,741,366,119,4,174.96,2.0,1
2024-06-25,PROD0035,WH-EAST,998,329,0,10,143.16,3.0,0
2024-06-26,PROD0035,WH-SOUTH,947,453,138,12,116.73,2.1,1
2024-06-27,PROD0035,WH-NORTH,372,386,262,13,42.84,1.0,1
2024-06-28,PROD0035,WH-SOUTH,511,187,17,13,190.65,2.7,1
2024-01-01,PROD0036,WH-EAST,52,76,59,9,46.74,0.7,1
2024-01-02,PROD0036,WH-SOUTH,41,96,83,4,39.68,0.4,1
2024-01-03,PROD0036,WH-SOUTH,109,84,48,6,135.44,1.3,1
2024-01-04,PROD0036,WH-EAST,194,59,0,4,133.74,3.3,0
2024-01-05,PROD0036,WH-NORTH,81,59,32,11,143.82,1.4,1
2024-01-06,PROD0036,WH-NORTH,90,63,33,14,32.17,1.4,1
2024-01-07,PROD0036,WH-NORTH,181,71,11,6,34.69,2.5,1
2024-01-08,PROD0036,WH-SOUTH,174,67,9,5,120.23,2.6,1
2024-01-09,PROD0036,WH-NORTH,197,29,0,12,80.12,6.8,0
2024-01-10,PROD0036,WH-NORTH,153,79,28,10,176.09,1.9,1
2024-01-11,PROD0036,WH-NORTH,41,90,77,12,97.12,0.5,1
2024-01-12,PROD0036,WH-NORTH,162,55,1,11,162.02,2.9,1
2024-01-13,PROD0036,WH-NORTH,219,53,0,3,60.74,4.1,0
2024-01-14,PROD0036,WH-NORTH,196,63,0,5,119.8,3.1,0
2024-01-15,PROD0036,WH-EAST,74,76,52,6,71.94,1.0,1
2024-01-16,PROD0036,WH-SOUTH,203,59,0,3,139.22,3.4,0
2024-01-17,PROD0036,WH-NORTH,163,57,3,14,108.36,2.9,1
2024-01-18,PROD0036,WH-SOUTH,0,63,63,9,143.74,0.0,1
2024-01-19,PROD0036,WH-EAST,78,90,64,14,47.93,0.9,1
2024-01-20,PROD0036,WH-NORTH,214,83,12,3,51.77,2.6,1
2024-01-21,PROD0036,WH-NORTH,208,52,0,11,6.95,4.0,0
2024-01-22,PROD0036,WH-SOUTH,78,93,67,10,48.77,0.8,1
2024-01-23,PROD0036,WH-NORTH,217,85,13,12,87.6,2.6,1
2024-01-24,PROD0036,WH-NORTH,58,93,74,10,65.13,0.6,1
2024-01-25,PROD0036,WH-EAST,182,78,18,8,63.43,2.3,1
2024-01-26,PROD0036,WH-NORTH,82,52,25,14,16.16,1.6,1
2024-01-27,PROD0036,WH-EAST,123,58,17,11,18.25,2.1,1
2024-01-28,PROD0036,WH-SOUTH,112,81,44,12,160.85,1.4,1
2024-01-29,PROD0036,WH-NORTH,108,67,31,3,136.17,1.6,1
2024-01-30,PROD0036,WH-NORTH,62,61,41,5,64.23,1.0,1
2024-01-31,PROD0036,WH-EAST,44,74,60,13,90.76,0.6,1
2024-02-01,PROD0036,WH-NORTH,99,89,56,10,86.45,1.1,1
2024-02-02,PROD0036,WH-EAST,138,94,48,2,197.37,1.5,1
2024-02-03,PROD0036,WH-EAST,156,80,28,2,146.82,1.9,1
2024-02-04,PROD0036,WH-NORTH,131,97,54,3,82.49,1.4,1
2024-02-05,PROD0036,WH-NORTH,200,89,23,13,102.19,2.2,1
2024-02-06,PROD0036,WH-SOUTH,212,65,0,5,193.94,3.3,0
2024-02-07,PROD0036,WH-SOUTH,207,66,0,10,9.48,3.1,0
2024-02-08,PROD0036,WH-NORTH,121,95,55,8,92.84,1.3,1
2024-02-09,PROD0036,WH-EAST,69,87,64,13,110.13,0.8,1
2024-02-10,PROD0036,WH-NORTH,38,70,58,14,42.94,0.5,1
2024-02-11,PROD0036,WH-EAST,202,93,26,2,166.03,2.2,1
2024-02-12,PROD0036,WH-NORTH,0,92,92,3,180.28,0.0,1
2024-02-13,PROD0036,WH-EAST,45,71,56,13,96.52,0.6,1
2024-02-14,PROD0036,WH-NORTH,110,60,24,9,24.85,1.8,1
2024-02-15,PROD0036,WH-EAST,0,85,85,5,184.85,0.0,1
2024-02-16,PROD0036,WH-SOUTH,221,66,0,6,20.27,3.3,0
2024-02-17,PROD0036,WH-NORTH,80,87,61,6,160.02,0.9,1
2024-02-18,PROD0036,WH-SOUTH,220,53,0,10,119.7,4.2,0
2024-02-19,PROD0036,WH-SOUTH,95,60,29,14,65.33,1.6,1
2024-02-20,PROD0036,WH-EAST,220,60,0,6,87.56,3.7,0
2024-02-21,PROD0036,WH-SOUTH,205,80,12,2,159.71,2.6,1
2024-02-22,PROD0036,WH-EAST,71,61,38,10,119.89,1.2,1
2024-02-23,PROD0036,WH-EAST,142,73,26,6,25.5,1.9,1
2024-02-24,PROD0036,WH-SOUTH,198,92,26,14,49.18,2.2,1
2024-02-25,PROD0036,WH-EAST,138,71,25,2,137.41,1.9,1
2024-02-26,PROD0036,WH-NORTH,134,66,22,6,42.55,2.0,1
2024-02-27,PROD0036,WH-NORTH,159,61,8,2,7.26,2.6,1
2024-02-28,PROD0036,WH-EAST,60,54,34,10,126.64,1.1,1
2024-02-29,PROD0036,WH-EAST,143,68,21,9,110.96,2.1,1
2024-03-01,PROD0036,WH-SOUTH,200,95,29,9,133.09,2.1,1
2024-03-02,PROD0036,WH-SOUTH,200,42,0,12,12.21,4.8,0
2024-03-03,PROD0036,WH-NORTH,117,54,15,3,131.85,2.2,1
2024-03-04,PROD0036,WH-EAST,134,89,45,13,106.46,1.5,1
2024-03-05,PROD0036,WH-EAST,169,67,11,4,81.5,2.5,1
2024-03-06,PROD0036,WH-NORTH,125,92,51,4,176.5,1.4,1
2024-03-07,PROD0036,WH-EAST,199,66,0,14,194.79,3.0,0
2024-03-08,PROD0036,WH-EAST,49,69,53,14,191.85,0.7,1
2024-03-09,PROD0036,WH-EAST,92,86,56,9,164.24,1.1,1
2024-03-10,PROD0036,WH-EAST,0,62,62,6,130.51,0.0,1
2024-03-11,PROD0036,WH-SOUTH,94,49,18,5,80.3,1.9,1
2024-03-12,PROD0036,WH-EAST,50,83,67,14,47.59,0.6,1
2024-03-13,PROD0036,WH-NORTH,206,83,15,12,107.7,2.5,1
2024-03-14,PROD0036,WH-EAST,186,65,3,3,183.34,2.9,1
2024-03-15,PROD0036,WH-NORTH,109,48,12,9,29.94,2.3,1
2024-03-16,PROD0036,WH-NORTH,131,106,63,8,176.08,1.2,1
2024-03-17,PROD0036,WH-NORTH,90,87,57,12,168.59,1.0,1
2024-03-18,PROD0036,WH-EAST,46,61,46,13,61.14,0.8,1
2024-03-19,PROD0036,WH-NORTH,91,124,94,10,175.99,0.7,1
2024-03-20,PROD0036,WH-NORTH,62,99,79,10,126.11,0.6,1
2024-03-21,PROD0036,WH-SOUTH,50,72,56,14,153.72,0.7,1
2024-03-22,PROD0036,WH-EAST,67,81,59,5,160.08,0.8,1
2024-03-23,PROD0036,WH-SOUTH,95,55,24,6,141.34,1.7,1
2024-03-24,PROD0036,WH-SOUTH,215,69,0,7,118.3,3.1,0
2024-03-25,PROD0036,WH-SOUTH,179,79,20,14,112.65,2.3,1
2024-03-26,PROD0036,WH-NORTH,135,75,30,8,120.25,1.8,1
2024-03-27,PROD0036,WH-SOUTH,107,64,29,8,114.57,1.7,1
2024-03-28,PROD0036,WH-NORTH,62,78,58,6,131.09,0.8,1
2024-03-29,PROD0036,WH-SOUTH,121,52,12,4,69.31,2.3,1
2024-03-30,PROD0036,WH-NORTH,192,65,1,7,150.44,3.0,1
2024-03-31,PROD0036,WH-EAST,114,60,22,8,191.28,1.9,1
2024-04-01,PROD0036,WH-EAST,188,91,29,6,165.11,2.1,1
2024-04-02,PROD0036,WH-SOUTH,146,87,39,12,190.36,1.7,1
2024-04-03,PROD0036,WH-SOUTH,102,75,41,11,119.52,1.4,1
2024-04-04,PROD0036,WH-SOUTH,135,66,21,3,25.41,2.0,1
2024-04-05,PROD0036,WH-NORTH,83,69,42,8,151.68,1.2,1
2024-04-06,PROD0036,WH-SOUTH,197,93,28,2,196.63,2.1,1
2024-04-07,PROD0036,WH-EAST,57,69,50,11,116.84,0.8,1
2024-04-08,PROD0036,WH-NORTH,121,84,44,11,55.42,1.4,1
2024-04-09,PROD0036,WH-SOUTH,104,64,30,3,56.37,1.6,1
2024-04-10,PROD0036,WH-SOUTH,199,64,0,9,164.48,3.1,0
2024-04-11,PROD0036,WH-SOUTH,56,89,71,6,165.38,0.6,1
2024-04-12,PROD0036,WH-SOUTH,97,82,50,4,196.01,1.2,1
2024-04-13,PROD0036,WH-EAST,220,75,2,9,42.14,2.9,1
2024-04-14,PROD0036,WH-SOUTH,158,83,31,4,28.24,1.9,1
2024-04-15,PROD0036,WH-NORTH,213,61,0,12,89.92,3.5,0
2024-04-16,PROD0036,WH-SOUTH,189,79,16,14,55.25,2.4,1
2024-04-17,PROD0036,WH-NORTH,149,54,5,4,92.17,2.8,1
2024-04-18,PROD0036,WH-EAST,212,65,0,14,7.1,3.3,0
2024-04-19,PROD0036,WH-SOUTH,127,69,27,14,113.95,1.8,1
2024-04-20,PROD0036,WH-EAST,126,84,42,2,126.92,1.5,1
2024-04-21,PROD0036,WH-EAST,60,79,59,8,131.26,0.8,1
2024-04-22,PROD0036,WH-SOUTH,80,59,33,2,155.45,1.4,1
2024-04-23,PROD0036,WH-NORTH,137,66,21,12,36.05,2.1,1
2024-04-24,PROD0036,WH-SOUTH,183,76,15,5,28.94,2.4,1
2024-04-25,PROD0036,WH-SOUTH,138,72,26,6,14.07,1.9,1
2024-04-26,PROD0036,WH-EAST,128,58,16,10,145.91,2.2,1
2024-04-27,PROD0036,WH-EAST,201,95,28,4,186.65,2.1,1
2024-04-28,PROD0036,WH-EAST,88,42,13,3,31.33,2.1,1
2024-04-29,PROD0036,WH-SOUTH,176,63,5,12,175.93,2.8,1
2024-04-30,PROD0036,WH-SOUTH,186,76,14,10,122.87,2.4,1
2024-05-01,PROD0036,WH-SOUTH,125,66,25,4,57.65,1.9,1
2024-05-02,PROD0036,WH-NORTH,122,65,25,6,9.88,1.9,1
2024-05-03,PROD0036,WH-EAST,170,53,0,11,129.46,3.2,0
2024-05-04,PROD0036,WH-SOUTH,76,92,67,9,14.25,0.8,1
2024-05-05,PROD0036,WH-SOUTH,138,57,11,7,42.23,2.4,1
2024-05-06,PROD0036,WH-EAST,87,60,31,12,188.06,1.4,1
2024-05-07,PROD0036,WH-EAST,100,82,49,12,116.92,1.2,1
2024-05-08,PROD0036,WH-EAST,63,93,72,3,129.3,0.7,1
2024-05-09,PROD0036,WH-NORTH,213,46,0,10,28.35,4.6,0
2024-05-10,PROD0036,WH-SOUTH,86,77,49,11,141.16,1.1,1
2024-05-11,PROD0036,WH-NORTH,153,32,0,5,79.88,4.8,0
2024-05-12,PROD0036,WH-EAST,181,85,25,10,170.76,2.1,1
2024-05-13,PROD0036,WH-EAST,161,63,10,10,23.4,2.6,1
2024-05-14,PROD0036,WH-NORTH,130,90,47,14,50.31,1.4,1
2024-05-15,PROD0036,WH-EAST,171,63,6,9,156.49,2.7,1
2024-05-16,PROD0036,WH-SOUTH,110,46,10,12,106.6,2.4,1
2024-05-17,PROD0036,WH-NORTH,82,81,54,10,105.55,1.0,1
2024-05-18,PROD0036,WH-EAST,203,65,0,4,40.29,3.1,0
2024-05-19,PROD0036,WH-SOUTH,162,88,34,9,93.93,1.8,1
2024-05-20,PROD0036,WH-SOUTH,80,74,48,4,117.91,1.1,1
2024-05-21,PROD0036,WH-EAST,120,41,1,4,46.39,2.9,1
2024-05-22,PROD0036,WH-EAST,136,72,27,12,55.55,1.9,1
2024-05-23,PROD0036,WH-NORTH,160,64,11,3,177.84,2.5,1
2024-05-24,PROD0036,WH-NORTH,100,79,46,4,19.18,1.3,1
2024-05-25,PROD0036,WH-EAST,196,70,5,4,109.63,2.8,1
2024-05-26,PROD0036,WH-SOUTH,157,45,0,5,25.26,3.5,0
2024-05-27,PROD0036,WH-SOUTH,191,53,0,11,191.83,3.6,0
2024-05-28,PROD0036,WH-EAST,156,61,9,7,137.45,2.6,1
2024-05-29,PROD0036,WH-NORTH,211,83,13,2,40.32,2.5,1
2024-05-30,PROD0036,WH-EAST,76,82,57,4,24.79,0.9,1
2024-05-31,PROD0036,WH-NORTH,39,67,54,4,65.54,0.6,1
2024-06-01,PROD0036,WH-NORTH,150,53,3,10,145.47,2.8,1
2024-06-02,PROD0036,WH-SOUTH,97,93,61,14,48.8,1.0,1
2024-06-03,PROD0036,WH-SOUTH,179,59,0,7,96.81,3.0,0
2024-06-04,PROD0036,WH-SOUTH,45,64,49,10,64.8,0.7,1
2024-06-05,PROD0036,WH-EAST,103,75,41,6,167.61,1.4,1
2024-06-06,PROD0036,WH-SOUTH,103,73,39,7,87.3,1.4,1
2024-06-07,PROD0036,WH-EAST,55,75,57,2,166.94,0.7,1
2024-06-08,PROD0036,WH-EAST,163,48,0,9,40.47,3.4,0
2024-06-09,PROD0036,WH-NORTH,193,70,6,11,41.23,2.8,1
2024-06-10,PROD0036,WH-EAST,182,71,11,6,58.07,2.6,1
2024-06-11,PROD0036,WH-NORTH,50,62,46,9,63.04,0.8,1
2024-06-12,PROD0036,WH-EAST,171,89,32,8,92.0,1.9,1
2024-06-13,PROD0036,WH-NORTH,157,76,24,3,128.77,2.1,1
2024-06-14,PROD0036,WH-EAST,122,69,29,8,182.58,1.8,1
2024-06-15,PROD0036,WH-SOUTH,145,50,2,5,72.16,2.9,1
2024-06-16,PROD0036,WH-NORTH,53,62,45,10,198.38,0.9,1
2024-06-17,PROD0036,WH-EAST,161,85,32,4,176.3,1.9,1
2024-06-18,PROD0036,WH-SOUTH,69,75,52,3,108.84,0.9,1
2024-06-19,PROD0036,WH-EAST,71,60,37,10,165.73,1.2,1
2024-06-20,PROD0036,WH-NORTH,153,83,32,2,180.97,1.8,1
2024-06-21,PROD0036,WH-EAST,169,47,0,4,79.07,3.6,0
2024-06-22,PROD0036,WH-SOUTH,0,53,53,7,15.72,0.0,1
2024-06-23,PROD0036,WH-SOUTH,164,60,6,14,174.64,2.7,1
2024-06-24,PROD0036,WH-SOUTH,0,90,90,9,91.56,0.0,1
2024-06-25,PROD0036,WH-EAST,93,95,64,11,196.02,1.0,1
2024-06-26,PROD0036,WH-SOUTH,110,94,58,10,191.15,1.2,1
2024-06-27,PROD0036,WH-SOUTH,87,75,46,5,185.81,1.2,1
2024-06-28,PROD0036,WH-SOUTH,145,56,8,7,179.82,2.6,1
2024-01-01,PROD0037,WH-NORTH,1005,478,143,9,33.22,2.1,1
2024-01-02,PROD0037,WH-SOUTH,934,325,14,12,27.31,2.9,1
2024-01-03,PROD0037,WH-NORTH,549,441,258,14,158.4,1.2,1
2024-01-04,PROD0037,WH-NORTH,646,437,222,14,170.86,1.5,1
2024-01-05,PROD0037,WH-SOUTH,533,459,282,9,137.27,1.2,1
2024-01-06,PROD0037,WH-EAST,1178,558,166,3,56.24,2.1,1
2024-01-07,PROD0037,WH-EAST,675,511,286,12,117.33,1.3,1
2024-01-08,PROD0037,WH-NORTH,1208,534,132,14,33.3,2.3,1
2024-01-09,PROD0037,WH-EAST,783,496,235,4,123.32,1.6,1
2024-01-10,PROD0037,WH-NORTH,1073,352,0,14,62.98,3.0,0
2024-01-11,PROD0037,WH-EAST,382,374,247,8,100.56,1.0,1
2024-01-12,PROD0037,WH-NORTH,677,440,215,11,89.06,1.5,1
2024-01-13,PROD0037,WH-SOUTH,446,576,428,2,52.25,0.8,1
2024-01-14,PROD0037,WH-EAST,406,336,201,3,62.9,1.2,1
2024-01-15,PROD0037,WH-SOUTH,1241,338,0,12,67.25,3.7,0
2024-01-16,PROD0037,WH-NORTH,233,619,542,5,166.06,0.4,1
2024-01-17,PROD0037,WH-NORTH,1048,436,87,3,62.14,2.4,1
2024-01-18,PROD0037,WH-NORTH,1219,600,194,12,110.27,2.0,1
2024-01-19,PROD0037,WH-EAST,829,418,142,4,176.1,2.0,1
2024-01-20,PROD0037,WH-EAST,1125,484,109,11,17.55,2.3,1
2024-01-21,PROD0037,WH-NORTH,628,452,243,9,57.21,1.4,1
2024-01-22,PROD0037,WH-EAST,693,350,119,5,116.09,2.0,1
2024-01-23,PROD0037,WH-EAST,548,527,345,4,101.87,1.0,1
2024-01-24,PROD0037,WH-NORTH,516,588,416,9,90.94,0.9,1
2024-01-25,PROD0037,WH-SOUTH,864,423,135,11,41.27,2.0,1
2024-01-26,PROD0037,WH-EAST,1091,497,134,4,54.71,2.2,1
2024-01-27,PROD0037,WH-SOUTH,627,550,341,9,167.81,1.1,1
2024-01-28,PROD0037,WH-EAST,735,395,150,3,122.13,1.9,1
2024-01-29,PROD0037,WH-NORTH,565,392,204,10,93.88,1.4,1
2024-01-30,PROD0037,WH-SOUTH,793,494,230,2,44.75,1.6,1
2024-01-31,PROD0037,WH-NORTH,959,484,165,5,68.79,2.0,1
2024-02-01,PROD0037,WH-SOUTH,330,409,299,7,51.86,0.8,1
2024-02-02,PROD0037,WH-SOUTH,982,543,216,7,63.01,1.8,1
2024-02-03,PROD0037,WH-EAST,724,331,90,9,72.43,2.2,1
2024-02-04,PROD0037,WH-EAST,439,316,170,10,92.3,1.4,1
2024-02-05,PROD0037,WH-SOUTH,362,356,236,10,33.89,1.0,1
2024-02-06,PROD0037,WH-SOUTH,1195,329,0,11,198.33,3.6,0
2024-02-07,PROD0037,WH-EAST,842,459,179,8,109.08,1.8,1
2024-02-08,PROD0037,WH-SOUTH,1276,355,0,8,9.98,3.6,0
2024-02-09,PROD0037,WH-SOUTH,594,458,260,7,23.46,1.3,1
2024-02-10,PROD0037,WH-NORTH,595,406,208,7,76.02,1.5,1
2024-02-11,PROD0037,WH-EAST,810,287,17,12,151.32,2.8,1
2024-02-12,PROD0037,WH-SOUTH,671,385,162,8,170.51,1.7,1
2024-02-13,PROD0037,WH-NORTH,935,536,225,5,192.91,1.7,1
2024-02-14,PROD0037,WH-SOUTH,237,434,355,13,145.48,0.5,1
2024-02-15,PROD0037,WH-NORTH,244,441,360,13,123.74,0.6,1
2024-02-16,PROD0037,WH-NORTH,1193,458,61,14,189.55,2.6,1
2024-02-17,PROD0037,WH-EAST,0,440,440,11,146.45,0.0,1
2024-02-18,PROD0037,WH-NORTH,762,551,297,3,117.41,1.4,1
2024-02-19,PROD0037,WH-EAST,225,457,382,3,89.25,0.5,1
2024-02-20,PROD0037,WH-NORTH,317,382,277,6,165.93,0.8,1
2024-02-21,PROD0037,WH-NORTH,578,467,275,2,124.5,1.2,1
2024-02-22,PROD0037,WH-NORTH,578,506,314,9,181.69,1.1,1
2024-02-23,PROD0037,WH-SOUTH,937,445,133,12,76.14,2.1,1
2024-02-24,PROD0037,WH-EAST,929,428,119,9,188.83,2.2,1
2024-02-25,PROD0037,WH-NORTH,280,268,175,11,123.12,1.0,1
2024-02-26,PROD0037,WH-SOUTH,505,345,177,7,134.45,1.5,1
2024-02-27,PROD0037,WH-EAST,432,478,334,14,46.09,0.9,1
2024-02-28,PROD0037,WH-NORTH,921,395,88,12,63.96,2.3,1
2024-02-29,PROD0037,WH-NORTH,779,449,190,5,140.01,1.7,1
2024-03-01,PROD0037,WH-NORTH,455,389,238,4,32.23,1.2,1
2024-03-02,PROD0037,WH-EAST,849,344,61,12,141.15,2.5,1
2024-03-03,PROD0037,WH-SOUTH,1251,440,23,12,174.4,2.8,1
2024-03-04,PROD0037,WH-NORTH,777,559,300,13,91.75,1.4,1
2024-03-05,PROD0037,WH-EAST,915,445,140,10,100.16,2.1,1
2024-03-06,PROD0037,WH-NORTH,550,481,298,6,129.4,1.1,1
2024-03-07,PROD0037,WH-EAST,426,347,205,14,94.7,1.2,1
2024-03-08,PROD0037,WH-EAST,1069,407,51,14,190.06,2.6,1
2024-03-09,PROD0037,WH-SOUTH,268,527,438,3,44.9,0.5,1
2024-03-10,PROD0037,WH-SOUTH,573,467,276,2,48.04,1.2,1
2024-03-11,PROD0037,WH-NORTH,1261,568,148,14,160.35,2.2,1
2024-03-12,PROD0037,WH-EAST,1010,312,0,14,180.18,3.2,0
2024-03-13,PROD0037,WH-EAST,531,531,354,9,126.91,1.0,1
2024-03-14,PROD0037,WH-NORTH,401,451,318,2,52.78,0.9,1
2024-03-15,PROD0037,WH-SOUTH,939,594,281,14,174.01,1.6,1
2024-03-16,PROD0037,WH-EAST,421,516,376,11,30.47,0.8,1
2024-03-17,PROD0037,WH-EAST,1172,580,190,9,10.08,2.0,1
2024-03-18,PROD0037,WH-SOUTH,233,465,388,7,20.85,0.5,1
2024-03-19,PROD0037,WH-NORTH,0,503,503,11,51.23,0.0,1
2024-03-20,PROD0037,WH-EAST,1290,343,0,8,73.63,3.8,0
2024-03-21,PROD0037,WH-EAST,727,336,94,7,128.17,2.2,1
2024-03-22,PROD0037,WH-EAST,878,413,121,12,22.83,2.1,1
2024-03-23,PROD0037,WH-NORTH,1124,577,203,5,36.38,1.9,1
2024-03-24,PROD0037,WH-NORTH,536,308,130,3,46.34,1.7,1
2024-03-25,PROD0037,WH-NORTH,536,351,173,3,155.27,1.5,1
2024-03-26,PROD0037,WH-NORTH,258,481,395,6,147.74,0.5,1
2024-03-27,PROD0037,WH-NORTH,398,392,260,5,10.63,1.0,1
2024-03-28,PROD0037,WH-EAST,219,475,402,9,130.25,0.5,1
2024-03-29,PROD0037,WH-SOUTH,0,478,478,7,34.87,0.0,1
2024-03-30,PROD0037,WH-NORTH,572,569,379,3,104.73,1.0,1
2024-03-31,PROD0037,WH-NORTH,689,452,223,5,164.12,1.5,1
2024-04-01,PROD0037,WH-NORTH,792,452,188,9,171.02,1.8,1
2024-04-02,PROD0037,WH-SOUTH,225,369,294,11,86.85,0.6,1
2024-04-03,PROD0037,WH-SOUTH,233,520,443,8,154.06,0.4,1
2024-04-04,PROD0037,WH-SOUTH,1232,404,0,4,94.29,3.0,0
2024-04-05,PROD0037,WH-SOUTH,638,439,227,10,111.92,1.5,1
2024-04-06,PROD0037,WH-SOUTH,470,529,373,4,175.24,0.9,1
2024-04-07,PROD0037,WH-SOUTH,1063,448,94,3,160.07,2.4,1
2024-04-08,PROD0037,WH-NORTH,488,537,375,3,50.75,0.9,1
2024-04-09,PROD0037,WH-EAST,829,339,63,7,51.99,2.4,1
2024-04-10,PROD0037,WH-SOUTH,1069,418,62,3,105.31,2.6,1
2024-04-11,PROD0037,WH-SOUTH,1038,279,0,2,159.46,3.7,0
2024-04-12,PROD0037,WH-EAST,978,342,16,7,85.26,2.9,1
2024-04-13,PROD0037,WH-NORTH,936,437,125,3,34.63,2.1,1
2024-04-14,PROD0037,WH-EAST,273,446,355,3,83.81,0.6,1
2024-04-15,PROD0037,WH-SOUTH,980,603,277,7,115.65,1.6,1
2024-04-16,PROD0037,WH-SOUTH,659,361,142,2,41.72,1.8,1
2024-04-17,PROD0037,WH-EAST,0,539,539,7,146.89,0.0,1
2024-04-18,PROD0037,WH-EAST,1009,262,0,10,105.77,3.9,0
2024-04-19,PROD0037,WH-NORTH,1146,468,86,4,148.08,2.4,1
2024-04-20,PROD0037,WH-EAST,293,490,393,2,181.55,0.6,1
2024-04-21,PROD0037,WH-EAST,902,376,76,8,172.81,2.4,1
2024-04-22,PROD0037,WH-SOUTH,373,415,291,14,40.81,0.9,1
2024-04-23,PROD0037,WH-EAST,350,361,245,9,30.02,1.0,1
2024-04-24,PROD0037,WH-EAST,1102,471,104,7,170.91,2.3,1
2024-04-25,PROD0037,WH-SOUTH,523,481,307,9,185.99,1.1,1
2024-04-26,PROD0037,WH-SOUTH,961,429,109,11,121.76,2.2,1
2024-04-27,PROD0037,WH-SOUTH,629,610,401,5,83.28,1.0,1
2024-04-28,PROD0037,WH-SOUTH,674,346,122,9,148.09,1.9,1
2024-04-29,PROD0037,WH-EAST,0,575,575,3,138.3,0.0,1
2024-04-30,PROD0037,WH-EAST,638,438,226,9,183.78,1.5,1
2024-05-01,PROD0037,WH-NORTH,1212,568,164,2,88.65,2.1,1
2024-05-02,PROD0037,WH-NORTH,540,483,303,14,42.9,1.1,1
2024-05-03,PROD0037,WH-EAST,772,559,302,10,187.72,1.4,1
2024-05-04,PROD0037,WH-NORTH,285,393,298,6,107.39,0.7,1
2024-05-05,PROD0037,WH-SOUTH,640,321,108,6,19.37,2.0,1
2024-05-06,PROD0037,WH-EAST,292,405,308,4,192.96,0.7,1
2024-05-07,PROD0037,WH-NORTH,282,217,123,5,158.38,1.3,1
2024-05-08,PROD0037,WH-SOUTH,415,280,142,13,35.91,1.5,1
2024-05-09,PROD0037,WH-SOUTH,375,447,322,8,91.46,0.8,1
2024-05-10,PROD0037,WH-EAST,1144,361,0,11,84.28,3.2,0
2024-05-11,PROD0037,WH-SOUTH,667,374,152,12,178.38,1.8,1
2024-05-12,PROD0037,WH-SOUTH,651,560,343,12,133.73,1.2,1
2024-05-13,PROD0037,WH-NORTH,702,367,133,14,106.73,1.9,1
2024-05-14,PROD0037,WH-SOUTH,1205,530,129,13,106.15,2.3,1
2024-05-15,PROD0037,WH-NORTH,237,542,463,9,127.76,0.4,1
2024-05-16,PROD0037,WH-SOUTH,1131,528,151,4,143.17,2.1,1
2024-05-17,PROD0037,WH-EAST,448,446,297,10,26.34,1.0,1
2024-05-18,PROD0037,WH-EAST,672,342,118,13,125.02,2.0,1
2024-05-19,PROD0037,WH-EAST,972,414,90,12,165.85,2.3,1
2024-05-20,PROD0037,WH-EAST,1250,452,36,2,98.91,2.8,1
2024-05-21,PROD0037,WH-SOUTH,1186,356,0,4,149.5,3.3,0
2024-05-22,PROD0037,WH-NORTH,521,351,178,6,71.99,1.5,1
2024-05-23,PROD0037,WH-NORTH,358,472,353,6,133.77,0.8,1
2024-05-24,PROD0037,WH-SOUTH,309,416,313,10,33.9,0.7,1
2024-05-25,PROD0037,WH-EAST,1064,475,121,14,27.85,2.2,1
2024-05-26,PROD0037,WH-NORTH,456,381,229,7,16.88,1.2,1
2024-05-27,PROD0037,WH-EAST,1250,297,0,4,195.69,4.2,0
2024-05-28,PROD0037,WH-SOUTH,598,412,213,13,156.3,1.5,1
2024-05-29,PROD0037,WH-EAST,1307,388,0,14,31.71,3.4,0
2024-05-30,PROD0037,WH-EAST,1297,493,61,6,34.71,2.6,1
2024-05-31,PROD0037,WH-SOUTH,1277,439,14,2,86.77,2.9,1
2024-06-01,PROD0037,WH-EAST,704,600,366,3,58.63,1.2,1
2024-06-02,PROD0037,WH-EAST,373,479,355,3,101.07,0.8,1
2024-06-03,PROD0037,WH-NORTH,1129,359,0,6,38.78,3.1,0
2024-06-04,PROD0037,WH-EAST,718,440,201,13,196.2,1.6,1
2024-06-05,PROD0037,WH-NORTH,383,468,341,12,25.52,0.8,1
2024-06-06,PROD0037,WH-SOUTH,531,513,336,2,126.14,1.0,1
2024-06-07,PROD0037,WH-NORTH,321,466,359,9,38.15,0.7,1
2024-06-08,PROD0037,WH-SOUTH,0,562,562,14,11.74,0.0,1
2024-06-09,PROD0037,WH-NORTH,1198,466,67,7,38.16,2.6,1
2024-06-10,PROD0037,WH-SOUTH,1106,565,197,3,97.08,2.0,1
2024-06-11,PROD0037,WH-NORTH,787,521,259,7,179.26,1.5,1
2024-06-12,PROD0037,WH-SOUTH,316,568,463,10,110.87,0.6,1
2024-06-13,PROD0037,WH-SOUTH,652,412,195,12,134.57,1.6,1
2024-06-14,PROD0037,WH-NORTH,571,393,203,14,150.77,1.5,1
2024-06-15,PROD0037,WH-SOUTH,1232,379,0,5,80.3,3.3,0
2024-06-16,PROD0037,WH-EAST,1004,487,153,4,113.94,2.1,1
2024-06-17,PROD0037,WH-SOUTH,1093,323,0,3,163.03,3.4,0
2024-06-18,PROD0037,WH-SOUTH,1215,556,151,14,61.34,2.2,1
2024-06-19,PROD0037,WH-NORTH,1277,496,71,3,140.48,2.6,1
2024-06-20,PROD0037,WH-SOUTH,274,396,305,7,65.37,0.7,1
2024-06-21,PROD0037,WH-NORTH,1181,342,0,14,116.38,3.5,0
2024-06-22,PROD0037,WH-EAST,522,342,168,13,22.44,1.5,1
2024-06-23,PROD0037,WH-NORTH,478,297,138,9,119.64,1.6,1
2024-06-24,PROD0037,WH-NORTH,777,461,202,11,95.25,1.7,1
2024-06-25,PROD0037,WH-SOUTH,696,458,226,6,170.15,1.5,1
2024-06-26,PROD0037,WH-SOUTH,983,315,0,8,169.48,3.1,0
2024-06-27,PROD0037,WH-NORTH,924,351,43,8,119.24,2.6,1
2024-06-28,PROD0037,WH-SOUTH,593,446,249,5,72.79,1.3,1
2024-01-01,PROD0038,WH-EAST,360,310,190,12,70.78,1.2,1
2024-01-02,PROD0038,WH-EAST,367,255,133,10,168.57,1.4,1
2024-01-03,PROD0038,WH-EAST,386,316,188,5,156.28,1.2,1
2024-01-04,PROD0038,WH-EAST,321,280,173,14,16.52,1.1,1
2024-01-05,PROD0038,WH-SOUTH,786,326,64,9,125.45,2.4,1
2024-01-06,PROD0038,WH-EAST,788,281,19,3,183.11,2.8,1
2024-01-07,PROD0038,WH-NORTH,157,298,246,7,188.92,0.5,1
2024-01-08,PROD0038,WH-SOUTH,413,225,88,3,54.77,1.8,1
2024-01-09,PROD0038,WH-EAST,653,218,1,9,27.0,3.0,1
2024-01-10,PROD0038,WH-NORTH,510,256,86,10,33.52,2.0,1
2024-01-11,PROD0038,WH-NORTH,230,231,155,2,126.13,1.0,1
2024-01-12,PROD0038,WH-EAST,544,360,179,8,113.18,1.5,1
2024-01-13,PROD0038,WH-EAST,810,354,84,11,59.49,2.3,1
2024-01-14,PROD0038,WH-SOUTH,777,240,0,6,181.3,3.2,0
2024-01-15,PROD0038,WH-SOUTH,601,242,42,12,27.03,2.5,1
2024-01-16,PROD0038,WH-NORTH,822,287,13,14,153.56,2.9,1
2024-01-17,PROD0038,WH-EAST,662,289,69,13,37.33,2.3,1
2024-01-18,PROD0038,WH-NORTH,387,302,173,9,139.94,1.3,1
2024-01-19,PROD0038,WH-EAST,399,341,208,7,10.49,1.2,1
2024-01-20,PROD0038,WH-SOUTH,835,369,91,4,14.03,2.3,1
2024-01-21,PROD0038,WH-SOUTH,612,329,125,9,84.2,1.9,1
2024-01-22,PROD0038,WH-EAST,498,396,230,9,28.95,1.3,1
2024-01-23,PROD0038,WH-SOUTH,790,263,0,10,46.13,3.0,0
2024-01-24,PROD0038,WH-NORTH,179,296,237,4,125.36,0.6,1
2024-01-25,PROD0038,WH-SOUTH,470,300,144,7,90.67,1.6,1
2024-01-26,PROD0038,WH-SOUTH,721,196,0,9,171.71,3.7,0
2024-01-27,PROD0038,WH-NORTH,629,299,90,11,141.69,2.1,1
2024-01-28,PROD0038,WH-NORTH,156,297,245,14,145.41,0.5,1
2024-01-29,PROD0038,WH-NORTH,374,165,41,10,110.47,2.3,1
2024-01-30,PROD0038,WH-NORTH,202,399,332,2,151.66,0.5,1
2024-01-31,PROD0038,WH-EAST,670,361,138,5,63.99,1.9,1
2024-02-01,PROD0038,WH-SOUTH,566,215,27,7,82.54,2.6,1
2024-02-02,PROD0038,WH-NORTH,356,277,159,13,91.09,1.3,1
2024-02-03,PROD0038,WH-SOUTH,869,258,0,2,24.12,3.4,0
2024-02-04,PROD0038,WH-NORTH,541,294,114,14,75.0,1.8,1
2024-02-05,PROD0038,WH-EAST,238,269,190,7,140.77,0.9,1
2024-02-06,PROD0038,WH-SOUTH,715,235,0,4,55.9,3.0,0
2024-02-07,PROD0038,WH-SOUTH,594,284,86,2,55.75,2.1,1
2024-02-08,PROD0038,WH-EAST,686,199,0,2,55.34,3.4,0
2024-02-09,PROD0038,WH-NORTH,155,329,278,11,160.04,0.5,1
2024-02-10,PROD0038,WH-EAST,695,214,0,3,142.84,3.2,0
2024-02-11,PROD0038,WH-SOUTH,686,250,22,14,75.6,2.7,1
2024-02-12,PROD0038,WH-SOUTH,683,297,70,12,40.69,2.3,1
2024-02-13,PROD0038,WH-SOUTH,268,228,139,14,118.63,1.2,1
2024-02-14,PROD0038,WH-NORTH,256,254,169,13,146.6,1.0,1
2024-02-15,PROD0038,WH-NORTH,227,348,273,10,79.46,0.7,1
2024-02-16,PROD0038,WH-EAST,744,248,0,2,12.73,3.0,0
2024-02-17,PROD0038,WH-EAST,174,247,189,12,73.68,0.7,1
2024-02-18,PROD0038,WH-SOUTH,0,314,314,6,160.68,0.0,1
2024-02-19,PROD0038,WH-NORTH,257,340,255,14,196.46,0.8,1
2024-02-20,PROD0038,WH-SOUTH,287,323,228,10,106.82,0.9,1
2024-02-21,PROD0038,WH-EAST,394,212,81,5,123.08,1.9,1
2024-02-22,PROD0038,WH-SOUTH,350,400,284,2,110.99,0.9,1
2024-02-23,PROD0038,WH-SOUTH,648,280,64,14,170.5,2.3,1
2024-02-24,PROD0038,WH-EAST,608,325,123,14,166.93,1.9,1
2024-02-25,PROD0038,WH-EAST,742,328,81,14,67.12,2.3,1
2024-02-26,PROD0038,WH-NORTH,601,256,56,2,96.89,2.3,1
2024-02-27,PROD0038,WH-EAST,613,301,97,11,157.49,2.0,1
2024-02-28,PROD0038,WH-NORTH,505,393,225,3,72.29,1.3,1
2024-02-29,PROD0038,WH-SOUTH,512,260,90,13,110.75,2.0,1
2024-03-01,PROD0038,WH-SOUTH,823,244,0,6,111.52,3.4,0
2024-03-02,PROD0038,WH-EAST,418,185,46,6,61.44,2.3,1
2024-03-03,PROD0038,WH-NORTH,576,275,83,7,161.92,2.1,1
2024-03-04,PROD0038,WH-NORTH,264,359,271,3,197.08,0.7,1
2024-03-05,PROD0038,WH-NORTH,166,271,216,5,93.28,0.6,1
2024-03-06,PROD0038,WH-SOUTH,409,365,229,12,50.39,1.1,1
2024-03-07,PROD0038,WH-NORTH,664,177,0,14,194.66,3.8,0
2024-03-08,PROD0038,WH-EAST,777,160,0,13,75.42,4.9,0
2024-03-09,PROD0038,WH-NORTH,195,379,314,11,179.3,0.5,1
2024-03-10,PROD0038,WH-EAST,615,309,104,7,18.83,2.0,1
2024-03-11,PROD0038,WH-EAST,247,369,287,3,163.6,0.7,1
2024-03-12,PROD0038,WH-EAST,553,287,103,5,38.81,1.9,1
2024-03-13,PROD0038,WH-NORTH,757,351,99,14,161.38,2.2,1
2024-03-14,PROD0038,WH-NORTH,277,320,228,3,121.94,0.9,1
2024-03-15,PROD0038,WH-EAST,209,291,222,13,91.25,0.7,1
2024-03-16,PROD0038,WH-NORTH,374,254,130,2,172.9,1.5,1
2024-03-17,PROD0038,WH-NORTH,450,407,257,3,187.75,1.1,1
2024-03-18,PROD0038,WH-EAST,208,321,252,12,120.72,0.6,1
2024-03-19,PROD0038,WH-NORTH,883,250,0,11,158.21,3.5,0
2024-03-20,PROD0038,WH-SOUTH,675,322,97,2,95.49,2.1,1
2024-03-21,PROD0038,WH-SOUTH,694,421,190,8,14.98,1.6,1
2024-03-22,PROD0038,WH-NORTH,821,247,0,11,170.07,3.3,0
2024-03-23,PROD0038,WH-NORTH,745,364,116,3,147.52,2.0,1
2024-03-24,PROD0038,WH-NORTH,594,362,164,3,105.5,1.6,1
2024-03-25,PROD0038,WH-NORTH,598,397,198,3,89.21,1.5,1
2024-03-26,PROD0038,WH-SOUTH,341,327,214,11,188.78,1.0,1
2024-03-27,PROD0038,WH-NORTH,211,341,271,6,10.77,0.6,1
2024-03-28,PROD0038,WH-NORTH,506,252,84,7,144.18,2.0,1
2024-03-29,PROD0038,WH-EAST,750,287,37,9,129.04,2.6,1
2024-03-30,PROD0038,WH-EAST,604,302,101,3,138.32,2.0,1
2024-03-31,PROD0038,WH-EAST,435,344,199,6,183.99,1.3,1
2024-04-01,PROD0038,WH-NORTH,583,331,137,13,152.0,1.8,1
2024-04-02,PROD0038,WH-EAST,610,304,101,8,16.59,2.0,1
2024-04-03,PROD0038,WH-NORTH,795,311,46,12,199.01,2.6,1
2024-04-04,PROD0038,WH-NORTH,684,317,89,4,14.79,2.2,1
2024-04-05,PROD0038,WH-NORTH,0,234,234,14,162.94,0.0,1
2024-04-06,PROD0038,WH-NORTH,532,337,160,10,26.73,1.6,1
2024-04-07,PROD0038,WH-SOUTH,387,299,170,4,168.83,1.3,1
2024-04-08,PROD0038,WH-SOUTH,830,367,91,3,195.4,2.3,1
2024-04-09,PROD0038,WH-NORTH,239,308,229,14,67.31,0.8,1
2024-04-10,PROD0038,WH-SOUTH,717,333,94,14,171.95,2.2,1
2024-04-11,PROD0038,WH-EAST,572,317,127,8,165.07,1.8,1
2024-04-12,PROD0038,WH-EAST,606,307,105,8,61.7,2.0,1
2024-04-13,PROD0038,WH-SOUTH,0,222,222,7,78.68,0.0,1
2024-04-14,PROD0038,WH-NORTH,204,233,165,9,179.87,0.9,1
2024-04-15,PROD0038,WH-EAST,449,367,218,7,152.96,1.2,1
2024-04-16,PROD0038,WH-SOUTH,416,396,258,3,134.27,1.1,1
2024-04-17,PROD0038,WH-SOUTH,348,294,178,7,63.71,1.2,1
2024-04-18,PROD0038,WH-NORTH,797,254,0,11,33.62,3.1,0
2024-04-19,PROD0038,WH-SOUTH,542,377,197,3,185.92,1.4,1
2024-04-20,PROD0038,WH-SOUTH,644,328,114,2,169.72,2.0,1
2024-04-21,PROD0038,WH-NORTH,721,223,0,2,86.03,3.2,0
2024-04-22,PROD0038,WH-NORTH,562,331,144,5,27.4,1.7,1
2024-04-23,PROD0038,WH-NORTH,496,211,46,3,196.9,2.4,1
2024-04-24,PROD0038,WH-NORTH,458,394,242,12,55.04,1.2,1
2024-04-25,PROD0038,WH-SOUTH,416,269,131,8,196.74,1.5,1
2024-04-26,PROD0038,WH-EAST,379,455,329,11,24.0,0.8,1
2024-04-27,PROD0038,WH-SOUTH,330,276,166,9,189.11,1.2,1
2024-04-28,PROD0038,WH-EAST,856,352,67,3,173.18,2.4,1
2024-04-29,PROD0038,WH-SOUTH,525,392,217,4,35.94,1.3,1
2024-04-30,PROD0038,WH-SOUTH,271,402,312,13,46.63,0.7,1
2024-05-01,PROD0038,WH-NORTH,376,292,167,4,52.63,1.3,1
2024-05-02,PROD0038,WH-SOUTH,721,304,64,4,129.34,2.4,1
2024-05-03,PROD0038,WH-EAST,515,398,227,7,47.82,1.3,1
2024-05-04,PROD0038,WH-SOUTH,0,321,321,3,139.46,0.0,1
2024-05-05,PROD0038,WH-SOUTH,604,278,77,3,131.58,2.2,1
2024-05-06,PROD0038,WH-NORTH,598,360,161,5,196.15,1.7,1
2024-05-07,PROD0038,WH-SOUTH,436,300,155,13,97.28,1.5,1
2024-05-08,PROD0038,WH-SOUTH,698,339,107,5,22.3,2.1,1
2024-05-09,PROD0038,WH-SOUTH,688,242,13,12,39.15,2.8,1
2024-05-10,PROD0038,WH-SOUTH,328,368,259,10,30.86,0.9,1
2024-05-11,PROD0038,WH-NORTH,222,301,227,10,16.04,0.7,1
2024-05-12,PROD0038,WH-NORTH,175,313,255,10,90.38,0.6,1
2024-05-13,PROD0038,WH-SOUTH,268,211,122,2,147.75,1.3,1
2024-05-14,PROD0038,WH-SOUTH,371,250,127,3,69.87,1.5,1
2024-05-15,PROD0038,WH-NORTH,540,302,122,4,123.76,1.8,1
2024-05-16,PROD0038,WH-EAST,583,239,45,3,36.77,2.4,1
2024-05-17,PROD0038,WH-EAST,877,305,13,3,96.33,2.9,1
2024-05-18,PROD0038,WH-EAST,673,295,71,10,41.45,2.3,1
2024-05-19,PROD0038,WH-SOUTH,741,213,0,8,101.79,3.5,0
2024-05-20,PROD0038,WH-SOUTH,397,306,174,8,90.19,1.3,1
2024-05-21,PROD0038,WH-SOUTH,516,353,181,13,55.35,1.5,1
2024-05-22,PROD0038,WH-SOUTH,231,378,301,9,60.76,0.6,1
2024-05-23,PROD0038,WH-SOUTH,810,409,139,11,107.94,2.0,1
2024-05-24,PROD0038,WH-NORTH,369,262,139,4,185.44,1.4,1
2024-05-25,PROD0038,WH-NORTH,872,307,17,11,138.86,2.8,1
2024-05-26,PROD0038,WH-SOUTH,413,271,134,7,92.25,1.5,1
2024-05-27,PROD0038,WH-NORTH,347,313,198,13,145.36,1.1,1
2024-05-28,PROD0038,WH-EAST,378,333,207,3,43.54,1.1,1
2024-05-29,PROD0038,WH-SOUTH,693,361,130,2,194.57,1.9,1
2024-05-30,PROD0038,WH-SOUTH,346,316,201,6,159.89,1.1,1
2024-05-31,PROD0038,WH-NORTH,192,334,270,8,67.22,0.6,1
2024-06-01,PROD0038,WH-SOUTH,264,315,227,4,116.72,0.8,1
2024-06-02,PROD0038,WH-EAST,296,369,271,2,121.82,0.8,1
2024-06-03,PROD0038,WH-EAST,240,375,295,11,173.51,0.6,1
2024-06-04,PROD0038,WH-NORTH,755,321,70,9,145.37,2.4,1
2024-06-05,PROD0038,WH-EAST,892,287,0,6,156.86,3.1,0
2024-06-06,PROD0038,WH-SOUTH,832,285,8,13,62.72,2.9,1
2024-06-07,PROD0038,WH-EAST,285,320,225,7,103.92,0.9,1
2024-06-08,PROD0038,WH-SOUTH,717,443,204,7,100.73,1.6,1
2024-06-09,PROD0038,WH-NORTH,299,279,180,11,91.28,1.1,1
2024-06-10,PROD0038,WH-EAST,551,410,227,7,65.17,1.3,1
2024-06-11,PROD0038,WH-SOUTH,861,400,113,12,57.01,2.2,1
2024-06-12,PROD0038,WH-SOUTH,570,354,164,13,112.94,1.6,1
2024-06-13,PROD0038,WH-SOUTH,725,219,0,8,61.68,3.3,0
2024-06-14,PROD0038,WH-EAST,641,328,115,7,29.23,2.0,1
2024-06-15,PROD0038,WH-EAST,264,234,146,12,154.78,1.1,1
2024-06-16,PROD0038,WH-SOUTH,449,257,108,13,143.76,1.7,1
2024-06-17,PROD0038,WH-EAST,270,198,108,2,48.78,1.4,1
2024-06-18,PROD0038,WH-NORTH,181,335,275,3,189.39,0.5,1
2024-06-19,PROD0038,WH-SOUTH,517,251,79,13,179.56,2.1,1
2024-06-20,PROD0038,WH-SOUTH,751,215,0,10,14.61,3.5,0
2024-06-21,PROD0038,WH-SOUTH,251,275,192,13,5.73,0.9,1
2024-06-22,PROD0038,WH-NORTH,573,428,237,12,20.57,1.3,1
2024-06-23,PROD0038,WH-SOUTH,659,338,119,4,117.88,1.9,1
2024-06-24,PROD0038,WH-SOUTH,188,278,216,3,118.46,0.7,1
2024-06-25,PROD0038,WH-SOUTH,642,297,83,13,189.95,2.2,1
2024-06-26,PROD0038,WH-SOUTH,893,355,58,10,70.97,2.5,1
2024-06-27,PROD0038,WH-EAST,562,324,137,14,107.09,1.7,1
2024-06-28,PROD0038,WH-NORTH,750,239,0,6,71.54,3.1,0
2024-01-01,PROD0039,WH-EAST,440,134,0,8,61.83,3.3,0
2024-01-02,PROD0039,WH-SOUTH,358,161,42,7,25.77,2.2,1
2024-01-03,PROD0039,WH-SOUTH,291,224,127,8,87.21,1.3,1
2024-01-04,PROD0039,WH-SOUTH,206,276,208,4,66.62,0.7,1
2024-01-05,PROD0039,WH-EAST,222,168,94,5,182.4,1.3,1
2024-01-06,PROD0039,WH-EAST,544,207,26,8,105.9,2.6,1
2024-01-07,PROD0039,WH-NORTH,105,200,165,6,68.54,0.5,1
2024-01-08,PROD0039,WH-SOUTH,291,243,146,9,17.36,1.2,1
2024-01-09,PROD0039,WH-SOUTH,231,175,98,10,197.21,1.3,1
2024-01-10,PROD0039,WH-SOUTH,299,188,89,4,164.28,1.6,1
2024-01-11,PROD0039,WH-NORTH,180,140,80,10,175.58,1.3,1
2024-01-12,PROD0039,WH-NORTH,102,185,151,14,45.89,0.6,1
2024-01-13,PROD0039,WH-NORTH,180,184,124,7,109.16,1.0,1
2024-01-14,PROD0039,WH-SOUTH,181,202,142,2,143.28,0.9,1
2024-01-15,PROD0039,WH-EAST,223,175,101,9,55.44,1.3,1
2024-01-16,PROD0039,WH-NORTH,464,159,5,3,154.74,2.9,1
2024-01-17,PROD0039,WH-SOUTH,271,207,117,9,127.97,1.3,1
2024-01-18,PROD0039,WH-NORTH,0,192,192,3,173.73,0.0,1
2024-01-19,PROD0039,WH-SOUTH,413,248,111,10,123.9,1.7,1
2024-01-20,PROD0039,WH-SOUTH,410,236,100,14,156.9,1.7,1
2024-01-21,PROD0039,WH-NORTH,99,168,135,5,128.82,0.6,1
2024-01-22,PROD0039,WH-EAST,502,171,4,7,121.51,2.9,1
2024-01-23,PROD0039,WH-EAST,205,210,142,12,105.63,1.0,1
2024-01-24,PROD0039,WH-EAST,370,156,33,11,106.83,2.4,1
2024-01-25,PROD0039,WH-SOUTH,153,215,164,3,42.73,0.7,1
2024-01-26,PROD0039,WH-SOUTH,118,139,100,12,68.05,0.8,1
2024-01-27,PROD0039,WH-NORTH,455,149,0,6,41.01,3.1,0
2024-01-28,PROD0039,WH-EAST,357,197,78,11,118.33,1.8,1
2024-01-29,PROD0039,WH-SOUTH,189,156,93,9,23.03,1.2,1
2024-01-30,PROD0039,WH-SOUTH,431,231,88,11,125.07,1.9,1
2024-01-31,PROD0039,WH-SOUTH,222,167,93,13,93.18,1.3,1
2024-02-01,PROD0039,WH-NORTH,538,230,51,11,175.09,2.3,1
2024-02-02,PROD0039,WH-NORTH,329,181,72,6,5.08,1.8,1
2024-02-03,PROD0039,WH-SOUTH,229,262,186,2,107.91,0.9,1
2024-02-04,PROD0039,WH-SOUTH,378,200,74,5,89.25,1.9,1
2024-02-05,PROD0039,WH-NORTH,253,86,2,6,177.76,2.9,1
2024-02-06,PROD0039,WH-SOUTH,170,183,127,4,131.49,0.9,1
2024-02-07,PROD0039,WH-EAST,146,154,106,4,155.85,0.9,1
2024-02-08,PROD0039,WH-SOUTH,487,96,0,12,114.58,5.1,0
2024-02-09,PROD0039,WH-EAST,440,177,31,4,26.94,2.5,1
2024-02-10,PROD0039,WH-SOUTH,475,172,14,14,87.41,2.8,1
2024-02-11,PROD0039,WH-EAST,449,207,58,12,109.36,2.2,1
2024-02-12,PROD0039,WH-EAST,164,233,179,2,24.75,0.7,1
2024-02-13,PROD0039,WH-SOUTH,388,111,0,5,182.04,3.5,0
2024-02-14,PROD0039,WH-EAST,315,205,100,12,51.06,1.5,1
2024-02-15,PROD0039,WH-EAST,382,198,71,8,148.25,1.9,1
2024-02-16,PROD0039,WH-EAST,528,252,76,5,84.56,2.1,1
2024-02-17,PROD0039,WH-SOUTH,431,144,1,6,145.02,3.0,1
2024-02-18,PROD0039,WH-EAST,179,209,150,4,82.13,0.9,1
2024-02-19,PROD0039,WH-SOUTH,348,258,142,2,62.55,1.3,1
2024-02-20,PROD0039,WH-EAST,328,257,148,12,53.25,1.3,1
2024-02-21,PROD0039,WH-NORTH,250,185,102,2,150.04,1.4,1
2024-02-22,PROD0039,WH-NORTH,369,148,25,12,172.59,2.5,1
2024-02-23,PROD0039,WH-SOUTH,338,120,8,6,168.16,2.8,1
2024-02-24,PROD0039,WH-SOUTH,375,201,76,11,50.01,1.9,1
2024-02-25,PROD0039,WH-SOUTH,274,187,96,10,16.76,1.5,1
2024-02-26,PROD0039,WH-EAST,153,268,217,11,91.44,0.6,1
2024-02-27,PROD0039,WH-EAST,127,183,141,7,139.14,0.7,1
2024-02-28,PROD0039,WH-NORTH,385,224,96,12,135.85,1.7,1
2024-02-29,PROD0039,WH-EAST,196,169,104,3,179.35,1.2,1
2024-03-01,PROD0039,WH-SOUTH,166,192,137,5,129.18,0.9,1
2024-03-02,PROD0039,WH-EAST,255,161,76,14,86.28,1.6,1
2024-03-03,PROD0039,WH-EAST,271,194,104,3,79.64,1.4,1
2024-03-04,PROD0039,WH-EAST,218,170,98,5,50.85,1.3,1
2024-03-05,PROD0039,WH-NORTH,323,173,66,8,192.05,1.9,1
2024-03-06,PROD0039,WH-NORTH,143,166,119,14,157.04,0.9,1
2024-03-07,PROD0039,WH-SOUTH,254,167,83,9,64.46,1.5,1
2024-03-08,PROD0039,WH-EAST,193,214,150,2,129.2,0.9,1
2024-03-09,PROD0039,WH-NORTH,498,212,46,12,107.25,2.3,1
2024-03-10,PROD0039,WH-NORTH,175,154,96,11,127.27,1.1,1
2024-03-11,PROD0039,WH-EAST,431,183,40,8,15.37,2.4,1
2024-03-12,PROD0039,WH-NORTH,446,175,27,7,154.87,2.5,1
2024-03-13,PROD0039,WH-SOUTH,97,143,111,9,40.27,0.7,1
2024-03-14,PROD0039,WH-NORTH,109,201,165,5,63.49,0.5,1
2024-03-15,PROD0039,WH-SOUTH,460,232,79,11,86.67,2.0,1
2024-03-16,PROD0039,WH-NORTH,209,207,138,6,5.59,1.0,1
2024-03-17,PROD0039,WH-EAST,324,185,77,3,67.24,1.8,1
2024-03-18,PROD0039,WH-NORTH,246,168,86,3,32.82,1.5,1
2024-03-19,PROD0039,WH-NORTH,394,139,8,13,5.83,2.8,1
2024-03-20,PROD0039,WH-NORTH,236,185,107,6,18.66,1.3,1
2024-03-21,PROD0039,WH-EAST,370,186,63,5,86.78,2.0,1
2024-03-22,PROD0039,WH-SOUTH,424,275,134,2,77.37,1.5,1
2024-03-23,PROD0039,WH-NORTH,475,217,59,2,14.0,2.2,1
2024-03-24,PROD0039,WH-EAST,271,162,72,3,104.01,1.7,1
2024-03-25,PROD0039,WH-SOUTH,201,195,128,9,28.15,1.0,1
2024-03-26,PROD0039,WH-EAST,368,239,117,13,112.35,1.5,1
2024-03-27,PROD0039,WH-SOUTH,405,184,49,10,194.39,2.2,1
2024-03-28,PROD0039,WH-SOUTH,401,172,39,4,134.88,2.3,1
2024-03-29,PROD0039,WH-NORTH,243,256,175,12,128.59,0.9,1
2024-03-30,PROD0039,WH-SOUTH,532,227,50,6,184.35,2.3,1
2024-03-31,PROD0039,WH-SOUTH,543,257,76,11,30.86,2.1,1
2024-04-01,PROD0039,WH-SOUTH,261,141,54,2,45.68,1.9,1
2024-04-02,PROD0039,WH-EAST,260,190,104,9,178.1,1.4,1
2024-04-03,PROD0039,WH-NORTH,350,127,11,10,101.38,2.8,1
2024-04-04,PROD0039,WH-SOUTH,394,144,13,10,197.31,2.7,1
2024-04-05,PROD0039,WH-NORTH,401,231,98,8,121.24,1.7,1
2024-04-06,PROD0039,WH-EAST,364,187,66,11,134.38,1.9,1
2024-04-07,PROD0039,WH-SOUTH,156,197,145,4,28.66,0.8,1
2024-04-08,PROD0039,WH-NORTH,237,166,87,3,167.05,1.4,1
2024-04-09,PROD0039,WH-EAST,393,186,55,14,192.24,2.1,1
2024-04-10,PROD0039,WH-NORTH,437,228,83,5,107.1,1.9,1
2024-04-11,PROD0039,WH-NORTH,561,218,31,14,68.09,2.6,1
2024-04-12,PROD0039,WH-EAST,412,277,140,6,123.41,1.5,1
2024-04-13,PROD0039,WH-SOUTH,115,120,82,8,41.36,1.0,1
2024-04-14,PROD0039,WH-EAST,528,194,18,3,175.46,2.7,1
2024-04-15,PROD0039,WH-SOUTH,465,189,34,6,168.62,2.5,1
2024-04-16,PROD0039,WH-EAST,0,193,193,13,96.29,0.0,1
2024-04-17,PROD0039,WH-EAST,149,226,177,2,90.16,0.7,1
2024-04-18,PROD0039,WH-EAST,111,182,145,11,20.58,0.6,1
2024-04-19,PROD0039,WH-NORTH,127,173,131,4,5.02,0.7,1
2024-04-20,PROD0039,WH-SOUTH,163,231,177,3,107.99,0.7,1
2024-04-21,PROD0039,WH-EAST,521,189,16,6,195.51,2.8,1
2024-04-22,PROD0039,WH-NORTH,131,174,131,11,124.44,0.8,1
2024-04-23,PROD0039,WH-NORTH,524,247,73,3,131.25,2.1,1
2024-04-24,PROD0039,WH-NORTH,213,167,96,4,122.21,1.3,1
2024-04-25,PROD0039,WH-EAST,204,205,137,10,131.01,1.0,1
2024-04-26,PROD0039,WH-EAST,462,164,10,11,170.73,2.8,1
2024-04-27,PROD0039,WH-SOUTH,320,192,86,4,147.42,1.7,1
2024-04-28,PROD0039,WH-EAST,490,268,105,14,150.31,1.8,1
2024-04-29,PROD0039,WH-EAST,515,153,0,9,172.15,3.4,0
2024-04-30,PROD0039,WH-SOUTH,0,171,171,13,31.37,0.0,1
2024-05-01,PROD0039,WH-NORTH,281,188,95,2,177.57,1.5,1
2024-05-02,PROD0039,WH-EAST,172,194,137,6,6.8,0.9,1
2024-05-03,PROD0039,WH-EAST,445,168,20,8,135.51,2.6,1
2024-05-04,PROD0039,WH-NORTH,308,110,8,9,33.47,2.8,1
2024-05-05,PROD0039,WH-EAST,242,185,105,3,197.32,1.3,1
2024-05-06,PROD0039,WH-EAST,190,105,42,7,89.9,1.8,1
2024-05-07,PROD0039,WH-EAST,187,187,125,7,125.3,1.0,1
2024-05-08,PROD0039,WH-SOUTH,197,218,153,2,51.42,0.9,1
2024-05-09,PROD0039,WH-SOUTH,412,171,34,5,80.31,2.4,1
2024-05-10,PROD0039,WH-SOUTH,549,178,0,5,9.55,3.1,0
2024-05-11,PROD0039,WH-SOUTH,115,209,171,10,15.35,0.6,1
2024-05-12,PROD0039,WH-SOUTH,448,116,0,2,185.06,3.9,0
2024-05-13,PROD0039,WH-SOUTH,236,259,181,3,69.63,0.9,1
2024-05-14,PROD0039,WH-NORTH,138,172,126,13,50.21,0.8,1
2024-05-15,PROD0039,WH-SOUTH,342,293,179,11,197.3,1.2,1
2024-05-16,PROD0039,WH-SOUTH,154,223,172,7,68.95,0.7,1
2024-05-17,PROD0039,WH-NORTH,241,199,119,11,137.24,1.2,1
2024-05-18,PROD0039,WH-NORTH,161,188,135,13,100.13,0.9,1
2024-05-19,PROD0039,WH-NORTH,108,162,126,2,177.39,0.7,1
2024-05-20,PROD0039,WH-EAST,249,174,91,9,97.45,1.4,1
2024-05-21,PROD0039,WH-EAST,436,273,128,8,64.25,1.6,1
2024-05-22,PROD0039,WH-NORTH,157,216,164,8,118.56,0.7,1
2024-05-23,PROD0039,WH-SOUTH,470,211,55,11,99.89,2.2,1
2024-05-24,PROD0039,WH-EAST,477,148,0,5,168.97,3.2,0
2024-05-25,PROD0039,WH-NORTH,387,100,0,7,97.37,3.9,0
2024-05-26,PROD0039,WH-NORTH,155,188,137,13,21.56,0.8,1
2024-05-27,PROD0039,WH-SOUTH,284,257,163,11,60.72,1.1,1
2024-05-28,PROD0039,WH-EAST,126,258,216,3,199.05,0.5,1
2024-05-29,PROD0039,WH-NORTH,239,250,171,4,55.92,1.0,1
2024-05-30,PROD0039,WH-EAST,269,202,113,11,140.96,1.3,1
2024-05-31,PROD0039,WH-NORTH,427,181,39,14,138.26,2.4,1
2024-06-01,PROD0039,WH-SOUTH,173,258,201,12,153.37,0.7,1
2024-06-02,PROD0039,WH-NORTH,367,146,24,9,107.69,2.5,1
2024-06-03,PROD0039,WH-NORTH,507,205,36,12,177.24,2.5,1
2024-06-04,PROD0039,WH-SOUTH,377,226,101,13,165.38,1.7,1
2024-06-05,PROD0039,WH-NORTH,308,230,128,4,52.28,1.3,1
2024-06-06,PROD0039,WH-SOUTH,137,240,195,4,81.7,0.6,1
2024-06-07,PROD0039,WH-EAST,547,247,65,14,191.24,2.2,1
2024-06-08,PROD0039,WH-NORTH,384,230,102,4,58.15,1.7,1
2024-06-09,PROD0039,WH-EAST,192,261,197,11,131.41,0.7,1
2024-06-10,PROD0039,WH-SOUTH,131,218,175,8,140.59,0.6,1
2024-06-11,PROD0039,WH-SOUTH,323,136,29,9,43.39,2.4,1
2024-06-12,PROD0039,WH-SOUTH,193,248,184,10,61.8,0.8,1
2024-06-13,PROD0039,WH-SOUTH,423,255,114,9,50.57,1.7,1
2024-06-14,PROD0039,WH-NORTH,117,151,112,13,91.28,0.8,1
2024-06-15,PROD0039,WH-NORTH,147,140,91,9,56.14,1.1,1
2024-06-16,PROD0039,WH-SOUTH,555,246,61,12,173.37,2.3,1
2024-06-17,PROD0039,WH-SOUTH,320,152,46,3,109.95,2.1,1
2024-06-18,PROD0039,WH-EAST,264,238,150,8,167.43,1.1,1
2024-06-19,PROD0039,WH-SOUTH,455,229,78,3,77.89,2.0,1
2024-06-20,PROD0039,WH-SOUTH,284,204,110,11,114.23,1.4,1
2024-06-21,PROD0039,WH-SOUTH,135,195,150,3,97.68,0.7,1
2024-06-22,PROD0039,WH-EAST,287,190,95,2,111.99,1.5,1
2024-06-23,PROD0039,WH-NORTH,0,160,160,2,42.97,0.0,1
2024-06-24,PROD0039,WH-EAST,246,215,133,7,43.2,1.1,1
2024-06-25,PROD0039,WH-EAST,0,185,185,14,141.14,0.0,1
2024-06-26,PROD0039,WH-SOUTH,394,191,60,4,5.44,2.1,1
2024-06-27,PROD0039,WH-SOUTH,176,182,124,11,100.9,1.0,1
2024-06-28,PROD0039,WH-NORTH,313,190,86,2,80.88,1.6,1
2024-01-01,PROD0040,WH-NORTH,256,631,546,13,50.36,0.4,1
2024-01-02,PROD0040,WH-NORTH,418,486,347,5,74.19,0.9,1
2024-01-03,PROD0040,WH-SOUTH,583,400,206,13,182.87,1.5,1
2024-01-04,PROD0040,WH-NORTH,1041,390,43,14,31.81,2.7,1
2024-01-05,PROD0040,WH-NORTH,780,617,357,4,20.75,1.3,1
2024-01-06,PROD0040,WH-SOUTH,421,272,132,4,37.7,1.5,1
2024-01-07,PROD0040,WH-EAST,1339,608,162,9,32.91,2.2,1
2024-01-08,PROD0040,WH-EAST,534,419,241,13,141.59,1.3,1
2024-01-09,PROD0040,WH-SOUTH,288,355,259,13,15.57,0.8,1
2024-01-10,PROD0040,WH-NORTH,0,403,403,7,127.85,0.0,1
2024-01-11,PROD0040,WH-NORTH,1087,477,115,10,166.42,2.3,1
2024-01-12,PROD0040,WH-SOUTH,658,314,95,11,142.61,2.1,1
2024-01-13,PROD0040,WH-NORTH,846,552,270,14,76.22,1.5,1
2024-01-14,PROD0040,WH-NORTH,409,581,445,10,49.54,0.7,1
2024-01-15,PROD0040,WH-EAST,660,413,193,6,129.69,1.6,1
2024-01-16,PROD0040,WH-EAST,599,391,192,13,138.11,1.5,1
2024-01-17,PROD0040,WH-SOUTH,1341,587,140,6,168.13,2.3,1
2024-01-18,PROD0040,WH-SOUTH,953,503,186,14,119.87,1.9,1
2024-01-19,PROD0040,WH-NORTH,475,439,281,6,83.56,1.1,1
2024-01-20,PROD0040,WH-EAST,538,394,215,11,89.53,1.4,1
2024-01-21,PROD0040,WH-EAST,1117,397,25,11,85.27,2.8,1
2024-01-22,PROD0040,WH-EAST,717,520,281,5,167.18,1.4,1
2024-01-23,PROD0040,WH-SOUTH,270,466,376,6,193.84,0.6,1
2024-01-24,PROD0040,WH-EAST,944,500,186,10,39.77,1.9,1
2024-01-25,PROD0040,WH-NORTH,854,315,31,4,70.77,2.7,1
2024-01-26,PROD0040,WH-EAST,687,509,280,3,99.45,1.3,1
2024-01-27,PROD0040,WH-NORTH,850,488,205,11,94.42,1.7,1
2024-01-28,PROD0040,WH-SOUTH,0,489,489,8,8.77,0.0,1
2024-01-29,PROD0040,WH-NORTH,1371,524,67,3,85.03,2.6,1
2024-01-30,PROD0040,WH-SOUTH,439,487,341,12,6.93,0.9,1
2024-01-31,PROD0040,WH-NORTH,1014,423,85,9,86.46,2.4,1
2024-02-01,PROD0040,WH-SOUTH,362,396,276,9,169.35,0.9,1
2024-02-02,PROD0040,WH-NORTH,481,351,191,6,95.81,1.4,1
2024-02-03,PROD0040,WH-SOUTH,405,631,496,14,83.83,0.6,1
2024-02-04,PROD0040,WH-SOUTH,574,494,303,5,75.94,1.2,1
2024-02-05,PROD0040,WH-NORTH,246,401,319,4,80.59,0.6,1
2024-02-06,PROD0040,WH-EAST,578,421,229,7,54.02,1.4,1
2024-02-07,PROD0040,WH-EAST,0,496,496,7,151.74,0.0,1
2024-02-08,PROD0040,WH-NORTH,948,565,249,3,152.04,1.7,1
2024-02-09,PROD0040,WH-NORTH,1280,559,133,4,58.58,2.3,1
2024-02-10,PROD0040,WH-EAST,1046,350,2,6,128.78,3.0,1
2024-02-11,PROD0040,WH-SOUTH,894,545,247,3,84.38,1.6,1
2024-02-12,PROD0040,WH-NORTH,1247,392,0,7,131.07,3.2,0
2024-02-13,PROD0040,WH-NORTH,587,535,340,11,26.9,1.1,1
2024-02-14,PROD0040,WH-SOUTH,458,542,390,8,172.11,0.8,1
2024-02-15,PROD0040,WH-NORTH,439,541,395,8,160.97,0.8,1
2024-02-16,PROD0040,WH-SOUTH,809,368,99,5,181.67,2.2,1
2024-02-17,PROD0040,WH-EAST,1086,299,0,10,87.73,3.6,0
2024-02-18,PROD0040,WH-EAST,1042,449,102,12,10.89,2.3,1
2024-02-19,PROD0040,WH-SOUTH,1211,392,0,11,10.64,3.1,0
2024-02-20,PROD0040,WH-NORTH,991,458,128,7,9.5,2.2,1
2024-02-21,PROD0040,WH-SOUTH,357,232,113,11,51.01,1.5,1
2024-02-22,PROD0040,WH-NORTH,771,500,243,7,121.04,1.5,1
2024-02-23,PROD0040,WH-SOUTH,889,416,120,12,181.27,2.1,1
2024-02-24,PROD0040,WH-NORTH,512,338,168,4,130.77,1.5,1
2024-02-25,PROD0040,WH-EAST,1368,396,0,7,175.2,3.5,0
2024-02-26,PROD0040,WH-SOUTH,685,325,97,6,52.43,2.1,1
2024-02-27,PROD0040,WH-SOUTH,416,446,308,13,22.44,0.9,1
2024-02-28,PROD0040,WH-EAST,1285,334,0,2,166.35,3.8,0
2024-02-29,PROD0040,WH-EAST,588,406,210,8,163.06,1.4,1
2024-03-01,PROD0040,WH-SOUTH,1145,505,124,10,121.52,2.3,1
2024-03-02,PROD0040,WH-NORTH,642,282,68,9,154.49,2.3,1
2024-03-03,PROD0040,WH-EAST,291,595,498,13,44.74,0.5,1
2024-03-04,PROD0040,WH-EAST,1344,719,271,9,7.34,1.9,1
2024-03-05,PROD0040,WH-SOUTH,1038,556,210,7,65.02,1.9,1
2024-03-06,PROD0040,WH-SOUTH,617,391,186,4,184.72,1.6,1
2024-03-07,PROD0040,WH-NORTH,1037,507,162,6,66.43,2.0,1
2024-03-08,PROD0040,WH-NORTH,967,424,102,14,74.22,2.3,1
2024-03-09,PROD0040,WH-NORTH,825,432,157,3,129.0,1.9,1
2024-03-10,PROD0040,WH-EAST,897,598,299,6,146.81,1.5,1
2024-03-11,PROD0040,WH-NORTH,1077,440,81,8,64.48,2.4,1
2024-03-12,PROD0040,WH-EAST,1358,404,0,3,11.69,3.4,0
2024-03-13,PROD0040,WH-SOUTH,1078,590,231,7,24.71,1.8,1
2024-03-14,PROD0040,WH-SOUTH,450,410,260,7,86.17,1.1,1
2024-03-15,PROD0040,WH-SOUTH,1200,464,64,8,113.66,2.6,1
2024-03-16,PROD0040,WH-SOUTH,1310,396,0,11,102.27,3.3,0
2024-03-17,PROD0040,WH-NORTH,403,296,162,12,21.74,1.4,1
2024-03-18,PROD0040,WH-EAST,725,778,537,8,97.77,0.9,1
2024-03-19,PROD0040,WH-NORTH,1244,505,91,11,39.47,2.5,1
2024-03-20,PROD0040,WH-SOUTH,695,576,345,7,167.42,1.2,1
2024-03-21,PROD0040,WH-SOUTH,997,587,255,13,50.28,1.7,1
2024-03-22,PROD0040,WH-SOUTH,1214,409,5,3,22.86,3.0,1
2024-03-23,PROD0040,WH-SOUTH,420,349,209,4,31.37,1.2,1
2024-03-24,PROD0040,WH-EAST,1112,410,40,12,20.88,2.7,1
2024-03-25,PROD0040,WH-EAST,781,420,160,13,130.09,1.9,1
2024-03-26,PROD0040,WH-SOUTH,1122,499,125,12,30.57,2.2,1
2024-03-27,PROD0040,WH-NORTH,640,386,173,14,174.1,1.7,1
2024-03-28,PROD0040,WH-NORTH,0,391,391,5,171.51,0.0,1
2024-03-29,PROD0040,WH-EAST,891,596,299,9,195.01,1.5,1
2024-03-30,PROD0040,WH-SOUTH,963,388,67,7,52.99,2.5,1
2024-03-31,PROD0040,WH-NORTH,476,436,278,5,176.53,1.1,1
2024-04-01,PROD0040,WH-SOUTH,440,432,286,2,78.18,1.0,1
2024-04-02,PROD0040,WH-EAST,691,551,321,2,82.47,1.3,1
2024-04-03,PROD0040,WH-SOUTH,586,466,271,13,8.15,1.3,1
2024-04-04,PROD0040,WH-EAST,0,389,389,8,5.01,0.0,1
2024-04-05,PROD0040,WH-SOUTH,551,361,178,12,17.29,1.5,1
2024-04-06,PROD0040,WH-EAST,1272,577,153,13,39.39,2.2,1
2024-04-07,PROD0040,WH-EAST,795,395,130,7,89.6,2.0,1
2024-04-08,PROD0040,WH-NORTH,406,475,340,14,158.25,0.9,1
2024-04-09,PROD0040,WH-SOUTH,301,544,444,3,101.85,0.6,1
2024-04-10,PROD0040,WH-EAST,737,355,110,3,87.43,2.1,1
2024-04-11,PROD0040,WH-SOUTH,551,395,212,3,139.46,1.4,1
2024-04-12,PROD0040,WH-EAST,1308,497,61,12,89.29,2.6,1
2024-04-13,PROD0040,WH-EAST,559,476,290,10,49.47,1.2,1
2024-04-14,PROD0040,WH-NORTH,627,463,254,2,14.21,1.4,1
2024-04-15,PROD0040,WH-EAST,1143,411,30,8,9.77,2.8,1
2024-04-16,PROD0040,WH-SOUTH,1274,370,0,5,8.79,3.4,0
2024-04-17,PROD0040,WH-SOUTH,966,381,59,4,98.58,2.5,1
2024-04-18,PROD0040,WH-NORTH,1105,343,0,4,109.8,3.2,0
2024-04-19,PROD0040,WH-EAST,934,468,157,2,28.35,2.0,1
2024-04-20,PROD0040,WH-SOUTH,864,693,405,13,73.6,1.2,1
2024-04-21,PROD0040,WH-EAST,354,554,436,8,8.47,0.6,1
2024-04-22,PROD0040,WH-SOUTH,1303,692,258,12,175.38,1.9,1
2024-04-23,PROD0040,WH-EAST,1099,383,17,11,128.87,2.9,1
2024-04-24,PROD0040,WH-NORTH,1382,493,33,8,34.35,2.8,1
2024-04-25,PROD0040,WH-EAST,758,523,271,2,168.67,1.4,1
2024-04-26,PROD0040,WH-NORTH,1097,365,0,14,151.44,3.0,0
2024-04-27,PROD0040,WH-EAST,410,415,279,6,170.0,1.0,1
2024-04-28,PROD0040,WH-SOUTH,0,528,528,3,72.1,0.0,1
2024-04-29,PROD0040,WH-SOUTH,1242,477,63,13,63.05,2.6,1
2024-04-30,PROD0040,WH-NORTH,759,371,118,14,133.05,2.0,1
2024-05-01,PROD0040,WH-SOUTH,862,443,156,3,166.62,1.9,1
2024-05-02,PROD0040,WH-NORTH,320,538,432,12,135.64,0.6,1
2024-05-03,PROD0040,WH-SOUTH,647,552,337,7,109.49,1.2,1
2024-05-04,PROD0040,WH-EAST,850,502,219,14,155.16,1.7,1
2024-05-05,PROD0040,WH-NORTH,1070,582,226,8,194.16,1.8,1
2024-05-06,PROD0040,WH-SOUTH,1184,358,0,14,104.52,3.3,0
2024-05-07,PROD0040,WH-NORTH,757,379,127,3,142.84,2.0,1
2024-05-08,PROD0040,WH-SOUTH,782,529,269,6,44.08,1.5,1
2024-05-09,PROD0040,WH-EAST,1290,482,52,4,75.21,2.7,1
2024-05-10,PROD0040,WH-EAST,369,386,263,7,9.34,1.0,1
2024-05-11,PROD0040,WH-NORTH,0,343,343,2,186.49,0.0,1
2024-05-12,PROD0040,WH-EAST,295,429,331,12,12.7,0.7,1
2024-05-13,PROD0040,WH-EAST,926,371,63,5,115.65,2.5,1
2024-05-14,PROD0040,WH-NORTH,545,303,122,6,5.07,1.8,1
2024-05-15,PROD0040,WH-SOUTH,1012,467,130,3,181.39,2.2,1
2024-05-16,PROD0040,WH-EAST,1312,486,49,9,14.3,2.7,1
2024-05-17,PROD0040,WH-EAST,661,460,240,10,148.84,1.4,1
2024-05-18,PROD0040,WH-SOUTH,999,493,160,8,135.69,2.0,1
2024-05-19,PROD0040,WH-SOUTH,1180,352,0,6,40.23,3.4,0
2024-05-20,PROD0040,WH-EAST,605,392,191,10,48.14,1.5,1
2024-05-21,PROD0040,WH-EAST,351,413,296,4,186.03,0.8,1
2024-05-22,PROD0040,WH-NORTH,458,585,433,13,177.42,0.8,1
2024-05-23,PROD0040,WH-EAST,865,574,286,10,156.11,1.5,1
2024-05-24,PROD0040,WH-NORTH,388,513,384,5,71.98,0.8,1
2024-05-25,PROD0040,WH-SOUTH,563,562,375,9,163.66,1.0,1
2024-05-26,PROD0040,WH-EAST,679,535,309,10,34.2,1.3,1
2024-05-27,PROD0040,WH-EAST,472,323,166,12,144.47,1.5,1
2024-05-28,PROD0040,WH-EAST,527,635,460,14,81.1,0.8,1
2024-05-29,PROD0040,WH-SOUTH,462,569,415,9,24.26,0.8,1
2024-05-30,PROD0040,WH-EAST,1299,491,58,2,25.75,2.6,1
2024-05-31,PROD0040,WH-SOUTH,297,510,411,11,81.52,0.6,1
2024-06-01,PROD0040,WH-NORTH,531,371,194,2,33.38,1.4,1
2024-06-02,PROD0040,WH-NORTH,1132,360,0,9,93.43,3.1,0
2024-06-03,PROD0040,WH-NORTH,1201,570,170,13,198.32,2.1,1
2024-06-04,PROD0040,WH-NORTH,1089,433,70,9,24.56,2.5,1
2024-06-05,PROD0040,WH-EAST,501,525,358,12,100.74,1.0,1
2024-06-06,PROD0040,WH-EAST,408,416,280,10,175.29,1.0,1
2024-06-07,PROD0040,WH-SOUTH,740,436,190,12,103.9,1.7,1
2024-06-08,PROD0040,WH-NORTH,1157,475,90,12,125.27,2.4,1
2024-06-09,PROD0040,WH-NORTH,824,381,107,3,157.26,2.2,1
2024-06-10,PROD0040,WH-NORTH,1384,154,0,5,194.23,9.0,0
2024-06-11,PROD0040,WH-EAST,1235,536,125,8,34.06,2.3,1
2024-06-12,PROD0040,WH-EAST,1064,437,83,12,15.17,2.4,1
2024-06-13,PROD0040,WH-NORTH,0,622,622,5,68.77,0.0,1
2024-06-14,PROD0040,WH-EAST,1075,628,270,9,109.17,1.7,1
2024-06-15,PROD0040,WH-NORTH,699,498,265,13,192.29,1.4,1
2024-06-16,PROD0040,WH-SOUTH,0,457,457,12,95.64,0.0,1
2024-06-17,PROD0040,WH-NORTH,270,602,512,9,188.95,0.4,1
2024-06-18,PROD0040,WH-SOUTH,664,385,164,2,130.13,1.7,1
2024-06-19,PROD0040,WH-NORTH,531,317,140,11,111.79,1.7,1
2024-06-20,PROD0040,WH-EAST,1084,400,39,12,67.25,2.7,1
2024-06-21,PROD0040,WH-EAST,496,431,266,14,54.67,1.2,1
2024-06-22,PROD0040,WH-SOUTH,912,368,64,7,28.31,2.5,1
2024-06-23,PROD0040,WH-EAST,759,496,243,2,175.31,1.5,1
2024-06-24,PROD0040,WH-SOUTH,757,436,184,9,44.27,1.7,1
2024-06-25,PROD0040,WH-NORTH,1033,573,229,3,95.69,1.8,1
2024-06-26,PROD0040,WH-EAST,441,304,157,4,199.38,1.5,1
2024-06-27,PROD0040,WH-EAST,318,600,494,10,183.59,0.5,1
2024-06-28,PROD0040,WH-EAST,0,410,410,5,63.16,0.0,1
2024-01-01,PROD0041,WH-SOUTH,72,93,69,12,71.34,0.8,1
2024-01-02,PROD0041,WH-NORTH,233,113,36,4,23.14,2.1,1
2024-01-03,PROD0041,WH-NORTH,157,97,45,3,75.41,1.6,1
2024-01-04,PROD0041,WH-NORTH,331,110,0,5,80.47,3.0,0
2024-01-05,PROD0041,WH-EAST,244,86,5,12,121.73,2.8,1
2024-01-06,PROD0041,WH-EAST,179,112,53,2,81.08,1.6,1
2024-01-07,PROD0041,WH-EAST,123,155,114,10,31.04,0.8,1
2024-01-08,PROD0041,WH-NORTH,267,86,0,11,101.08,3.1,0
2024-01-09,PROD0041,WH-SOUTH,116,108,70,13,105.45,1.1,1
2024-01-10,PROD0041,WH-EAST,137,115,70,4,23.25,1.2,1
2024-01-11,PROD0041,WH-NORTH,261,118,31,13,111.53,2.2,1
2024-01-12,PROD0041,WH-EAST,203,125,58,3,55.57,1.6,1
2024-01-13,PROD0041,WH-NORTH,142,109,62,12,133.89,1.3,1
2024-01-14,PROD0041,WH-NORTH,125,128,87,7,119.92,1.0,1
2024-01-15,PROD0041,WH-SOUTH,156,103,51,5,32.43,1.5,1
2024-01-16,PROD0041,WH-NORTH,116,105,67,2,197.91,1.1,1
2024-01-17,PROD0041,WH-NORTH,200,94,28,2,69.41,2.1,1
2024-01-18,PROD0041,WH-EAST,219,145,72,13,57.64,1.5,1
2024-01-19,PROD0041,WH-EAST,262,85,0,13,21.11,3.1,0
2024-01-20,PROD0041,WH-NORTH,124,94,53,8,119.05,1.3,1
2024-01-21,PROD0041,WH-NORTH,160,94,41,9,47.31,1.7,1
2024-01-22,PROD0041,WH-NORTH,333,98,0,7,87.72,3.4,0
2024-01-23,PROD0041,WH-NORTH,304,125,24,7,61.11,2.4,1
2024-01-24,PROD0041,WH-SOUTH,140,89,43,7,67.23,1.6,1
2024-01-25,PROD0041,WH-NORTH,110,70,34,3,106.46,1.6,1
2024-01-26,PROD0041,WH-NORTH,81,147,120,2,82.23,0.6,1
2024-01-27,PROD0041,WH-NORTH,139,105,59,4,176.37,1.3,1
2024-01-28,PROD0041,WH-EAST,102,160,126,14,49.44,0.6,1
2024-01-29,PROD0041,WH-NORTH,319,87,0,7,90.62,3.7,0
2024-01-30,PROD0041,WH-SOUTH,136,89,44,10,144.39,1.5,1
2024-01-31,PROD0041,WH-EAST,144,116,68,13,10.73,1.2,1
2024-02-01,PROD0041,WH-NORTH,160,99,46,14,52.44,1.6,1
2024-02-02,PROD0041,WH-EAST,114,97,59,2,25.54,1.2,1
2024-02-03,PROD0041,WH-NORTH,287,116,21,13,36.68,2.5,1
2024-02-04,PROD0041,WH-NORTH,130,140,97,12,192.39,0.9,1
2024-02-05,PROD0041,WH-NORTH,321,92,0,3,151.85,3.5,0
2024-02-06,PROD0041,WH-EAST,159,66,13,10,178.5,2.4,1
2024-02-07,PROD0041,WH-SOUTH,214,142,71,8,161.35,1.5,1
2024-02-08,PROD0041,WH-NORTH,224,112,38,7,82.17,2.0,1
2024-02-09,PROD0041,WH-NORTH,72,126,102,6,136.7,0.6,1
2024-02-10,PROD0041,WH-EAST,92,121,91,8,7.19,0.8,1
2024-02-11,PROD0041,WH-SOUTH,80,99,73,9,146.02,0.8,1
2024-02-12,PROD0041,WH-EAST,315,109,4,13,69.76,2.9,1
2024-02-13,PROD0041,WH-EAST,229,131,55,10,118.01,1.7,1
2024-02-14,PROD0041,WH-NORTH,167,135,80,8,10.81,1.2,1
2024-02-15,PROD0041,WH-EAST,79,84,58,10,95.58,0.9,1
2024-02-16,PROD0041,WH-NORTH,265,121,33,11,72.87,2.2,1
2024-02-17,PROD0041,WH-NORTH,267,113,24,12,194.7,2.4,1
2024-02-18,PROD0041,WH-SOUTH,319,88,0,9,107.52,3.6,0
2024-02-19,PROD0041,WH-SOUTH,133,101,57,14,177.19,1.3,1
2024-02-20,PROD0041,WH-EAST,305,100,0,12,186.57,3.0,0
2024-02-21,PROD0041,WH-EAST,169,82,26,6,152.64,2.1,1
2024-02-22,PROD0041,WH-NORTH,114,101,63,10,186.24,1.1,1
2024-02-23,PROD0041,WH-SOUTH,88,121,92,10,185.11,0.7,1
2024-02-24,PROD0041,WH-SOUTH,255,110,25,13,157.51,2.3,1
2024-02-25,PROD0041,WH-EAST,316,98,0,8,6.35,3.2,0
2024-02-26,PROD0041,WH-EAST,250,109,26,13,42.75,2.3,1
2024-02-27,PROD0041,WH-SOUTH,217,135,63,7,195.52,1.6,1
2024-02-28,PROD0041,WH-NORTH,113,89,52,7,84.73,1.3,1
2024-02-29,PROD0041,WH-EAST,180,148,88,11,90.6,1.2,1
2024-03-01,PROD0041,WH-NORTH,256,123,38,5,103.75,2.1,1
2024-03-02,PROD0041,WH-NORTH,88,157,128,10,102.39,0.6,1
2024-03-03,PROD0041,WH-EAST,143,111,64,11,118.5,1.3,1
2024-03-04,PROD0041,WH-EAST,258,122,36,5,17.54,2.1,1
2024-03-05,PROD0041,WH-EAST,61,94,74,10,36.03,0.6,1
2024-03-06,PROD0041,WH-EAST,107,67,32,8,74.34,1.6,1
2024-03-07,PROD0041,WH-SOUTH,281,105,12,10,194.86,2.7,1
2024-03-08,PROD0041,WH-EAST,169,131,75,3,22.52,1.3,1
2024-03-09,PROD0041,WH-EAST,249,118,35,2,138.48,2.1,1
2024-03-10,PROD0041,WH-SOUTH,124,71,30,7,169.28,1.7,1
2024-03-11,PROD0041,WH-SOUTH,193,128,64,6,113.41,1.5,1
2024-03-12,PROD0041,WH-NORTH,202,110,43,10,86.31,1.8,1
2024-03-13,PROD0041,WH-SOUTH,327,156,47,4,84.67,2.1,1
2024-03-14,PROD0041,WH-NORTH,150,113,63,14,142.7,1.3,1
2024-03-15,PROD0041,WH-SOUTH,309,109,6,4,107.04,2.8,1
2024-03-16,PROD0041,WH-EAST,285,120,25,11,94.9,2.4,1
2024-03-17,PROD0041,WH-NORTH,260,94,8,6,37.86,2.8,1
2024-03-18,PROD0041,WH-EAST,222,86,12,10,82.1,2.6,1
2024-03-19,PROD0041,WH-SOUTH,179,105,46,3,180.82,1.7,1
2024-03-20,PROD0041,WH-SOUTH,231,79,2,8,38.21,2.9,1
2024-03-21,PROD0041,WH-NORTH,215,152,81,14,109.2,1.4,1
2024-03-22,PROD0041,WH-SOUTH,175,92,34,7,181.68,1.9,1
2024-03-23,PROD0041,WH-EAST,129,103,60,11,103.58,1.3,1
2024-03-24,PROD0041,WH-SOUTH,71,125,102,5,35.87,0.6,1
2024-03-25,PROD0041,WH-NORTH,207,117,48,3,175.08,1.8,1
2024-03-26,PROD0041,WH-EAST,125,193,152,13,185.69,0.6,1
2024-03-27,PROD0041,WH-EAST,270,110,20,5,163.48,2.5,1
2024-03-28,PROD0041,WH-NORTH,175,97,39,9,60.51,1.8,1
2024-03-29,PROD0041,WH-EAST,157,86,34,8,126.68,1.8,1
2024-03-30,PROD0041,WH-SOUTH,161,111,58,3,167.41,1.5,1
2024-03-31,PROD0041,WH-EAST,273,78,0,4,63.54,3.5,0
2024-04-01,PROD0041,WH-SOUTH,183,114,53,3,191.62,1.6,1
2024-04-02,PROD0041,WH-EAST,125,105,64,5,58.34,1.2,1
2024-04-03,PROD0041,WH-NORTH,218,79,7,2,62.93,2.8,1
2024-04-04,PROD0041,WH-SOUTH,297,118,19,12,15.92,2.5,1
2024-04-05,PROD0041,WH-EAST,110,110,74,13,121.1,1.0,1
2024-04-06,PROD0041,WH-NORTH,142,88,41,6,107.61,1.6,1
2024-04-07,PROD0041,WH-SOUTH,145,143,95,11,197.39,1.0,1
2024-04-08,PROD0041,WH-EAST,110,129,93,6,113.04,0.9,1
2024-04-09,PROD0041,WH-NORTH,207,83,14,9,8.21,2.5,1
2024-04-10,PROD0041,WH-EAST,0,89,89,5,165.01,0.0,1
2024-04-11,PROD0041,WH-SOUTH,74,112,88,12,16.01,0.7,1
2024-04-12,PROD0041,WH-EAST,250,102,19,4,186.13,2.5,1
2024-04-13,PROD0041,WH-EAST,179,108,49,8,102.46,1.7,1
2024-04-14,PROD0041,WH-SOUTH,272,86,0,14,63.19,3.2,0
2024-04-15,PROD0041,WH-NORTH,237,122,43,2,17.22,1.9,1
2024-04-16,PROD0041,WH-NORTH,239,129,50,13,82.88,1.9,1
2024-04-17,PROD0041,WH-SOUTH,0,122,122,10,113.82,0.0,1
2024-04-18,PROD0041,WH-EAST,303,116,15,2,118.58,2.6,1
2024-04-19,PROD0041,WH-EAST,97,115,83,8,48.56,0.8,1
2024-04-20,PROD0041,WH-SOUTH,134,99,55,2,128.78,1.4,1
2024-04-21,PROD0041,WH-NORTH,190,111,48,12,73.48,1.7,1
2024-04-22,PROD0041,WH-NORTH,223,117,43,3,191.97,1.9,1
2024-04-23,PROD0041,WH-SOUTH,0,81,81,6,190.6,0.0,1
2024-04-24,PROD0041,WH-NORTH,300,81,0,4,76.24,3.7,0
2024-04-25,PROD0041,WH-NORTH,198,157,91,13,166.08,1.3,1
2024-04-26,PROD0041,WH-SOUTH,67,89,67,14,98.68,0.8,1
2024-04-27,PROD0041,WH-NORTH,312,100,0,6,141.51,3.1,0
2024-04-28,PROD0041,WH-EAST,259,141,55,12,105.85,1.8,1
2024-04-29,PROD0041,WH-SOUTH,131,92,49,12,151.86,1.4,1
2024-04-30,PROD0041,WH-EAST,216,54,0,3,101.29,4.0,0
2024-05-01,PROD0041,WH-SOUTH,103,99,65,10,170.02,1.0,1
2024-05-02,PROD0041,WH-EAST,73,137,113,3,188.53,0.5,1
2024-05-03,PROD0041,WH-SOUTH,80,109,83,2,7.35,0.7,1
2024-05-04,PROD0041,WH-SOUTH,244,116,35,5,129.97,2.1,1
2024-05-05,PROD0041,WH-EAST,81,83,56,12,87.06,1.0,1
2024-05-06,PROD0041,WH-EAST,77,119,94,10,45.98,0.6,1
2024-05-07,PROD0041,WH-SOUTH,0,99,99,3,133.83,0.0,1
2024-05-08,PROD0041,WH-SOUTH,229,132,56,11,62.94,1.7,1
2024-05-09,PROD0041,WH-SOUTH,146,128,80,5,92.71,1.1,1
2024-05-10,PROD0041,WH-EAST,227,142,67,8,74.71,1.6,1
2024-05-11,PROD0041,WH-SOUTH,146,126,78,2,112.1,1.2,1
2024-05-12,PROD0041,WH-SOUTH,59,85,66,10,123.25,0.7,1
2024-05-13,PROD0041,WH-SOUTH,284,96,2,14,117.93,3.0,1
2024-05-14,PROD0041,WH-SOUTH,332,89,0,5,198.06,3.7,0
2024-05-15,PROD0041,WH-NORTH,250,81,0,12,165.32,3.1,0
2024-05-16,PROD0041,WH-EAST,87,111,82,5,42.72,0.8,1
2024-05-17,PROD0041,WH-NORTH,124,140,99,2,39.78,0.9,1
2024-05-18,PROD0041,WH-EAST,164,103,49,8,61.12,1.6,1
2024-05-19,PROD0041,WH-NORTH,222,115,41,9,71.13,1.9,1
2024-05-20,PROD0041,WH-EAST,145,130,82,10,173.1,1.1,1
2024-05-21,PROD0041,WH-SOUTH,132,130,86,2,156.08,1.0,1
2024-05-22,PROD0041,WH-SOUTH,329,138,29,6,180.84,2.4,1
2024-05-23,PROD0041,WH-NORTH,195,124,59,9,73.78,1.6,1
2024-05-24,PROD0041,WH-SOUTH,334,111,0,10,176.33,3.0,0
2024-05-25,PROD0041,WH-NORTH,75,84,59,13,50.05,0.9,1
2024-05-26,PROD0041,WH-NORTH,141,118,71,11,166.96,1.2,1
2024-05-27,PROD0041,WH-NORTH,196,123,58,6,74.82,1.6,1
2024-05-28,PROD0041,WH-NORTH,191,172,109,12,78.14,1.1,1
2024-05-29,PROD0041,WH-EAST,196,75,10,10,19.42,2.6,1
2024-05-30,PROD0041,WH-SOUTH,285,106,11,9,75.4,2.7,1
2024-05-31,PROD0041,WH-EAST,204,108,40,10,10.8,1.9,1
2024-06-01,PROD0041,WH-SOUTH,69,96,73,3,29.04,0.7,1
2024-06-02,PROD0041,WH-SOUTH,76,122,97,13,21.55,0.6,1
2024-06-03,PROD0041,WH-NORTH,314,134,30,14,43.69,2.3,1
2024-06-04,PROD0041,WH-SOUTH,240,125,45,7,194.37,1.9,1
2024-06-05,PROD0041,WH-SOUTH,185,102,41,5,30.13,1.8,1
2024-06-06,PROD0041,WH-EAST,210,83,13,10,198.03,2.5,1
2024-06-07,PROD0041,WH-NORTH,306,83,0,13,136.25,3.7,0
2024-06-08,PROD0041,WH-SOUTH,140,136,90,12,74.97,1.0,1
2024-06-09,PROD0041,WH-NORTH,208,93,24,6,151.68,2.2,1
2024-06-10,PROD0041,WH-SOUTH,326,94,0,2,21.28,3.5,0
2024-06-11,PROD0041,WH-EAST,215,93,22,9,157.16,2.3,1
2024-06-12,PROD0041,WH-SOUTH,92,130,100,2,89.56,0.7,1
2024-06-13,PROD0041,WH-EAST,162,130,76,14,154.51,1.2,1
2024-06-14,PROD0041,WH-NORTH,220,117,44,9,42.73,1.9,1
2024-06-15,PROD0041,WH-SOUTH,316,84,0,4,59.36,3.8,0
2024-06-16,PROD0041,WH-SOUTH,329,110,1,5,70.5,3.0,1
2024-06-17,PROD0041,WH-EAST,198,106,40,5,171.98,1.9,1
2024-06-18,PROD0041,WH-SOUTH,192,117,53,13,52.92,1.6,1
2024-06-19,PROD0041,WH-NORTH,329,86,0,14,69.49,3.8,0
2024-06-20,PROD0041,WH-NORTH,0,115,115,10,127.97,0.0,1
2024-06-21,PROD0041,WH-SOUTH,255,118,33,7,16.08,2.2,1
2024-06-22,PROD0041,WH-NORTH,0,127,127,12,79.88,0.0,1
2024-06-23,PROD0041,WH-EAST,273,92,1,12,145.96,3.0,1
2024-06-24,PROD0041,WH-SOUTH,188,97,35,3,107.01,1.9,1
2024-06-25,PROD0041,WH-EAST,208,93,24,4,186.93,2.2,1
2024-06-26,PROD0041,WH-SOUTH,95,106,75,14,131.99,0.9,1
2024-06-27,PROD0041,WH-NORTH,116,111,73,5,35.22,1.0,1
2024-06-28,PROD0041,WH-SOUTH,255,119,34,12,130.66,2.1,1
2024-01-01,PROD0042,WH-NORTH,160,282,229,4,96.09,0.6,1
2024-01-02,PROD0042,WH-EAST,634,180,0,8,88.71,3.5,0
2024-01-03,PROD0042,WH-SOUTH,624,165,0,6,61.28,3.8,0
2024-01-04,PROD0042,WH-SOUTH,606,182,0,3,50.09,3.3,0
2024-01-05,PROD0042,WH-EAST,460,153,0,4,145.42,3.0,0
2024-01-06,PROD0042,WH-SOUTH,407,233,98,3,22.29,1.7,1
2024-01-07,PROD0042,WH-NORTH,512,207,37,7,57.43,2.5,1
2024-01-08,PROD0042,WH-NORTH,164,223,169,7,156.72,0.7,1
2024-01-09,PROD0042,WH-EAST,256,234,149,6,82.11,1.1,1
2024-01-10,PROD0042,WH-SOUTH,499,207,41,9,66.1,2.4,1
2024-01-11,PROD0042,WH-SOUTH,143,182,135,4,70.57,0.8,1
2024-01-12,PROD0042,WH-SOUTH,471,156,0,13,151.41,3.0,0
2024-01-13,PROD0042,WH-EAST,143,217,170,6,92.82,0.7,1
2024-01-14,PROD0042,WH-SOUTH,0,238,238,8,183.85,0.0,1
2024-01-15,PROD0042,WH-NORTH,575,181,0,7,63.56,3.2,0
2024-01-16,PROD0042,WH-NORTH,0,232,232,13,34.85,0.0,1
2024-01-17,PROD0042,WH-EAST,110,238,202,13,141.79,0.5,1
2024-01-18,PROD0042,WH-SOUTH,414,252,114,11,87.7,1.6,1
2024-01-19,PROD0042,WH-SOUTH,557,208,23,12,164.97,2.7,1
2024-01-20,PROD0042,WH-EAST,197,284,219,11,93.58,0.7,1
2024-01-21,PROD0042,WH-EAST,580,185,0,11,92.13,3.1,0
2024-01-22,PROD0042,WH-SOUTH,130,191,148,8,174.89,0.7,1
2024-01-23,PROD0042,WH-EAST,501,229,62,7,52.53,2.2,1
2024-01-24,PROD0042,WH-EAST,150,281,231,10,74.07,0.5,1
2024-01-25,PROD0042,WH-NORTH,570,214,24,12,91.4,2.7,1
2024-01-26,PROD0042,WH-NORTH,412,264,127,10,142.97,1.6,1
2024-01-27,PROD0042,WH-SOUTH,303,243,142,3,10.69,1.2,1
2024-01-28,PROD0042,WH-SOUTH,596,189,0,5,14.53,3.2,0
2024-01-29,PROD0042,WH-SOUTH,552,167,0,10,134.49,3.3,0
2024-01-30,PROD0042,WH-SOUTH,373,191,67,13,59.14,2.0,1
2024-01-31,PROD0042,WH-NORTH,116,213,175,3,76.3,0.5,1
2024-02-01,PROD0042,WH-EAST,237,292,213,14,17.7,0.8,1
2024-02-02,PROD0042,WH-SOUTH,508,178,9,10,77.2,2.9,1
2024-02-03,PROD0042,WH-EAST,589,160,0,14,176.19,3.7,0
2024-02-04,PROD0042,WH-NORTH,231,234,157,4,53.76,1.0,1
2024-02-05,PROD0042,WH-SOUTH,330,246,136,6,111.9,1.3,1
2024-02-06,PROD0042,WH-EAST,344,239,125,3,10.31,1.4,1
2024-02-07,PROD0042,WH-NORTH,421,209,69,9,134.39,2.0,1
2024-02-08,PROD0042,WH-EAST,511,243,73,3,186.23,2.1,1
2024-02-09,PROD0042,WH-NORTH,575,238,47,11,42.25,2.4,1
2024-02-10,PROD0042,WH-EAST,455,198,47,3,198.1,2.3,1
2024-02-11,PROD0042,WH-SOUTH,471,228,71,3,176.82,2.1,1
2024-02-12,PROD0042,WH-NORTH,369,285,162,8,79.52,1.3,1
2024-02-13,PROD0042,WH-NORTH,152,195,145,7,114.94,0.8,1
2024-02-14,PROD0042,WH-SOUTH,215,307,236,9,124.33,0.7,1
2024-02-15,PROD0042,WH-EAST,516,164,0,14,186.96,3.1,0
2024-02-16,PROD0042,WH-SOUTH,378,227,101,8,25.82,1.7,1
2024-02-17,PROD0042,WH-SOUTH,559,207,21,12,66.58,2.7,1
2024-02-18,PROD0042,WH-NORTH,166,160,105,14,136.34,1.0,1
2024-02-19,PROD0042,WH-SOUTH,124,240,199,6,144.52,0.5,1
2024-02-20,PROD0042,WH-SOUTH,301,204,104,3,149.61,1.5,1
2024-02-21,PROD0042,WH-NORTH,185,226,165,12,179.56,0.8,1
2024-02-22,PROD0042,WH-NORTH,553,177,0,7,64.65,3.1,0
2024-02-23,PROD0042,WH-SOUTH,139,109,63,12,7.14,1.3,1
2024-02-24,PROD0042,WH-EAST,270,230,140,11,47.1,1.2,1
2024-02-25,PROD0042,WH-SOUTH,419,165,26,9,121.82,2.5,1
2024-02-26,PROD0042,WH-SOUTH,648,213,0,8,191.66,3.0,0
2024-02-27,PROD0042,WH-NORTH,273,201,110,4,143.57,1.4,1
2024-02-28,PROD0042,WH-EAST,176,210,152,12,178.59,0.8,1
2024-02-29,PROD0042,WH-SOUTH,248,198,116,4,180.52,1.3,1
2024-03-01,PROD0042,WH-SOUTH,287,209,114,14,122.29,1.4,1
2024-03-02,PROD0042,WH-SOUTH,479,201,42,5,94.46,2.4,1
2024-03-03,PROD0042,WH-SOUTH,209,253,184,10,162.15,0.8,1
2024-03-04,PROD0042,WH-SOUTH,200,238,172,2,61.48,0.8,1
2024-03-05,PROD0042,WH-SOUTH,428,281,139,2,81.94,1.5,1
2024-03-06,PROD0042,WH-NORTH,378,271,145,6,11.02,1.4,1
2024-03-07,PROD0042,WH-NORTH,653,222,5,12,185.76,2.9,1
2024-03-08,PROD0042,WH-SOUTH,364,274,153,4,113.85,1.3,1
2024-03-09,PROD0042,WH-SOUTH,436,229,84,9,9.82,1.9,1
2024-03-10,PROD0042,WH-EAST,478,285,126,4,73.75,1.7,1
2024-03-11,PROD0042,WH-SOUTH,601,301,101,9,100.78,2.0,1
2024-03-12,PROD0042,WH-NORTH,288,200,104,11,91.73,1.4,1
2024-03-13,PROD0042,WH-NORTH,528,111,0,5,81.56,4.8,0
2024-03-14,PROD0042,WH-SOUTH,262,238,151,10,37.34,1.1,1
2024-03-15,PROD0042,WH-NORTH,547,168,0,5,85.29,3.3,0
2024-03-16,PROD0042,WH-NORTH,167,253,198,2,14.99,0.7,1
2024-03-17,PROD0042,WH-SOUTH,214,235,164,6,54.04,0.9,1
2024-03-18,PROD0042,WH-SOUTH,407,192,57,6,106.62,2.1,1
2024-03-19,PROD0042,WH-SOUTH,466,270,115,12,109.56,1.7,1
2024-03-20,PROD0042,WH-EAST,213,234,163,12,52.58,0.9,1
2024-03-21,PROD0042,WH-NORTH,446,281,133,3,68.69,1.6,1
2024-03-22,PROD0042,WH-NORTH,612,138,0,10,191.27,4.4,0
2024-03-23,PROD0042,WH-EAST,491,221,58,8,142.03,2.2,1
2024-03-24,PROD0042,WH-NORTH,266,248,160,3,172.52,1.1,1
2024-03-25,PROD0042,WH-NORTH,432,256,112,6,106.53,1.7,1
2024-03-26,PROD0042,WH-NORTH,212,232,162,10,112.12,0.9,1
2024-03-27,PROD0042,WH-SOUTH,553,230,46,14,130.12,2.4,1
2024-03-28,PROD0042,WH-SOUTH,589,261,65,9,26.07,2.3,1
2024-03-29,PROD0042,WH-SOUTH,335,250,139,12,51.8,1.3,1
2024-03-30,PROD0042,WH-SOUTH,564,210,22,11,107.47,2.7,1
2024-03-31,PROD0042,WH-EAST,540,192,12,9,145.38,2.8,1
2024-04-01,PROD0042,WH-SOUTH,508,262,93,8,79.94,1.9,1
2024-04-02,PROD0042,WH-NORTH,422,183,43,9,187.79,2.3,1
2024-04-03,PROD0042,WH-EAST,541,241,61,3,133.06,2.2,1
2024-04-04,PROD0042,WH-SOUTH,296,228,130,5,151.61,1.3,1
2024-04-05,PROD0042,WH-NORTH,204,182,114,13,58.49,1.1,1
2024-04-06,PROD0042,WH-NORTH,467,274,119,2,23.55,1.7,1
2024-04-07,PROD0042,WH-EAST,124,256,215,10,39.44,0.5,1
2024-04-08,PROD0042,WH-NORTH,162,259,205,12,165.55,0.6,1
2024-04-09,PROD0042,WH-EAST,125,188,147,3,162.01,0.7,1
2024-04-10,PROD0042,WH-EAST,429,257,114,9,48.53,1.7,1
2024-04-11,PROD0042,WH-NORTH,363,201,80,2,105.62,1.8,1
2024-04-12,PROD0042,WH-NORTH,550,317,134,11,10.03,1.7,1
2024-04-13,PROD0042,WH-EAST,149,279,230,10,191.84,0.5,1
2024-04-14,PROD0042,WH-NORTH,432,265,121,2,199.01,1.6,1
2024-04-15,PROD0042,WH-NORTH,242,173,93,12,109.17,1.4,1
2024-04-16,PROD0042,WH-NORTH,253,207,123,5,74.77,1.2,1
2024-04-17,PROD0042,WH-NORTH,644,110,0,4,197.81,5.9,0
2024-04-18,PROD0042,WH-SOUTH,420,203,63,13,153.99,2.1,1
2024-04-19,PROD0042,WH-SOUTH,147,204,155,14,152.52,0.7,1
2024-04-20,PROD0042,WH-EAST,241,233,153,8,81.63,1.0,1
2024-04-21,PROD0042,WH-SOUTH,395,177,46,12,89.09,2.2,1
2024-04-22,PROD0042,WH-NORTH,291,240,143,5,74.84,1.2,1
2024-04-23,PROD0042,WH-NORTH,488,212,50,7,139.82,2.3,1
2024-04-24,PROD0042,WH-SOUTH,353,269,152,2,126.75,1.3,1
2024-04-25,PROD0042,WH-EAST,356,192,74,10,71.89,1.9,1
2024-04-26,PROD0042,WH-NORTH,440,238,92,14,140.79,1.8,1
2024-04-27,PROD0042,WH-NORTH,592,158,0,11,126.84,3.7,0
2024-04-28,PROD0042,WH-EAST,175,145,87,12,70.59,1.2,1
2024-04-29,PROD0042,WH-NORTH,462,175,21,11,118.43,2.6,1
2024-04-30,PROD0042,WH-SOUTH,380,221,95,5,198.86,1.7,1
2024-05-01,PROD0042,WH-EAST,618,163,0,13,96.07,3.8,0
2024-05-02,PROD0042,WH-EAST,651,241,24,10,169.28,2.7,1
2024-05-03,PROD0042,WH-EAST,619,266,60,9,161.52,2.3,1
2024-05-04,PROD0042,WH-EAST,145,166,118,11,196.5,0.9,1
2024-05-05,PROD0042,WH-SOUTH,156,251,199,8,100.05,0.6,1
2024-05-06,PROD0042,WH-SOUTH,477,209,50,14,58.39,2.3,1
2024-05-07,PROD0042,WH-EAST,350,278,162,6,39.77,1.3,1
2024-05-08,PROD0042,WH-EAST,360,231,111,3,42.47,1.6,1
2024-05-09,PROD0042,WH-SOUTH,326,268,160,9,150.52,1.2,1
2024-05-10,PROD0042,WH-SOUTH,170,143,87,6,186.78,1.2,1
2024-05-11,PROD0042,WH-SOUTH,313,189,85,11,188.71,1.7,1
2024-05-12,PROD0042,WH-SOUTH,590,203,7,13,194.14,2.9,1
2024-05-13,PROD0042,WH-EAST,309,305,202,4,113.8,1.0,1
2024-05-14,PROD0042,WH-NORTH,580,225,32,14,68.53,2.6,1
2024-05-15,PROD0042,WH-NORTH,146,218,170,2,38.49,0.7,1
2024-05-16,PROD0042,WH-NORTH,127,251,209,3,85.19,0.5,1
2024-05-17,PROD0042,WH-EAST,185,179,118,5,94.43,1.0,1
2024-05-18,PROD0042,WH-EAST,513,175,4,9,185.7,2.9,1
2024-05-19,PROD0042,WH-NORTH,189,247,184,12,180.95,0.8,1
2024-05-20,PROD0042,WH-NORTH,0,204,204,4,110.85,0.0,1
2024-05-21,PROD0042,WH-NORTH,254,208,124,4,57.76,1.2,1
2024-05-22,PROD0042,WH-EAST,372,237,113,8,13.53,1.6,1
2024-05-23,PROD0042,WH-EAST,431,154,11,4,53.88,2.8,1
2024-05-24,PROD0042,WH-EAST,485,263,102,4,120.42,1.8,1
2024-05-25,PROD0042,WH-EAST,327,235,126,2,166.34,1.4,1
2024-05-26,PROD0042,WH-NORTH,556,197,12,12,194.14,2.8,1
2024-05-27,PROD0042,WH-SOUTH,605,250,49,13,175.18,2.4,1
2024-05-28,PROD0042,WH-NORTH,447,294,145,12,125.59,1.5,1
2024-05-29,PROD0042,WH-NORTH,289,255,159,13,180.69,1.1,1
2024-05-30,PROD0042,WH-SOUTH,266,278,190,2,19.65,1.0,1
2024-05-31,PROD0042,WH-EAST,519,239,66,7,86.2,2.2,1
2024-06-01,PROD0042,WH-SOUTH,217,268,196,14,187.67,0.8,1
2024-06-02,PROD0042,WH-SOUTH,232,326,249,10,51.57,0.7,1
2024-06-03,PROD0042,WH-NORTH,527,187,12,9,123.7,2.8,1
2024-06-04,PROD0042,WH-SOUTH,638,138,0,7,92.99,4.6,0
2024-06-05,PROD0042,WH-SOUTH,252,283,199,6,28.03,0.9,1
2024-06-06,PROD0042,WH-NORTH,346,230,115,8,40.75,1.5,1
2024-06-07,PROD0042,WH-EAST,309,198,95,14,171.36,1.6,1
2024-06-08,PROD0042,WH-NORTH,360,162,42,13,129.04,2.2,1
2024-06-09,PROD0042,WH-NORTH,444,199,51,6,74.35,2.2,1
2024-06-10,PROD0042,WH-SOUTH,649,232,16,12,100.9,2.8,1
2024-06-11,PROD0042,WH-EAST,391,237,107,2,130.77,1.6,1
2024-06-12,PROD0042,WH-EAST,244,225,144,14,97.68,1.1,1
2024-06-13,PROD0042,WH-EAST,318,148,42,11,70.95,2.1,1
2024-06-14,PROD0042,WH-NORTH,645,216,1,2,142.78,3.0,1
2024-06-15,PROD0042,WH-SOUTH,587,208,13,10,197.39,2.8,1
2024-06-16,PROD0042,WH-NORTH,164,234,180,7,100.36,0.7,1
2024-06-17,PROD0042,WH-EAST,496,162,0,2,155.28,3.1,0
2024-06-18,PROD0042,WH-NORTH,208,270,201,2,135.7,0.8,1
2024-06-19,PROD0042,WH-NORTH,0,214,214,3,16.91,0.0,1
2024-06-20,PROD0042,WH-NORTH,203,271,204,3,155.72,0.7,1
2024-06-21,PROD0042,WH-EAST,610,235,32,10,98.81,2.6,1
2024-06-22,PROD0042,WH-EAST,267,234,145,4,87.96,1.1,1
2024-06-23,PROD0042,WH-NORTH,264,231,143,14,181.51,1.1,1
2024-06-24,PROD0042,WH-EAST,185,233,172,7,76.82,0.8,1
2024-06-25,PROD0042,WH-EAST,230,249,173,9,190.46,0.9,1
2024-06-26,PROD0042,WH-EAST,195,272,207,13,172.68,0.7,1
2024-06-27,PROD0042,WH-NORTH,304,252,151,13,106.43,1.2,1
2024-06-28,PROD0042,WH-SOUTH,618,151,0,6,54.62,4.1,0
2024-01-01,PROD0043,WH-NORTH,547,383,201,6,185.06,1.4,1
2024-01-02,PROD0043,WH-EAST,620,342,136,6,34.99,1.8,1
2024-01-03,PROD0043,WH-NORTH,992,377,47,2,25.77,2.6,1
2024-01-04,PROD0043,WH-NORTH,269,329,240,8,129.97,0.8,1
2024-01-05,PROD0043,WH-EAST,727,484,242,8,94.54,1.5,1
2024-01-06,PROD0043,WH-EAST,190,472,409,5,185.51,0.4,1
2024-01-07,PROD0043,WH-NORTH,209,394,325,7,57.0,0.5,1
2024-01-08,PROD0043,WH-SOUTH,497,385,220,3,191.69,1.3,1
2024-01-09,PROD0043,WH-NORTH,867,407,118,14,50.79,2.1,1
2024-01-10,PROD0043,WH-NORTH,801,439,172,7,21.35,1.8,1
2024-01-11,PROD0043,WH-NORTH,433,199,55,11,148.39,2.2,1
2024-01-12,PROD0043,WH-EAST,601,304,104,12,117.85,2.0,1
2024-01-13,PROD0043,WH-SOUTH,276,332,240,9,34.15,0.8,1
2024-01-14,PROD0043,WH-EAST,454,346,195,14,24.95,1.3,1
2024-01-15,PROD0043,WH-SOUTH,296,292,194,3,162.66,1.0,1
2024-01-16,PROD0043,WH-EAST,416,384,246,3,117.17,1.1,1
2024-01-17,PROD0043,WH-EAST,600,430,230,5,141.97,1.4,1
2024-01-18,PROD0043,WH-SOUTH,318,278,172,6,146.43,1.1,1
2024-01-19,PROD0043,WH-SOUTH,846,320,38,6,156.92,2.6,1
2024-01-20,PROD0043,WH-NORTH,259,278,192,2,172.86,0.9,1
2024-01-21,PROD0043,WH-EAST,960,434,114,4,88.71,2.2,1
2024-01-22,PROD0043,WH-SOUTH,219,379,306,6,173.74,0.6,1
2024-01-23,PROD0043,WH-SOUTH,559,334,148,9,122.25,1.7,1
2024-01-24,PROD0043,WH-NORTH,690,463,233,10,85.65,1.5,1
2024-01-25,PROD0043,WH-NORTH,1031,198,0,13,125.66,5.2,0
2024-01-26,PROD0043,WH-SOUTH,995,472,141,14,155.88,2.1,1
2024-01-27,PROD0043,WH-EAST,470,315,159,2,64.83,1.5,1
2024-01-28,PROD0043,WH-EAST,503,300,133,7,176.92,1.7,1
2024-01-29,PROD0043,WH-NORTH,207,269,200,14,68.83,0.8,1
2024-01-30,PROD0043,WH-NORTH,375,310,185,3,46.36,1.2,1
2024-01-31,PROD0043,WH-EAST,947,322,7,10,70.12,2.9,1
2024-02-01,PROD0043,WH-NORTH,588,296,100,11,165.7,2.0,1
2024-02-02,PROD0043,WH-NORTH,1022,368,28,3,181.31,2.8,1
2024-02-03,PROD0043,WH-SOUTH,987,478,149,9,40.28,2.1,1
2024-02-04,PROD0043,WH-SOUTH,769,316,60,10,133.32,2.4,1
2024-02-05,PROD0043,WH-EAST,287,361,266,6,194.36,0.8,1
2024-02-06,PROD0043,WH-SOUTH,993,356,25,2,109.99,2.8,1
2024-02-07,PROD0043,WH-SOUTH,784,395,134,6,129.67,2.0,1
2024-02-08,PROD0043,WH-NORTH,674,285,61,12,193.74,2.4,1
2024-02-09,PROD0043,WH-EAST,1048,373,24,7,68.66,2.8,1
2024-02-10,PROD0043,WH-EAST,264,185,97,2,173.2,1.4,1
2024-02-11,PROD0043,WH-NORTH,285,386,291,2,195.57,0.7,1
2024-02-12,PROD0043,WH-NORTH,599,430,231,5,127.22,1.4,1
2024-02-13,PROD0043,WH-SOUTH,260,457,371,12,31.07,0.6,1
2024-02-14,PROD0043,WH-NORTH,1071,435,78,2,16.9,2.5,1
2024-02-15,PROD0043,WH-SOUTH,571,299,109,5,34.63,1.9,1
2024-02-16,PROD0043,WH-EAST,817,396,124,10,17.71,2.1,1
2024-02-17,PROD0043,WH-EAST,989,327,0,2,81.89,3.0,0
2024-02-18,PROD0043,WH-SOUTH,755,408,157,12,198.3,1.9,1
2024-02-19,PROD0043,WH-SOUTH,479,251,92,4,97.44,1.9,1
2024-02-20,PROD0043,WH-NORTH,464,289,135,3,78.4,1.6,1
2024-02-21,PROD0043,WH-SOUTH,987,319,0,6,59.37,3.1,0
2024-02-22,PROD0043,WH-NORTH,381,312,185,5,7.92,1.2,1
2024-02-23,PROD0043,WH-EAST,207,415,346,4,174.05,0.5,1
2024-02-24,PROD0043,WH-NORTH,220,370,297,7,5.65,0.6,1
2024-02-25,PROD0043,WH-EAST,664,396,175,10,147.36,1.7,1
2024-02-26,PROD0043,WH-SOUTH,955,300,0,11,84.16,3.2,0
2024-02-27,PROD0043,WH-SOUTH,550,334,151,6,17.85,1.6,1
2024-02-28,PROD0043,WH-EAST,882,292,0,14,18.03,3.0,0
2024-02-29,PROD0043,WH-SOUTH,968,368,46,10,194.97,2.6,1
2024-03-01,PROD0043,WH-SOUTH,459,291,138,13,5.75,1.6,1
2024-03-02,PROD0043,WH-EAST,833,367,90,2,36.1,2.3,1
2024-03-03,PROD0043,WH-NORTH,970,369,46,7,123.65,2.6,1
2024-03-04,PROD0043,WH-NORTH,882,335,41,3,32.76,2.6,1
2024-03-05,PROD0043,WH-NORTH,210,280,210,3,41.37,0.8,1
2024-03-06,PROD0043,WH-SOUTH,318,357,251,2,141.32,0.9,1
2024-03-07,PROD0043,WH-NORTH,469,420,264,13,37.89,1.1,1
2024-03-08,PROD0043,WH-EAST,406,386,251,13,192.07,1.1,1
2024-03-09,PROD0043,WH-NORTH,929,385,76,11,43.06,2.4,1
2024-03-10,PROD0043,WH-SOUTH,643,371,157,11,25.58,1.7,1
2024-03-11,PROD0043,WH-SOUTH,679,431,205,14,84.84,1.6,1
2024-03-12,PROD0043,WH-NORTH,0,408,408,13,128.6,0.0,1
2024-03-13,PROD0043,WH-SOUTH,215,305,234,7,130.02,0.7,1
2024-03-14,PROD0043,WH-NORTH,587,233,38,6,40.5,2.5,1
2024-03-15,PROD0043,WH-SOUTH,299,437,338,6,50.89,0.7,1
2024-03-16,PROD0043,WH-NORTH,262,416,329,13,161.89,0.6,1
2024-03-17,PROD0043,WH-NORTH,494,369,205,11,196.63,1.3,1
2024-03-18,PROD0043,WH-SOUTH,696,354,122,3,130.55,2.0,1
2024-03-19,PROD0043,WH-SOUTH,261,394,307,4,67.11,0.7,1
2024-03-20,PROD0043,WH-NORTH,262,403,316,5,154.4,0.7,1
2024-03-21,PROD0043,WH-SOUTH,755,300,49,4,76.65,2.5,1
2024-03-22,PROD0043,WH-EAST,310,405,302,11,5.85,0.8,1
2024-03-23,PROD0043,WH-EAST,508,293,124,6,133.69,1.7,1
2024-03-24,PROD0043,WH-EAST,956,365,47,6,46.99,2.6,1
2024-03-25,PROD0043,WH-EAST,1009,374,38,10,168.07,2.7,1
2024-03-26,PROD0043,WH-EAST,949,353,37,8,102.96,2.7,1
2024-03-27,PROD0043,WH-EAST,1080,341,0,10,143.59,3.2,0
2024-03-28,PROD0043,WH-NORTH,860,362,76,8,176.87,2.4,1
2024-03-29,PROD0043,WH-EAST,692,360,130,2,169.77,1.9,1
2024-03-30,PROD0043,WH-SOUTH,456,275,123,4,179.9,1.7,1
2024-03-31,PROD0043,WH-EAST,922,409,102,7,176.81,2.3,1
2024-04-01,PROD0043,WH-EAST,312,387,283,5,47.65,0.8,1
2024-04-02,PROD0043,WH-NORTH,782,340,80,12,186.86,2.3,1
2024-04-03,PROD0043,WH-NORTH,358,348,229,6,164.47,1.0,1
2024-04-04,PROD0043,WH-NORTH,447,356,207,3,58.9,1.3,1
2024-04-05,PROD0043,WH-SOUTH,921,300,0,3,114.16,3.1,0
2024-04-06,PROD0043,WH-SOUTH,712,463,226,9,158.16,1.5,1
2024-04-07,PROD0043,WH-EAST,566,323,135,13,174.31,1.8,1
2024-04-08,PROD0043,WH-NORTH,870,339,49,9,138.67,2.6,1
2024-04-09,PROD0043,WH-EAST,917,470,165,11,140.55,2.0,1
2024-04-10,PROD0043,WH-NORTH,510,458,288,2,56.13,1.1,1
2024-04-11,PROD0043,WH-SOUTH,259,397,311,6,169.85,0.7,1
2024-04-12,PROD0043,WH-EAST,536,243,65,11,75.28,2.2,1
2024-04-13,PROD0043,WH-SOUTH,182,444,384,6,17.03,0.4,1
2024-04-14,PROD0043,WH-SOUTH,976,351,26,5,68.68,2.8,1
2024-04-15,PROD0043,WH-EAST,705,374,139,5,134.59,1.9,1
2024-04-16,PROD0043,WH-EAST,1075,372,14,10,169.28,2.9,1
2024-04-17,PROD0043,WH-SOUTH,473,318,161,13,79.8,1.5,1
2024-04-18,PROD0043,WH-EAST,401,285,152,13,80.87,1.4,1
2024-04-19,PROD0043,WH-NORTH,701,267,34,10,141.43,2.6,1
2024-04-20,PROD0043,WH-NORTH,984,307,0,14,23.47,3.2,0
2024-04-21,PROD0043,WH-NORTH,502,257,90,11,100.45,2.0,1
2024-04-22,PROD0043,WH-EAST,366,294,172,8,11.27,1.2,1
2024-04-23,PROD0043,WH-SOUTH,864,349,61,7,155.92,2.5,1
2024-04-24,PROD0043,WH-SOUTH,197,333,268,13,82.13,0.6,1
2024-04-25,PROD0043,WH-EAST,447,312,163,11,15.4,1.4,1
2024-04-26,PROD0043,WH-EAST,827,285,10,5,114.21,2.9,1
2024-04-27,PROD0043,WH-NORTH,583,338,144,11,177.77,1.7,1
2024-04-28,PROD0043,WH-NORTH,989,297,0,3,27.93,3.3,0
2024-04-29,PROD0043,WH-SOUTH,706,243,8,11,81.04,2.9,1
2024-04-30,PROD0043,WH-EAST,1062,371,17,9,117.91,2.9,1
2024-05-01,PROD0043,WH-SOUTH,975,272,0,11,57.0,3.6,0
2024-05-02,PROD0043,WH-EAST,264,387,299,7,191.12,0.7,1
2024-05-03,PROD0043,WH-NORTH,957,304,0,12,134.0,3.1,0
2024-05-04,PROD0043,WH-NORTH,497,325,160,2,65.29,1.5,1
2024-05-05,PROD0043,WH-NORTH,1012,405,68,13,184.51,2.5,1
2024-05-06,PROD0043,WH-EAST,857,322,37,11,176.9,2.7,1
2024-05-07,PROD0043,WH-EAST,411,385,248,13,55.93,1.1,1
2024-05-08,PROD0043,WH-NORTH,307,199,97,8,103.69,1.5,1
2024-05-09,PROD0043,WH-SOUTH,758,476,224,4,28.87,1.6,1
2024-05-10,PROD0043,WH-EAST,201,289,222,7,104.11,0.7,1
2024-05-11,PROD0043,WH-NORTH,289,358,262,7,134.61,0.8,1
2024-05-12,PROD0043,WH-NORTH,276,399,307,8,141.25,0.7,1
2024-05-13,PROD0043,WH-SOUTH,665,387,166,4,143.52,1.7,1
2024-05-14,PROD0043,WH-SOUTH,196,471,406,3,29.46,0.4,1
2024-05-15,PROD0043,WH-EAST,414,378,240,12,31.58,1.1,1
2024-05-16,PROD0043,WH-SOUTH,839,378,99,4,99.37,2.2,1
2024-05-17,PROD0043,WH-EAST,755,433,182,11,59.23,1.7,1
2024-05-18,PROD0043,WH-NORTH,898,300,1,13,105.63,3.0,1
2024-05-19,PROD0043,WH-EAST,338,402,290,5,152.31,0.8,1
2024-05-20,PROD0043,WH-SOUTH,819,275,2,6,15.96,3.0,1
2024-05-21,PROD0043,WH-NORTH,1079,322,0,13,39.88,3.4,0
2024-05-22,PROD0043,WH-SOUTH,490,304,141,2,48.53,1.6,1
2024-05-23,PROD0043,WH-SOUTH,494,211,47,3,97.62,2.3,1
2024-05-24,PROD0043,WH-EAST,234,265,187,10,100.86,0.9,1
2024-05-25,PROD0043,WH-EAST,984,263,0,3,185.69,3.7,0
2024-05-26,PROD0043,WH-EAST,505,377,209,6,78.36,1.3,1
2024-05-27,PROD0043,WH-NORTH,626,510,302,7,171.27,1.2,1
2024-05-28,PROD0043,WH-NORTH,864,279,0,12,163.29,3.1,0
2024-05-29,PROD0043,WH-NORTH,831,342,65,4,112.94,2.4,1
2024-05-30,PROD0043,WH-SOUTH,1078,419,60,5,166.56,2.6,1
2024-05-31,PROD0043,WH-SOUTH,875,349,58,10,16.06,2.5,1
2024-06-01,PROD0043,WH-NORTH,484,597,436,2,72.69,0.8,1
2024-06-02,PROD0043,WH-EAST,978,344,18,8,127.8,2.8,1
2024-06-03,PROD0043,WH-NORTH,197,402,337,12,15.49,0.5,1
2024-06-04,PROD0043,WH-EAST,645,441,226,10,190.66,1.5,1
2024-06-05,PROD0043,WH-EAST,0,357,357,14,94.66,0.0,1
2024-06-06,PROD0043,WH-SOUTH,660,374,154,10,139.0,1.8,1
2024-06-07,PROD0043,WH-NORTH,758,498,246,12,193.75,1.5,1
2024-06-08,PROD0043,WH-NORTH,1074,317,0,10,149.85,3.4,0
2024-06-09,PROD0043,WH-NORTH,276,379,287,5,89.42,0.7,1
2024-06-10,PROD0043,WH-NORTH,632,369,159,2,40.0,1.7,1
2024-06-11,PROD0043,WH-SOUTH,945,318,3,9,167.74,3.0,1
2024-06-12,PROD0043,WH-EAST,445,358,210,7,17.32,1.2,1
2024-06-13,PROD0043,WH-EAST,367,388,266,14,52.25,0.9,1
2024-06-14,PROD0043,WH-NORTH,581,163,0,2,77.22,3.6,0
2024-06-15,PROD0043,WH-EAST,472,357,200,14,20.14,1.3,1
2024-06-16,PROD0043,WH-SOUTH,737,441,196,12,175.7,1.7,1
2024-06-17,PROD0043,WH-EAST,836,402,124,12,193.07,2.1,1
2024-06-18,PROD0043,WH-SOUTH,287,334,239,9,24.21,0.9,1
2024-06-19,PROD0043,WH-NORTH,396,341,209,3,157.86,1.2,1
2024-06-20,PROD0043,WH-NORTH,437,474,329,5,187.14,0.9,1
2024-06-21,PROD0043,WH-EAST,735,433,188,2,16.83,1.7,1
2024-06-22,PROD0043,WH-SOUTH,0,376,376,4,147.4,0.0,1
2024-06-23,PROD0043,WH-SOUTH,585,347,152,11,105.83,1.7,1
2024-06-24,PROD0043,WH-NORTH,281,314,221,8,15.4,0.9,1
2024-06-25,PROD0043,WH-NORTH,790,351,88,13,182.61,2.3,1
2024-06-26,PROD0043,WH-EAST,606,331,129,8,125.52,1.8,1
2024-06-27,PROD0043,WH-EAST,558,299,113,2,143.21,1.9,1
2024-06-28,PROD0043,WH-SOUTH,879,288,0,11,127.66,3.1,0
2024-01-01,PROD0044,WH-NORTH,614,282,78,2,51.25,2.2,1
2024-01-02,PROD0044,WH-NORTH,346,325,210,2,40.04,1.1,1
2024-01-03,PROD0044,WH-NORTH,600,347,147,5,113.32,1.7,1
2024-01-04,PROD0044,WH-SOUTH,816,434,162,10,131.75,1.9,1
2024-01-05,PROD0044,WH-NORTH,958,326,7,14,19.51,2.9,1
2024-01-06,PROD0044,WH-NORTH,863,264,0,5,140.67,3.3,0
2024-01-07,PROD0044,WH-EAST,215,348,277,2,126.52,0.6,1
2024-01-08,PROD0044,WH-NORTH,649,447,231,5,10.96,1.5,1
2024-01-09,PROD0044,WH-NORTH,305,276,175,2,168.39,1.1,1
2024-01-10,PROD0044,WH-NORTH,408,373,237,14,71.12,1.1,1
2024-01-11,PROD0044,WH-NORTH,279,354,261,14,178.46,0.8,1
2024-01-12,PROD0044,WH-SOUTH,548,262,80,3,172.0,2.1,1
2024-01-13,PROD0044,WH-NORTH,432,238,94,8,26.91,1.8,1
2024-01-14,PROD0044,WH-EAST,920,374,68,12,33.58,2.5,1
2024-01-15,PROD0044,WH-NORTH,329,400,291,4,107.33,0.8,1
2024-01-16,PROD0044,WH-NORTH,592,393,196,12,174.42,1.5,1
2024-01-17,PROD0044,WH-NORTH,488,216,54,8,144.62,2.3,1
2024-01-18,PROD0044,WH-SOUTH,0,389,389,10,173.12,0.0,1
2024-01-19,PROD0044,WH-SOUTH,774,61,0,7,157.53,12.7,0
2024-01-20,PROD0044,WH-EAST,596,421,223,14,127.36,1.4,1
2024-01-21,PROD0044,WH-EAST,605,510,309,5,73.24,1.2,1
2024-01-22,PROD0044,WH-EAST,285,374,279,11,112.14,0.8,1
2024-01-23,PROD0044,WH-NORTH,203,269,202,5,96.23,0.8,1
2024-01-24,PROD0044,WH-NORTH,996,415,83,4,90.51,2.4,1
2024-01-25,PROD0044,WH-NORTH,500,234,68,12,83.46,2.1,1
2024-01-26,PROD0044,WH-SOUTH,625,272,64,10,56.68,2.3,1
2024-01-27,PROD0044,WH-SOUTH,802,438,171,2,175.24,1.8,1
2024-01-28,PROD0044,WH-NORTH,788,242,0,3,152.47,3.3,0
2024-01-29,PROD0044,WH-SOUTH,463,237,83,14,160.51,2.0,1
2024-01-30,PROD0044,WH-SOUTH,551,339,156,10,116.33,1.6,1
2024-01-31,PROD0044,WH-EAST,747,285,36,8,116.22,2.6,1
2024-02-01,PROD0044,WH-EAST,306,230,128,3,47.28,1.3,1
2024-02-02,PROD0044,WH-EAST,718,330,91,12,114.58,2.2,1
2024-02-03,PROD0044,WH-NORTH,390,397,267,6,158.58,1.0,1
2024-02-04,PROD0044,WH-EAST,431,374,231,11,78.03,1.2,1
2024-02-05,PROD0044,WH-SOUTH,388,349,220,11,109.58,1.1,1
2024-02-06,PROD0044,WH-NORTH,639,315,102,2,136.26,2.0,1
2024-02-07,PROD0044,WH-EAST,572,386,196,13,163.19,1.5,1
2024-02-08,PROD0044,WH-EAST,258,239,153,14,56.8,1.1,1
2024-02-09,PROD0044,WH-SOUTH,233,316,239,10,24.68,0.7,1
2024-02-10,PROD0044,WH-EAST,670,393,170,7,93.62,1.7,1
2024-02-11,PROD0044,WH-SOUTH,747,313,64,7,151.87,2.4,1
2024-02-12,PROD0044,WH-SOUTH,669,381,158,7,5.6,1.8,1
2024-02-13,PROD0044,WH-EAST,401,417,284,9,130.32,1.0,1
2024-02-14,PROD0044,WH-EAST,240,155,75,11,38.06,1.5,1
2024-02-15,PROD0044,WH-NORTH,329,258,149,11,92.87,1.3,1
2024-02-16,PROD0044,WH-EAST,473,265,108,5,73.83,1.8,1
2024-02-17,PROD0044,WH-SOUTH,661,363,143,5,63.64,1.8,1
2024-02-18,PROD0044,WH-SOUTH,787,232,0,12,6.55,3.4,0
2024-02-19,PROD0044,WH-SOUTH,192,391,327,4,121.04,0.5,1
2024-02-20,PROD0044,WH-EAST,483,417,256,4,110.65,1.2,1
2024-02-21,PROD0044,WH-EAST,281,270,177,2,57.45,1.0,1
2024-02-22,PROD0044,WH-EAST,516,394,222,6,199.29,1.3,1
2024-02-23,PROD0044,WH-NORTH,175,344,286,13,187.01,0.5,1
2024-02-24,PROD0044,WH-EAST,962,387,67,5,14.94,2.5,1
2024-02-25,PROD0044,WH-NORTH,282,353,259,11,109.99,0.8,1
2024-02-26,PROD0044,WH-SOUTH,509,350,181,8,86.25,1.5,1
2024-02-27,PROD0044,WH-NORTH,995,297,0,7,138.52,3.4,0
2024-02-28,PROD0044,WH-NORTH,920,359,53,4,37.82,2.6,1
2024-02-29,PROD0044,WH-EAST,379,413,287,8,11.33,0.9,1
2024-03-01,PROD0044,WH-SOUTH,431,290,147,14,51.33,1.5,1
2024-03-02,PROD0044,WH-EAST,750,359,109,14,178.91,2.1,1
2024-03-03,PROD0044,WH-SOUTH,844,233,0,6,31.84,3.6,0
2024-03-04,PROD0044,WH-EAST,0,358,358,12,13.73,0.0,1
2024-03-05,PROD0044,WH-NORTH,467,344,189,5,38.36,1.4,1
2024-03-06,PROD0044,WH-EAST,241,352,272,10,94.91,0.7,1
2024-03-07,PROD0044,WH-SOUTH,0,217,217,6,186.33,0.0,1
2024-03-08,PROD0044,WH-EAST,919,325,19,11,114.08,2.8,1
2024-03-09,PROD0044,WH-NORTH,293,446,349,3,190.26,0.7,1
2024-03-10,PROD0044,WH-EAST,681,319,92,2,140.8,2.1,1
2024-03-11,PROD0044,WH-SOUTH,931,225,0,12,47.77,4.1,0
2024-03-12,PROD0044,WH-SOUTH,973,274,0,5,25.39,3.6,0
2024-03-13,PROD0044,WH-SOUTH,669,331,108,7,12.45,2.0,1
2024-03-14,PROD0044,WH-NORTH,639,431,218,3,70.3,1.5,1
2024-03-15,PROD0044,WH-NORTH,0,335,335,7,184.27,0.0,1
2024-03-16,PROD0044,WH-SOUTH,570,288,98,14,103.21,2.0,1
2024-03-17,PROD0044,WH-NORTH,940,167,0,14,189.62,5.6,0
2024-03-18,PROD0044,WH-NORTH,615,213,8,12,128.12,2.9,1
2024-03-19,PROD0044,WH-EAST,945,376,61,5,99.11,2.5,1
2024-03-20,PROD0044,WH-NORTH,780,351,91,13,5.24,2.2,1
2024-03-21,PROD0044,WH-SOUTH,250,236,153,2,124.1,1.1,1
2024-03-22,PROD0044,WH-EAST,436,318,173,3,45.3,1.4,1
2024-03-23,PROD0044,WH-EAST,262,281,194,2,89.99,0.9,1
2024-03-24,PROD0044,WH-SOUTH,858,403,117,5,86.07,2.1,1
2024-03-25,PROD0044,WH-NORTH,231,282,205,9,195.96,0.8,1
2024-03-26,PROD0044,WH-EAST,985,378,50,10,126.29,2.6,1
2024-03-27,PROD0044,WH-NORTH,874,286,0,9,98.87,3.1,0
2024-03-28,PROD0044,WH-EAST,617,371,166,9,109.2,1.7,1
2024-03-29,PROD0044,WH-SOUTH,891,322,25,13,30.11,2.8,1
2024-03-30,PROD0044,WH-SOUTH,847,313,31,14,50.57,2.7,1
2024-03-31,PROD0044,WH-SOUTH,1000,320,0,7,29.71,3.1,0
2024-04-01,PROD0044,WH-EAST,754,303,52,12,188.77,2.5,1
2024-04-02,PROD0044,WH-NORTH,435,401,256,3,87.56,1.1,1
2024-04-03,PROD0044,WH-SOUTH,915,333,28,5,61.27,2.7,1
2024-04-04,PROD0044,WH-SOUTH,971,268,0,4,154.64,3.6,0
2024-04-05,PROD0044,WH-SOUTH,984,443,115,12,189.12,2.2,1
2024-04-06,PROD0044,WH-SOUTH,825,464,189,8,105.68,1.8,1
2024-04-07,PROD0044,WH-EAST,175,269,211,4,103.12,0.7,1
2024-04-08,PROD0044,WH-NORTH,941,276,0,6,27.3,3.4,0
2024-04-09,PROD0044,WH-EAST,759,337,84,2,61.56,2.3,1
2024-04-10,PROD0044,WH-SOUTH,639,423,210,2,46.11,1.5,1
2024-04-11,PROD0044,WH-NORTH,366,336,214,7,74.49,1.1,1
2024-04-12,PROD0044,WH-NORTH,795,363,98,3,110.04,2.2,1
2024-04-13,PROD0044,WH-NORTH,561,435,248,10,40.27,1.3,1
2024-04-14,PROD0044,WH-NORTH,376,341,216,12,168.5,1.1,1
2024-04-15,PROD0044,WH-NORTH,0,225,225,2,34.45,0.0,1
2024-04-16,PROD0044,WH-NORTH,854,230,0,11,154.89,3.7,0
2024-04-17,PROD0044,WH-NORTH,209,334,265,5,171.85,0.6,1
2024-04-18,PROD0044,WH-SOUTH,805,395,127,9,36.26,2.0,1
2024-04-19,PROD0044,WH-EAST,832,308,31,13,165.86,2.7,1
2024-04-20,PROD0044,WH-EAST,989,339,10,9,50.27,2.9,1
2024-04-21,PROD0044,WH-EAST,715,314,76,8,14.38,2.3,1
2024-04-22,PROD0044,WH-EAST,488,354,192,8,84.97,1.4,1
2024-04-23,PROD0044,WH-SOUTH,341,296,183,12,164.72,1.2,1
2024-04-24,PROD0044,WH-SOUTH,636,337,125,6,120.59,1.9,1
2024-04-25,PROD0044,WH-NORTH,865,279,0,2,66.17,3.1,0
2024-04-26,PROD0044,WH-EAST,592,419,222,11,96.88,1.4,1
2024-04-27,PROD0044,WH-EAST,965,335,14,2,18.73,2.9,1
2024-04-28,PROD0044,WH-EAST,865,355,67,4,164.71,2.4,1
2024-04-29,PROD0044,WH-EAST,448,350,201,5,178.01,1.3,1
2024-04-30,PROD0044,WH-EAST,781,344,84,7,126.76,2.3,1
2024-05-01,PROD0044,WH-NORTH,358,295,176,3,88.22,1.2,1
2024-05-02,PROD0044,WH-SOUTH,749,215,0,7,22.86,3.5,0
2024-05-03,PROD0044,WH-NORTH,292,307,210,8,34.96,1.0,1
2024-05-04,PROD0044,WH-SOUTH,810,295,25,10,111.86,2.7,1
2024-05-05,PROD0044,WH-NORTH,680,377,151,7,34.31,1.8,1
2024-05-06,PROD0044,WH-EAST,194,236,172,10,32.61,0.8,1
2024-05-07,PROD0044,WH-NORTH,732,307,63,13,42.59,2.4,1
2024-05-08,PROD0044,WH-SOUTH,589,393,197,10,83.23,1.5,1
2024-05-09,PROD0044,WH-SOUTH,416,329,191,3,108.07,1.3,1
2024-05-10,PROD0044,WH-NORTH,834,352,74,12,96.04,2.4,1
2024-05-11,PROD0044,WH-SOUTH,910,447,144,6,74.72,2.0,1
2024-05-12,PROD0044,WH-EAST,0,338,338,12,88.33,0.0,1
2024-05-13,PROD0044,WH-NORTH,189,396,333,8,66.18,0.5,1
2024-05-14,PROD0044,WH-SOUTH,0,298,298,5,75.4,0.0,1
2024-05-15,PROD0044,WH-NORTH,505,309,141,12,162.87,1.6,1
2024-05-16,PROD0044,WH-SOUTH,662,353,133,10,57.66,1.9,1
2024-05-17,PROD0044,WH-EAST,275,373,282,10,66.82,0.7,1
2024-05-18,PROD0044,WH-NORTH,806,235,0,6,52.74,3.4,0
2024-05-19,PROD0044,WH-SOUTH,647,457,242,5,82.9,1.4,1
2024-05-20,PROD0044,WH-NORTH,915,417,112,7,51.45,2.2,1
2024-05-21,PROD0044,WH-NORTH,0,435,435,6,67.49,0.0,1
2024-05-22,PROD0044,WH-NORTH,241,362,282,7,123.9,0.7,1
2024-05-23,PROD0044,WH-EAST,751,316,66,3,95.82,2.4,1
2024-05-24,PROD0044,WH-SOUTH,963,395,74,3,130.25,2.4,1
2024-05-25,PROD0044,WH-NORTH,511,279,109,9,34.23,1.8,1
2024-05-26,PROD0044,WH-NORTH,418,331,192,9,26.76,1.3,1
2024-05-27,PROD0044,WH-EAST,309,370,267,10,142.16,0.8,1
2024-05-28,PROD0044,WH-NORTH,616,323,118,5,46.17,1.9,1
2024-05-29,PROD0044,WH-SOUTH,714,279,41,14,82.42,2.6,1
2024-05-30,PROD0044,WH-EAST,369,362,239,4,5.89,1.0,1
2024-05-31,PROD0044,WH-SOUTH,935,457,146,3,133.46,2.0,1
2024-06-01,PROD0044,WH-NORTH,548,253,71,3,163.55,2.2,1
2024-06-02,PROD0044,WH-SOUTH,817,251,0,13,18.24,3.3,0
2024-06-03,PROD0044,WH-EAST,318,316,210,10,143.73,1.0,1
2024-06-04,PROD0044,WH-EAST,748,289,40,11,89.37,2.6,1
2024-06-05,PROD0044,WH-SOUTH,372,319,195,4,137.12,1.2,1
2024-06-06,PROD0044,WH-NORTH,184,260,199,12,71.61,0.7,1
2024-06-07,PROD0044,WH-NORTH,423,242,101,11,7.11,1.7,1
2024-06-08,PROD0044,WH-NORTH,958,242,0,7,102.4,4.0,0
2024-06-09,PROD0044,WH-NORTH,316,327,222,14,155.6,1.0,1
2024-06-10,PROD0044,WH-EAST,511,291,121,4,173.74,1.8,1
2024-06-11,PROD0044,WH-NORTH,0,195,195,10,81.27,0.0,1
2024-06-12,PROD0044,WH-EAST,330,353,243,13,56.78,0.9,1
2024-06-13,PROD0044,WH-NORTH,994,311,0,10,58.15,3.2,0
2024-06-14,PROD0044,WH-NORTH,798,322,56,6,172.13,2.5,1
2024-06-15,PROD0044,WH-EAST,323,404,297,9,128.88,0.8,1
2024-06-16,PROD0044,WH-NORTH,327,297,188,12,171.39,1.1,1
2024-06-17,PROD0044,WH-NORTH,958,312,0,3,130.37,3.1,0
2024-06-18,PROD0044,WH-EAST,813,547,276,14,173.53,1.5,1
2024-06-19,PROD0044,WH-EAST,721,379,139,2,94.27,1.9,1
2024-06-20,PROD0044,WH-NORTH,806,366,98,11,13.8,2.2,1
2024-06-21,PROD0044,WH-EAST,937,478,166,8,70.18,2.0,1
2024-06-22,PROD0044,WH-EAST,432,493,349,9,51.2,0.9,1
2024-06-23,PROD0044,WH-NORTH,325,307,199,9,198.34,1.1,1
2024-06-24,PROD0044,WH-EAST,777,353,94,9,147.0,2.2,1
2024-06-25,PROD0044,WH-EAST,693,261,30,11,195.75,2.7,1
2024-06-26,PROD0044,WH-NORTH,189,339,276,7,8.39,0.6,1
2024-06-27,PROD0044,WH-EAST,280,389,296,4,69.54,0.7,1
2024-06-28,PROD0044,WH-NORTH,857,321,36,8,143.93,2.7,1
2024-01-01,PROD0045,WH-SOUTH,454,399,248,14,14.4,1.1,1
2024-01-02,PROD0045,WH-EAST,1386,624,162,13,193.77,2.2,1
2024-01-03,PROD0045,WH-SOUTH,1046,670,322,9,183.13,1.6,1
2024-01-04,PROD0045,WH-SOUTH,1295,356,0,5,39.79,3.6,0
2024-01-05,PROD0045,WH-NORTH,408,551,415,9,167.25,0.7,1
2024-01-06,PROD0045,WH-NORTH,256,599,514,4,29.48,0.4,1
2024-01-07,PROD0045,WH-SOUTH,284,292,198,2,130.28,1.0,1
2024-01-08,PROD0045,WH-NORTH,616,585,380,4,102.5,1.1,1
2024-01-09,PROD0045,WH-NORTH,1140,499,119,10,18.9,2.3,1
2024-01-10,PROD0045,WH-SOUTH,1199,527,128,9,37.64,2.3,1
2024-01-11,PROD0045,WH-EAST,272,543,453,14,142.47,0.5,1
2024-01-12,PROD0045,WH-NORTH,849,437,154,12,112.76,1.9,1
2024-01-13,PROD0045,WH-EAST,431,730,587,11,64.93,0.6,1
2024-01-14,PROD0045,WH-SOUTH,1167,374,0,11,80.49,3.1,0
2024-01-15,PROD0045,WH-SOUTH,700,448,215,14,176.61,1.6,1
2024-01-16,PROD0045,WH-NORTH,1082,334,0,5,187.57,3.2,0
2024-01-17,PROD0045,WH-EAST,250,321,238,14,164.3,0.8,1
2024-01-18,PROD0045,WH-EAST,517,579,407,3,81.88,0.9,1
2024-01-19,PROD0045,WH-NORTH,509,550,381,12,170.98,0.9,1
2024-01-20,PROD0045,WH-SOUTH,587,486,291,12,61.04,1.2,1
2024-01-21,PROD0045,WH-EAST,643,315,101,8,135.94,2.0,1
2024-01-22,PROD0045,WH-NORTH,757,590,338,9,88.16,1.3,1
2024-01-23,PROD0045,WH-SOUTH,420,471,331,3,199.12,0.9,1
2024-01-24,PROD0045,WH-NORTH,749,495,246,9,147.84,1.5,1
2024-01-25,PROD0045,WH-SOUTH,607,527,325,9,162.04,1.2,1
2024-01-26,PROD0045,WH-EAST,1016,502,164,6,139.23,2.0,1
2024-01-27,PROD0045,WH-SOUTH,450,408,258,11,129.24,1.1,1
2024-01-28,PROD0045,WH-SOUTH,700,532,299,6,125.65,1.3,1
2024-01-29,PROD0045,WH-SOUTH,347,719,604,6,121.29,0.5,1
2024-01-30,PROD0045,WH-SOUTH,419,484,345,3,149.35,0.9,1
2024-01-31,PROD0045,WH-EAST,1157,505,120,11,90.53,2.3,1
2024-02-01,PROD0045,WH-NORTH,714,463,225,13,106.79,1.5,1
2024-02-02,PROD0045,WH-EAST,385,522,394,9,87.29,0.7,1
2024-02-03,PROD0045,WH-NORTH,819,327,54,2,63.93,2.5,1
2024-02-04,PROD0045,WH-EAST,868,422,133,2,107.4,2.1,1
2024-02-05,PROD0045,WH-EAST,711,648,411,4,36.37,1.1,1
2024-02-06,PROD0045,WH-EAST,952,505,188,14,197.68,1.9,1
2024-02-07,PROD0045,WH-SOUTH,862,429,142,10,62.65,2.0,1
2024-02-08,PROD0045,WH-NORTH,642,651,437,7,70.81,1.0,1
2024-02-09,PROD0045,WH-NORTH,1031,467,124,13,100.44,2.2,1
2024-02-10,PROD0045,WH-EAST,976,550,225,13,168.88,1.8,1
2024-02-11,PROD0045,WH-NORTH,501,485,318,6,32.15,1.0,1
2024-02-12,PROD0045,WH-SOUTH,757,468,216,7,126.69,1.6,1
2024-02-13,PROD0045,WH-EAST,1098,390,24,10,64.67,2.8,1
2024-02-14,PROD0045,WH-EAST,1020,369,29,14,189.75,2.8,1
2024-02-15,PROD0045,WH-SOUTH,703,249,15,9,75.89,2.8,1
2024-02-16,PROD0045,WH-SOUTH,1185,559,164,13,43.37,2.1,1
2024-02-17,PROD0045,WH-EAST,947,450,135,10,155.27,2.1,1
2024-02-18,PROD0045,WH-EAST,1411,452,0,6,12.96,3.1,0
2024-02-19,PROD0045,WH-NORTH,556,436,251,11,185.54,1.3,1
2024-02-20,PROD0045,WH-NORTH,1112,782,412,7,106.86,1.4,1
2024-02-21,PROD0045,WH-EAST,308,353,251,4,137.28,0.9,1
2024-02-22,PROD0045,WH-NORTH,248,651,569,8,9.61,0.4,1
2024-02-23,PROD0045,WH-EAST,1116,493,121,5,151.37,2.3,1
2024-02-24,PROD0045,WH-NORTH,866,413,125,13,92.87,2.1,1
2024-02-25,PROD0045,WH-EAST,753,493,242,6,110.62,1.5,1
2024-02-26,PROD0045,WH-NORTH,0,670,670,13,63.97,0.0,1
2024-02-27,PROD0045,WH-SOUTH,1140,514,134,6,198.15,2.2,1
2024-02-28,PROD0045,WH-EAST,1160,425,39,13,26.61,2.7,1
2024-02-29,PROD0045,WH-EAST,1472,668,178,12,11.41,2.2,1
2024-03-01,PROD0045,WH-NORTH,250,552,469,6,22.2,0.5,1
2024-03-02,PROD0045,WH-EAST,1391,606,143,2,61.93,2.3,1
2024-03-03,PROD0045,WH-EAST,0,460,460,4,66.1,0.0,1
2024-03-04,PROD0045,WH-EAST,284,318,224,10,68.41,0.9,1
2024-03-05,PROD0045,WH-NORTH,448,325,176,10,156.52,1.4,1
2024-03-06,PROD0045,WH-NORTH,1129,511,135,7,114.98,2.2,1
2024-03-07,PROD0045,WH-SOUTH,1192,514,117,2,54.0,2.3,1
2024-03-08,PROD0045,WH-NORTH,1313,512,75,14,27.74,2.6,1
2024-03-09,PROD0045,WH-SOUTH,307,536,434,11,167.53,0.6,1
2024-03-10,PROD0045,WH-EAST,0,627,627,5,76.07,0.0,1
2024-03-11,PROD0045,WH-NORTH,1345,669,221,14,134.47,2.0,1
2024-03-12,PROD0045,WH-EAST,1329,359,0,7,101.08,3.7,0
2024-03-13,PROD0045,WH-SOUTH,1418,445,0,9,103.6,3.2,0
2024-03-14,PROD0045,WH-EAST,437,401,256,13,118.11,1.1,1
2024-03-15,PROD0045,WH-EAST,333,434,323,13,20.48,0.8,1
2024-03-16,PROD0045,WH-NORTH,717,466,227,4,89.92,1.5,1
2024-03-17,PROD0045,WH-NORTH,521,421,248,10,110.86,1.2,1
2024-03-18,PROD0045,WH-SOUTH,1258,405,0,8,110.9,3.1,0
2024-03-19,PROD0045,WH-EAST,1264,432,11,12,64.07,2.9,1
2024-03-20,PROD0045,WH-SOUTH,776,516,258,5,71.96,1.5,1
2024-03-21,PROD0045,WH-EAST,1212,458,54,14,62.19,2.6,1
2024-03-22,PROD0045,WH-NORTH,673,504,280,8,197.44,1.3,1
2024-03-23,PROD0045,WH-SOUTH,489,514,351,4,27.28,1.0,1
2024-03-24,PROD0045,WH-EAST,466,476,321,2,173.82,1.0,1
2024-03-25,PROD0045,WH-SOUTH,440,410,264,7,63.27,1.1,1
2024-03-26,PROD0045,WH-NORTH,611,606,403,6,48.64,1.0,1
2024-03-27,PROD0045,WH-EAST,1471,499,9,7,108.08,2.9,1
2024-03-28,PROD0045,WH-NORTH,1167,476,87,12,55.86,2.5,1
2024-03-29,PROD0045,WH-EAST,431,475,332,8,23.83,0.9,1
2024-03-30,PROD0045,WH-SOUTH,822,487,213,12,179.39,1.7,1
2024-03-31,PROD0045,WH-SOUTH,692,396,166,12,191.4,1.7,1
2024-04-01,PROD0045,WH-EAST,879,426,133,3,186.3,2.1,1
2024-04-02,PROD0045,WH-NORTH,278,438,346,13,99.12,0.6,1
2024-04-03,PROD0045,WH-SOUTH,700,399,166,7,128.12,1.8,1
2024-04-04,PROD0045,WH-SOUTH,341,420,307,13,112.48,0.8,1
2024-04-05,PROD0045,WH-EAST,385,552,424,5,122.9,0.7,1
2024-04-06,PROD0045,WH-SOUTH,1237,499,87,14,144.77,2.5,1
2024-04-07,PROD0045,WH-SOUTH,273,388,297,11,41.27,0.7,1
2024-04-08,PROD0045,WH-NORTH,1402,595,128,14,96.14,2.4,1
2024-04-09,PROD0045,WH-EAST,370,555,432,4,73.37,0.7,1
2024-04-10,PROD0045,WH-NORTH,262,444,357,11,111.57,0.6,1
2024-04-11,PROD0045,WH-EAST,1027,456,114,6,43.41,2.3,1
2024-04-12,PROD0045,WH-NORTH,1029,551,208,5,77.93,1.9,1
2024-04-13,PROD0045,WH-NORTH,1264,540,119,12,131.56,2.3,1
2024-04-14,PROD0045,WH-SOUTH,391,615,485,4,96.21,0.6,1
2024-04-15,PROD0045,WH-SOUTH,485,604,443,7,89.32,0.8,1
2024-04-16,PROD0045,WH-NORTH,332,708,598,3,27.22,0.5,1
2024-04-17,PROD0045,WH-SOUTH,995,412,81,6,181.68,2.4,1
2024-04-18,PROD0045,WH-SOUTH,1088,440,78,10,16.75,2.5,1
2024-04-19,PROD0045,WH-SOUTH,668,406,184,3,151.1,1.6,1
2024-04-20,PROD0045,WH-NORTH,780,467,207,8,56.85,1.7,1
2024-04-21,PROD0045,WH-NORTH,802,401,134,13,57.12,2.0,1
2024-04-22,PROD0045,WH-SOUTH,1125,370,0,3,136.15,3.0,0
2024-04-23,PROD0045,WH-EAST,774,359,101,5,97.56,2.2,1
2024-04-24,PROD0045,WH-SOUTH,1336,375,0,6,35.43,3.6,0
2024-04-25,PROD0045,WH-NORTH,0,541,541,9,95.29,0.0,1
2024-04-26,PROD0045,WH-EAST,844,261,0,13,155.07,3.2,0
2024-04-27,PROD0045,WH-EAST,1053,378,27,4,110.29,2.8,1
2024-04-28,PROD0045,WH-SOUTH,805,524,256,7,6.77,1.5,1
2024-04-29,PROD0045,WH-SOUTH,1161,535,148,6,105.06,2.2,1
2024-04-30,PROD0045,WH-SOUTH,1167,441,52,4,67.09,2.6,1
2024-05-01,PROD0045,WH-NORTH,924,408,100,14,47.0,2.3,1
2024-05-02,PROD0045,WH-NORTH,0,415,415,7,70.64,0.0,1
2024-05-03,PROD0045,WH-EAST,1359,459,6,5,187.9,3.0,1
2024-05-04,PROD0045,WH-EAST,663,539,318,12,20.5,1.2,1
2024-05-05,PROD0045,WH-NORTH,917,641,336,12,99.39,1.4,1
2024-05-06,PROD0045,WH-NORTH,1211,526,123,4,104.08,2.3,1
2024-05-07,PROD0045,WH-EAST,960,621,301,9,6.61,1.5,1
2024-05-08,PROD0045,WH-NORTH,883,588,294,2,183.8,1.5,1
2024-05-09,PROD0045,WH-EAST,1023,515,174,5,30.07,2.0,1
2024-05-10,PROD0045,WH-EAST,285,615,520,8,10.67,0.5,1
2024-05-11,PROD0045,WH-NORTH,1426,504,29,8,118.44,2.8,1
2024-05-12,PROD0045,WH-EAST,248,571,489,10,16.76,0.4,1
2024-05-13,PROD0045,WH-SOUTH,599,419,220,11,78.65,1.4,1
2024-05-14,PROD0045,WH-NORTH,249,506,423,4,47.15,0.5,1
2024-05-15,PROD0045,WH-EAST,962,428,108,13,136.54,2.2,1
2024-05-16,PROD0045,WH-SOUTH,1384,458,0,8,5.41,3.0,0
2024-05-17,PROD0045,WH-SOUTH,346,364,249,11,38.27,1.0,1
2024-05-18,PROD0045,WH-EAST,653,497,280,4,16.72,1.3,1
2024-05-19,PROD0045,WH-SOUTH,1069,425,69,11,151.92,2.5,1
2024-05-20,PROD0045,WH-SOUTH,850,499,216,7,154.93,1.7,1
2024-05-21,PROD0045,WH-NORTH,0,668,668,3,127.13,0.0,1
2024-05-22,PROD0045,WH-SOUTH,0,631,631,3,31.78,0.0,1
2024-05-23,PROD0045,WH-SOUTH,548,593,411,14,137.39,0.9,1
2024-05-24,PROD0045,WH-EAST,608,542,340,5,88.22,1.1,1
2024-05-25,PROD0045,WH-SOUTH,836,383,105,11,23.7,2.2,1
2024-05-26,PROD0045,WH-SOUTH,1029,295,0,4,64.54,3.5,0
2024-05-27,PROD0045,WH-NORTH,658,642,423,10,125.02,1.0,1
2024-05-28,PROD0045,WH-EAST,1271,577,154,7,54.59,2.2,1
2024-05-29,PROD0045,WH-EAST,1008,427,91,5,131.5,2.4,1
2024-05-30,PROD0045,WH-NORTH,349,518,402,9,186.91,0.7,1
2024-05-31,PROD0045,WH-NORTH,406,532,397,3,166.03,0.8,1
2024-06-01,PROD0045,WH-NORTH,0,541,541,8,108.66,0.0,1
2024-06-02,PROD0045,WH-SOUTH,425,604,463,3,21.46,0.7,1
2024-06-03,PROD0045,WH-SOUTH,713,269,32,5,193.93,2.7,1
2024-06-04,PROD0045,WH-SOUTH,846,564,282,13,12.12,1.5,1
2024-06-05,PROD0045,WH-EAST,373,539,415,2,33.49,0.7,1
2024-06-06,PROD0045,WH-EAST,804,347,79,3,135.85,2.3,1
2024-06-07,PROD0045,WH-SOUTH,403,547,413,2,59.7,0.7,1
2024-06-08,PROD0045,WH-NORTH,523,628,454,2,123.04,0.8,1
2024-06-09,PROD0045,WH-EAST,574,412,221,14,181.92,1.4,1
2024-06-10,PROD0045,WH-SOUTH,823,693,419,8,62.76,1.2,1
2024-06-11,PROD0045,WH-EAST,752,696,446,5,194.27,1.1,1
2024-06-12,PROD0045,WH-NORTH,1263,520,99,12,95.75,2.4,1
2024-06-13,PROD0045,WH-EAST,348,581,465,6,7.65,0.6,1
2024-06-14,PROD0045,WH-EAST,1381,470,10,11,96.33,2.9,1
2024-06-15,PROD0045,WH-NORTH,1373,532,75,8,29.12,2.6,1
2024-06-16,PROD0045,WH-SOUTH,971,505,182,11,166.51,1.9,1
2024-06-17,PROD0045,WH-SOUTH,354,326,208,6,111.78,1.1,1
2024-06-18,PROD0045,WH-EAST,476,360,202,11,171.96,1.3,1
2024-06-19,PROD0045,WH-NORTH,1143,358,0,9,70.99,3.2,0
2024-06-20,PROD0045,WH-EAST,1204,664,263,12,44.39,1.8,1
2024-06-21,PROD0045,WH-SOUTH,1337,513,68,3,180.22,2.6,1
2024-06-22,PROD0045,WH-NORTH,846,501,219,9,194.74,1.7,1
2024-06-23,PROD0045,WH-EAST,588,526,330,8,94.4,1.1,1
2024-06-24,PROD0045,WH-EAST,1474,519,28,4,94.63,2.8,1
2024-06-25,PROD0045,WH-SOUTH,676,665,440,5,194.71,1.0,1
2024-06-26,PROD0045,WH-EAST,481,449,289,6,199.57,1.1,1
2024-06-27,PROD0045,WH-SOUTH,1289,418,0,12,197.99,3.1,0
2024-06-28,PROD0045,WH-EAST,0,337,337,3,69.44,0.0,1
2024-01-01,PROD0046,WH-NORTH,940,456,143,7,93.58,2.1,1
2024-01-02,PROD0046,WH-NORTH,1010,310,0,5,58.62,3.3,0
2024-01-03,PROD0046,WH-EAST,950,476,160,9,107.71,2.0,1
2024-01-04,PROD0046,WH-NORTH,374,384,260,6,146.59,1.0,1
2024-01-05,PROD0046,WH-EAST,369,443,320,4,143.63,0.8,1
2024-01-06,PROD0046,WH-SOUTH,944,331,17,5,37.0,2.9,1
2024-01-07,PROD0046,WH-EAST,812,474,204,8,15.08,1.7,1
2024-01-08,PROD0046,WH-SOUTH,468,305,149,9,74.58,1.5,1
2024-01-09,PROD0046,WH-EAST,606,361,159,5,63.94,1.7,1
2024-01-10,PROD0046,WH-NORTH,257,432,347,11,54.95,0.6,1
2024-01-11,PROD0046,WH-NORTH,226,560,485,9,93.5,0.4,1
2024-01-12,PROD0046,WH-EAST,290,463,367,11,56.07,0.6,1
2024-01-13,PROD0046,WH-SOUTH,1114,428,57,5,138.39,2.6,1
2024-01-14,PROD0046,WH-SOUTH,464,446,292,8,113.34,1.0,1
2024-01-15,PROD0046,WH-SOUTH,1128,385,9,13,8.66,2.9,1
2024-01-16,PROD0046,WH-SOUTH,555,288,103,7,160.83,1.9,1
2024-01-17,PROD0046,WH-SOUTH,1070,421,65,4,61.26,2.5,1
2024-01-18,PROD0046,WH-SOUTH,627,359,150,6,46.89,1.7,1
2024-01-19,PROD0046,WH-EAST,1170,369,0,11,96.47,3.2,0
2024-01-20,PROD0046,WH-NORTH,0,416,416,6,82.46,0.0,1
2024-01-21,PROD0046,WH-EAST,652,418,201,7,137.91,1.6,1
2024-01-22,PROD0046,WH-NORTH,988,551,222,14,63.54,1.8,1
2024-01-23,PROD0046,WH-NORTH,329,565,456,7,36.38,0.6,1
2024-01-24,PROD0046,WH-NORTH,1220,317,0,11,131.09,3.8,0
2024-01-25,PROD0046,WH-EAST,978,504,178,2,82.68,1.9,1
2024-01-26,PROD0046,WH-EAST,1264,354,0,12,9.51,3.6,0
2024-01-27,PROD0046,WH-NORTH,382,394,267,6,147.82,1.0,1
2024-01-28,PROD0046,WH-SOUTH,542,448,268,9,180.9,1.2,1
2024-01-29,PROD0046,WH-EAST,764,398,144,11,180.82,1.9,1
2024-01-30,PROD0046,WH-SOUTH,860,668,382,8,170.85,1.3,1
2024-01-31,PROD0046,WH-NORTH,462,425,271,5,84.11,1.1,1
2024-02-01,PROD0046,WH-EAST,369,456,333,13,101.13,0.8,1
2024-02-02,PROD0046,WH-SOUTH,1143,315,0,14,111.15,3.6,0
2024-02-03,PROD0046,WH-SOUTH,402,230,96,11,137.54,1.7,1
2024-02-04,PROD0046,WH-EAST,1185,458,63,9,148.14,2.6,1
2024-02-05,PROD0046,WH-EAST,317,469,364,3,86.02,0.7,1
2024-02-06,PROD0046,WH-EAST,493,477,313,7,115.92,1.0,1
2024-02-07,PROD0046,WH-SOUTH,611,569,366,13,119.04,1.1,1
2024-02-08,PROD0046,WH-EAST,901,345,45,2,68.53,2.6,1
2024-02-09,PROD0046,WH-EAST,1041,445,98,12,57.76,2.3,1
2024-02-10,PROD0046,WH-EAST,854,514,230,7,142.33,1.7,1
2024-02-11,PROD0046,WH-NORTH,0,433,433,10,125.01,0.0,1
2024-02-12,PROD0046,WH-EAST,776,290,32,4,78.31,2.7,1
2024-02-13,PROD0046,WH-NORTH,864,390,102,5,101.23,2.2,1
2024-02-14,PROD0046,WH-EAST,837,351,72,8,88.0,2.4,1
2024-02-15,PROD0046,WH-EAST,936,300,0,3,131.65,3.1,0
2024-02-16,PROD0046,WH-NORTH,423,346,205,5,118.02,1.2,1
2024-02-17,PROD0046,WH-EAST,326,363,255,7,166.21,0.9,1
2024-02-18,PROD0046,WH-SOUTH,869,424,135,7,23.62,2.0,1
2024-02-19,PROD0046,WH-NORTH,655,284,66,4,108.95,2.3,1
2024-02-20,PROD0046,WH-SOUTH,724,362,121,14,10.82,2.0,1
2024-02-21,PROD0046,WH-SOUTH,828,285,9,2,167.91,2.9,1
2024-02-22,PROD0046,WH-EAST,1159,464,78,4,170.87,2.5,1
2024-02-23,PROD0046,WH-EAST,322,339,232,4,152.87,0.9,1
2024-02-24,PROD0046,WH-NORTH,526,520,345,10,160.01,1.0,1
2024-02-25,PROD0046,WH-SOUTH,351,227,110,2,78.7,1.5,1
2024-02-26,PROD0046,WH-EAST,739,483,237,10,91.86,1.5,1
2024-02-27,PROD0046,WH-NORTH,297,420,321,9,141.85,0.7,1
2024-02-28,PROD0046,WH-SOUTH,1217,493,88,13,183.28,2.5,1
2024-02-29,PROD0046,WH-NORTH,482,360,200,13,7.05,1.3,1
2024-03-01,PROD0046,WH-EAST,260,345,259,14,134.77,0.8,1
2024-03-02,PROD0046,WH-SOUTH,843,382,101,7,59.39,2.2,1
2024-03-03,PROD0046,WH-EAST,1078,349,0,12,41.43,3.1,0
2024-03-04,PROD0046,WH-EAST,220,463,390,11,53.83,0.5,1
2024-03-05,PROD0046,WH-EAST,1032,585,241,12,88.26,1.8,1
2024-03-06,PROD0046,WH-NORTH,1194,400,2,11,141.98,3.0,1
2024-03-07,PROD0046,WH-NORTH,593,368,171,13,161.17,1.6,1
2024-03-08,PROD0046,WH-EAST,765,281,26,13,143.67,2.7,1
2024-03-09,PROD0046,WH-SOUTH,803,279,12,11,160.97,2.9,1
2024-03-10,PROD0046,WH-NORTH,1188,405,9,13,40.79,2.9,1
2024-03-11,PROD0046,WH-SOUTH,1151,270,0,8,44.79,4.3,0
2024-03-12,PROD0046,WH-SOUTH,570,477,287,2,119.46,1.2,1
2024-03-13,PROD0046,WH-NORTH,992,434,104,10,116.25,2.3,1
2024-03-14,PROD0046,WH-EAST,672,387,163,6,101.14,1.7,1
2024-03-15,PROD0046,WH-EAST,922,538,231,9,23.97,1.7,1
2024-03-16,PROD0046,WH-EAST,336,528,416,12,168.84,0.6,1
2024-03-17,PROD0046,WH-SOUTH,260,390,304,13,14.94,0.7,1
2024-03-18,PROD0046,WH-EAST,743,434,187,12,104.15,1.7,1
2024-03-19,PROD0046,WH-EAST,773,434,177,4,146.17,1.8,1
2024-03-20,PROD0046,WH-SOUTH,651,415,198,13,19.3,1.6,1
2024-03-21,PROD0046,WH-NORTH,296,442,344,10,104.33,0.7,1
2024-03-22,PROD0046,WH-NORTH,1231,546,136,5,78.21,2.3,1
2024-03-23,PROD0046,WH-EAST,285,577,482,14,152.21,0.5,1
2024-03-24,PROD0046,WH-SOUTH,259,446,360,11,176.45,0.6,1
2024-03-25,PROD0046,WH-EAST,0,421,421,13,192.15,0.0,1
2024-03-26,PROD0046,WH-SOUTH,441,421,274,2,76.71,1.0,1
2024-03-27,PROD0046,WH-EAST,1150,502,119,6,26.97,2.3,1
2024-03-28,PROD0046,WH-SOUTH,405,380,245,14,190.55,1.1,1
2024-03-29,PROD0046,WH-EAST,998,623,291,6,142.44,1.6,1
2024-03-30,PROD0046,WH-EAST,800,310,44,4,160.84,2.6,1
2024-03-31,PROD0046,WH-SOUTH,806,513,245,5,97.68,1.6,1
2024-04-01,PROD0046,WH-EAST,289,557,461,3,113.2,0.5,1
2024-04-02,PROD0046,WH-EAST,944,255,0,9,66.08,3.7,0
2024-04-03,PROD0046,WH-EAST,868,435,146,2,55.46,2.0,1
2024-04-04,PROD0046,WH-EAST,959,647,328,3,111.84,1.5,1
2024-04-05,PROD0046,WH-EAST,286,487,392,13,166.27,0.6,1
2024-04-06,PROD0046,WH-EAST,560,445,259,10,130.76,1.3,1
2024-04-07,PROD0046,WH-EAST,1141,425,45,13,58.7,2.7,1
2024-04-08,PROD0046,WH-EAST,1254,453,35,10,129.97,2.8,1
2024-04-09,PROD0046,WH-SOUTH,538,371,192,14,6.19,1.5,1
2024-04-10,PROD0046,WH-NORTH,996,450,118,7,28.57,2.2,1
2024-04-11,PROD0046,WH-NORTH,543,392,211,10,24.24,1.4,1
2024-04-12,PROD0046,WH-SOUTH,942,315,1,8,53.85,3.0,1
2024-04-13,PROD0046,WH-EAST,261,300,213,11,126.7,0.9,1
2024-04-14,PROD0046,WH-SOUTH,739,405,159,5,9.27,1.8,1
2024-04-15,PROD0046,WH-NORTH,387,365,236,10,33.37,1.1,1
2024-04-16,PROD0046,WH-NORTH,883,399,105,3,172.97,2.2,1
2024-04-17,PROD0046,WH-SOUTH,496,394,229,3,94.26,1.3,1
2024-04-18,PROD0046,WH-NORTH,955,461,143,4,176.85,2.1,1
2024-04-19,PROD0046,WH-NORTH,307,470,368,10,74.21,0.7,1
2024-04-20,PROD0046,WH-SOUTH,634,501,290,13,102.03,1.3,1
2024-04-21,PROD0046,WH-NORTH,224,463,389,6,117.75,0.5,1
2024-04-22,PROD0046,WH-NORTH,1229,466,57,9,198.3,2.6,1
2024-04-23,PROD0046,WH-EAST,1033,547,203,13,184.33,1.9,1
2024-04-24,PROD0046,WH-SOUTH,1158,372,0,12,46.88,3.1,0
2024-04-25,PROD0046,WH-EAST,432,422,278,4,125.35,1.0,1
2024-04-26,PROD0046,WH-EAST,1045,380,32,5,119.1,2.8,1
2024-04-27,PROD0046,WH-NORTH,775,421,163,2,73.72,1.8,1
2024-04-28,PROD0046,WH-NORTH,1179,275,0,7,167.08,4.3,0
2024-04-29,PROD0046,WH-EAST,774,391,133,10,134.55,2.0,1
2024-04-30,PROD0046,WH-EAST,1050,374,24,11,170.34,2.8,1
2024-05-01,PROD0046,WH-EAST,489,303,140,2,195.69,1.6,1
2024-05-02,PROD0046,WH-SOUTH,592,338,141,5,29.9,1.8,1
2024-05-03,PROD0046,WH-EAST,273,351,260,7,151.18,0.8,1
2024-05-04,PROD0046,WH-NORTH,679,469,243,9,9.74,1.4,1
2024-05-05,PROD0046,WH-EAST,540,460,280,10,53.91,1.2,1
2024-05-06,PROD0046,WH-NORTH,567,218,29,3,191.42,2.6,1
2024-05-07,PROD0046,WH-EAST,844,423,142,14,12.77,2.0,1
2024-05-08,PROD0046,WH-SOUTH,326,412,304,9,38.4,0.8,1
2024-05-09,PROD0046,WH-NORTH,366,387,265,6,74.81,0.9,1
2024-05-10,PROD0046,WH-EAST,1053,452,101,4,179.84,2.3,1
2024-05-11,PROD0046,WH-SOUTH,1087,406,44,14,136.85,2.7,1
2024-05-12,PROD0046,WH-EAST,752,379,129,7,94.56,2.0,1
2024-05-13,PROD0046,WH-EAST,607,330,128,9,35.19,1.8,1
2024-05-14,PROD0046,WH-EAST,0,331,331,8,90.3,0.0,1
2024-05-15,PROD0046,WH-EAST,948,467,151,7,181.39,2.0,1
2024-05-16,PROD0046,WH-SOUTH,1196,449,51,12,68.81,2.7,1
2024-05-17,PROD0046,WH-NORTH,577,288,96,5,166.11,2.0,1
2024-05-18,PROD0046,WH-NORTH,766,327,72,6,85.08,2.3,1
2024-05-19,PROD0046,WH-SOUTH,296,557,459,7,120.98,0.5,1
2024-05-20,PROD0046,WH-EAST,700,556,323,6,41.03,1.3,1
2024-05-21,PROD0046,WH-NORTH,1045,543,195,6,36.48,1.9,1
2024-05-22,PROD0046,WH-EAST,942,350,36,13,110.0,2.7,1
2024-05-23,PROD0046,WH-SOUTH,333,419,308,13,59.04,0.8,1
2024-05-24,PROD0046,WH-NORTH,942,340,26,5,73.12,2.8,1
2024-05-25,PROD0046,WH-SOUTH,415,336,198,14,192.56,1.2,1
2024-05-26,PROD0046,WH-SOUTH,279,502,409,12,127.08,0.6,1
2024-05-27,PROD0046,WH-EAST,215,374,303,6,118.46,0.6,1
2024-05-28,PROD0046,WH-NORTH,393,341,210,7,178.28,1.2,1
2024-05-29,PROD0046,WH-SOUTH,723,376,135,14,115.25,1.9,1
2024-05-30,PROD0046,WH-NORTH,0,355,355,4,197.79,0.0,1
2024-05-31,PROD0046,WH-SOUTH,700,398,165,5,112.93,1.8,1
2024-06-01,PROD0046,WH-SOUTH,438,338,192,3,46.66,1.3,1
2024-06-02,PROD0046,WH-SOUTH,1054,568,217,3,134.78,1.9,1
2024-06-03,PROD0046,WH-NORTH,304,397,296,4,89.2,0.8,1
2024-06-04,PROD0046,WH-SOUTH,1186,525,130,5,102.08,2.3,1
2024-06-05,PROD0046,WH-SOUTH,1087,449,87,4,14.25,2.4,1
2024-06-06,PROD0046,WH-NORTH,400,421,288,12,63.53,1.0,1
2024-06-07,PROD0046,WH-SOUTH,1254,396,0,6,195.83,3.2,0
2024-06-08,PROD0046,WH-SOUTH,1126,229,0,10,122.04,4.9,0
2024-06-09,PROD0046,WH-SOUTH,351,477,360,12,55.79,0.7,1
2024-06-10,PROD0046,WH-NORTH,745,353,105,7,32.92,2.1,1
2024-06-11,PROD0046,WH-SOUTH,225,405,330,9,77.93,0.6,1
2024-06-12,PROD0046,WH-SOUTH,0,386,386,3,198.71,0.0,1
2024-06-13,PROD0046,WH-NORTH,1207,518,116,10,51.58,2.3,1
2024-06-14,PROD0046,WH-NORTH,512,352,182,6,59.77,1.5,1
2024-06-15,PROD0046,WH-SOUTH,858,477,191,9,35.13,1.8,1
2024-06-16,PROD0046,WH-EAST,981,234,0,14,172.24,4.2,0
2024-06-17,PROD0046,WH-SOUTH,601,631,431,11,152.05,1.0,1
2024-06-18,PROD0046,WH-NORTH,825,460,185,8,181.31,1.8,1
2024-06-19,PROD0046,WH-EAST,829,517,241,12,163.75,1.6,1
2024-06-20,PROD0046,WH-EAST,1225,527,119,4,120.89,2.3,1
2024-06-21,PROD0046,WH-NORTH,1174,439,48,6,164.09,2.7,1
2024-06-22,PROD0046,WH-SOUTH,250,449,366,9,21.88,0.6,1
2024-06-23,PROD0046,WH-SOUTH,303,493,392,14,168.63,0.6,1
2024-06-24,PROD0046,WH-SOUTH,618,396,190,2,7.9,1.6,1
2024-06-25,PROD0046,WH-NORTH,707,319,84,5,148.85,2.2,1
2024-06-26,PROD0046,WH-NORTH,310,284,181,14,109.33,1.1,1
2024-06-27,PROD0046,WH-SOUTH,945,305,0,11,111.15,3.1,0
2024-06-28,PROD0046,WH-NORTH,1227,396,0,6,153.4,3.1,0
2024-01-01,PROD0047,WH-SOUTH,724,422,181,7,143.24,1.7,1
2024-01-02,PROD0047,WH-EAST,847,171,0,4,136.05,5.0,0
2024-01-03,PROD0047,WH-NORTH,669,298,75,6,153.4,2.2,1
2024-01-04,PROD0047,WH-EAST,887,331,36,3,89.13,2.7,1
2024-01-05,PROD0047,WH-EAST,390,416,286,5,45.47,0.9,1
2024-01-06,PROD0047,WH-SOUTH,468,278,122,3,30.8,1.7,1
2024-01-07,PROD0047,WH-EAST,974,304,0,7,165.68,3.2,0
2024-01-08,PROD0047,WH-NORTH,966,255,0,13,112.23,3.8,0
2024-01-09,PROD0047,WH-NORTH,780,361,101,13,58.24,2.2,1
2024-01-10,PROD0047,WH-NORTH,261,429,342,13,127.16,0.6,1
2024-01-11,PROD0047,WH-NORTH,553,435,251,10,149.41,1.3,1
2024-01-12,PROD0047,WH-SOUTH,806,303,35,12,59.19,2.7,1
2024-01-13,PROD0047,WH-NORTH,734,298,54,11,161.34,2.5,1
2024-01-14,PROD0047,WH-NORTH,626,398,190,4,112.13,1.6,1
2024-01-15,PROD0047,WH-NORTH,397,456,324,6,116.94,0.9,1
2024-01-16,PROD0047,WH-NORTH,554,438,254,8,192.25,1.3,1
2024-01-17,PROD0047,WH-EAST,964,318,0,5,89.29,3.0,0
2024-01-18,PROD0047,WH-EAST,816,378,106,4,148.29,2.2,1
2024-01-19,PROD0047,WH-SOUTH,324,103,0,5,106.76,3.1,0
2024-01-20,PROD0047,WH-EAST,573,311,120,3,93.43,1.8,1
2024-01-21,PROD0047,WH-NORTH,463,409,255,5,47.2,1.1,1
2024-01-22,PROD0047,WH-NORTH,239,289,210,2,20.64,0.8,1
2024-01-23,PROD0047,WH-EAST,1007,351,16,11,147.35,2.9,1
2024-01-24,PROD0047,WH-NORTH,893,355,58,6,152.53,2.5,1
2024-01-25,PROD0047,WH-SOUTH,752,323,73,11,134.3,2.3,1
2024-01-26,PROD0047,WH-SOUTH,525,417,242,6,165.79,1.3,1
2024-01-27,PROD0047,WH-SOUTH,516,384,212,5,163.79,1.3,1
2024-01-28,PROD0047,WH-EAST,784,283,22,3,168.79,2.8,1
2024-01-29,PROD0047,WH-SOUTH,878,377,85,12,128.09,2.3,1
2024-01-30,PROD0047,WH-NORTH,216,304,232,6,138.66,0.7,1
2024-01-31,PROD0047,WH-SOUTH,727,330,88,7,10.79,2.2,1
2024-02-01,PROD0047,WH-NORTH,588,209,13,9,56.08,2.8,1
2024-02-02,PROD0047,WH-EAST,451,349,199,7,85.61,1.3,1
2024-02-03,PROD0047,WH-SOUTH,603,422,221,10,153.17,1.4,1
2024-02-04,PROD0047,WH-EAST,354,339,221,10,150.08,1.0,1
2024-02-05,PROD0047,WH-SOUTH,811,311,41,8,138.35,2.6,1
2024-02-06,PROD0047,WH-NORTH,358,372,253,2,61.34,1.0,1
2024-02-07,PROD0047,WH-EAST,509,423,254,3,68.95,1.2,1
2024-02-08,PROD0047,WH-EAST,598,386,187,4,90.74,1.5,1
2024-02-09,PROD0047,WH-NORTH,980,383,57,3,64.71,2.6,1
2024-02-10,PROD0047,WH-EAST,268,484,395,11,106.81,0.6,1
2024-02-11,PROD0047,WH-NORTH,375,287,162,4,54.93,1.3,1
2024-02-12,PROD0047,WH-SOUTH,636,307,95,6,148.99,2.1,1
2024-02-13,PROD0047,WH-NORTH,990,425,95,13,51.5,2.3,1
2024-02-14,PROD0047,WH-EAST,319,442,336,2,187.16,0.7,1
2024-02-15,PROD0047,WH-SOUTH,315,383,278,10,129.73,0.8,1
2024-02-16,PROD0047,WH-SOUTH,423,281,140,2,182.38,1.5,1
2024-02-17,PROD0047,WH-EAST,579,442,249,10,92.36,1.3,1
2024-02-18,PROD0047,WH-EAST,499,420,254,2,13.86,1.2,1
2024-02-19,PROD0047,WH-EAST,473,313,156,12,170.44,1.5,1
2024-02-20,PROD0047,WH-EAST,453,366,215,13,116.07,1.2,1
2024-02-21,PROD0047,WH-EAST,355,320,202,4,178.55,1.1,1
2024-02-22,PROD0047,WH-NORTH,491,236,73,10,174.74,2.1,1
2024-02-23,PROD0047,WH-NORTH,396,409,277,10,86.0,1.0,1
2024-02-24,PROD0047,WH-SOUTH,275,472,381,4,82.17,0.6,1
2024-02-25,PROD0047,WH-SOUTH,227,305,230,10,91.03,0.7,1
2024-02-26,PROD0047,WH-NORTH,761,582,329,12,159.72,1.3,1
2024-02-27,PROD0047,WH-NORTH,746,300,52,4,165.22,2.5,1
2024-02-28,PROD0047,WH-EAST,328,337,228,5,6.79,1.0,1
2024-02-29,PROD0047,WH-EAST,849,371,88,4,159.89,2.3,1
2024-03-01,PROD0047,WH-EAST,731,338,95,7,177.42,2.2,1
2024-03-02,PROD0047,WH-SOUTH,250,373,290,12,181.48,0.7,1
2024-03-03,PROD0047,WH-NORTH,587,460,265,10,144.25,1.3,1
2024-03-04,PROD0047,WH-NORTH,765,317,62,5,41.79,2.4,1
2024-03-05,PROD0047,WH-SOUTH,516,423,251,5,72.24,1.2,1
2024-03-06,PROD0047,WH-EAST,203,269,202,2,31.64,0.8,1
2024-03-07,PROD0047,WH-SOUTH,849,320,37,2,176.51,2.7,1
2024-03-08,PROD0047,WH-SOUTH,474,409,251,4,29.99,1.2,1
2024-03-09,PROD0047,WH-NORTH,694,394,163,3,159.68,1.8,1
2024-03-10,PROD0047,WH-SOUTH,553,441,257,3,42.71,1.3,1
2024-03-11,PROD0047,WH-NORTH,383,332,205,4,121.94,1.2,1
2024-03-12,PROD0047,WH-NORTH,858,323,37,8,40.29,2.7,1
2024-03-13,PROD0047,WH-EAST,937,251,0,3,169.68,3.7,0
2024-03-14,PROD0047,WH-SOUTH,921,341,34,10,160.76,2.7,1
2024-03-15,PROD0047,WH-SOUTH,518,330,158,3,19.51,1.6,1
2024-03-16,PROD0047,WH-NORTH,788,455,193,12,150.81,1.7,1
2024-03-17,PROD0047,WH-SOUTH,323,255,148,12,82.58,1.3,1
2024-03-18,PROD0047,WH-SOUTH,369,417,294,8,187.15,0.9,1
2024-03-19,PROD0047,WH-EAST,313,484,380,13,21.35,0.6,1
2024-03-20,PROD0047,WH-NORTH,499,276,110,11,22.91,1.8,1
2024-03-21,PROD0047,WH-SOUTH,987,412,83,8,96.19,2.4,1
2024-03-22,PROD0047,WH-SOUTH,746,316,68,5,47.86,2.4,1
2024-03-23,PROD0047,WH-SOUTH,586,436,241,14,138.51,1.3,1
2024-03-24,PROD0047,WH-SOUTH,844,294,13,10,174.9,2.9,1
2024-03-25,PROD0047,WH-SOUTH,824,281,7,6,130.18,2.9,1
2024-03-26,PROD0047,WH-EAST,482,320,160,5,132.71,1.5,1
2024-03-27,PROD0047,WH-SOUTH,505,420,252,5,48.38,1.2,1
2024-03-28,PROD0047,WH-SOUTH,317,392,287,14,25.05,0.8,1
2024-03-29,PROD0047,WH-EAST,405,252,117,11,135.62,1.6,1
2024-03-30,PROD0047,WH-EAST,818,365,93,13,86.57,2.2,1
2024-03-31,PROD0047,WH-NORTH,964,329,8,9,76.01,2.9,1
2024-04-01,PROD0047,WH-SOUTH,583,282,88,9,123.32,2.1,1
2024-04-02,PROD0047,WH-EAST,595,394,196,6,34.72,1.5,1
2024-04-03,PROD0047,WH-EAST,534,368,190,7,136.19,1.5,1
2024-04-04,PROD0047,WH-NORTH,0,272,272,13,10.57,0.0,1
2024-04-05,PROD0047,WH-NORTH,984,474,146,14,114.84,2.1,1
2024-04-06,PROD0047,WH-SOUTH,980,254,0,8,150.96,3.9,0
2024-04-07,PROD0047,WH-EAST,578,371,179,7,119.35,1.6,1
2024-04-08,PROD0047,WH-SOUTH,741,399,152,13,64.45,1.9,1
2024-04-09,PROD0047,WH-NORTH,722,401,161,4,107.82,1.8,1
2024-04-10,PROD0047,WH-NORTH,927,330,21,8,141.22,2.8,1
2024-04-11,PROD0047,WH-SOUTH,909,382,79,3,68.7,2.4,1
2024-04-12,PROD0047,WH-NORTH,362,273,153,5,195.56,1.3,1
2024-04-13,PROD0047,WH-NORTH,919,368,62,13,196.55,2.5,1
2024-04-14,PROD0047,WH-EAST,348,454,338,2,44.91,0.8,1
2024-04-15,PROD0047,WH-EAST,664,396,175,3,112.9,1.7,1
2024-04-16,PROD0047,WH-NORTH,847,344,62,4,77.11,2.5,1
2024-04-17,PROD0047,WH-EAST,192,406,342,10,62.33,0.5,1
2024-04-18,PROD0047,WH-SOUTH,805,306,38,7,87.16,2.6,1
2024-04-19,PROD0047,WH-SOUTH,986,350,22,6,66.96,2.8,1
2024-04-20,PROD0047,WH-SOUTH,290,353,257,5,63.63,0.8,1
2024-04-21,PROD0047,WH-SOUTH,442,300,153,5,43.46,1.5,1
2024-04-22,PROD0047,WH-SOUTH,907,320,18,2,59.18,2.8,1
2024-04-23,PROD0047,WH-NORTH,558,359,173,3,192.49,1.6,1
2024-04-24,PROD0047,WH-NORTH,0,383,383,9,116.93,0.0,1
2024-04-25,PROD0047,WH-NORTH,1017,359,20,14,95.11,2.8,1
2024-04-26,PROD0047,WH-EAST,296,341,243,14,93.0,0.9,1
2024-04-27,PROD0047,WH-SOUTH,1019,274,0,8,123.46,3.7,0
2024-04-28,PROD0047,WH-NORTH,268,306,217,12,86.57,0.9,1
2024-04-29,PROD0047,WH-NORTH,844,421,140,9,66.53,2.0,1
2024-04-30,PROD0047,WH-SOUTH,244,440,359,9,104.33,0.6,1
2024-05-01,PROD0047,WH-EAST,506,285,117,3,89.39,1.8,1
2024-05-02,PROD0047,WH-EAST,761,553,300,9,19.95,1.4,1
2024-05-03,PROD0047,WH-SOUTH,911,225,0,9,71.5,4.0,0
2024-05-04,PROD0047,WH-NORTH,372,294,170,12,187.41,1.3,1
2024-05-05,PROD0047,WH-EAST,564,277,89,11,121.2,2.0,1
2024-05-06,PROD0047,WH-SOUTH,509,374,205,2,53.26,1.4,1
2024-05-07,PROD0047,WH-SOUTH,312,439,335,9,69.85,0.7,1
2024-05-08,PROD0047,WH-SOUTH,888,317,21,10,137.16,2.8,1
2024-05-09,PROD0047,WH-EAST,735,449,204,6,163.28,1.6,1
2024-05-10,PROD0047,WH-NORTH,462,362,208,3,162.47,1.3,1
2024-05-11,PROD0047,WH-NORTH,876,292,0,11,134.85,3.0,0
2024-05-12,PROD0047,WH-SOUTH,651,363,146,9,8.11,1.8,1
2024-05-13,PROD0047,WH-EAST,453,442,291,11,74.2,1.0,1
2024-05-14,PROD0047,WH-NORTH,539,300,121,10,68.89,1.8,1
2024-05-15,PROD0047,WH-SOUTH,376,327,202,6,118.72,1.1,1
2024-05-16,PROD0047,WH-SOUTH,606,542,340,11,7.4,1.1,1
2024-05-17,PROD0047,WH-EAST,844,216,0,8,110.48,3.9,0
2024-05-18,PROD0047,WH-EAST,877,305,13,13,199.17,2.9,1
2024-05-19,PROD0047,WH-SOUTH,698,375,143,9,141.92,1.9,1
2024-05-20,PROD0047,WH-NORTH,534,330,152,10,198.93,1.6,1
2024-05-21,PROD0047,WH-SOUTH,856,352,67,13,197.74,2.4,1
2024-05-22,PROD0047,WH-EAST,793,374,110,8,32.53,2.1,1
2024-05-23,PROD0047,WH-EAST,899,312,13,2,117.01,2.9,1
2024-05-24,PROD0047,WH-SOUTH,362,389,269,14,93.83,0.9,1
2024-05-25,PROD0047,WH-NORTH,334,289,178,4,49.27,1.2,1
2024-05-26,PROD0047,WH-NORTH,945,397,82,11,13.83,2.4,1
2024-05-27,PROD0047,WH-SOUTH,891,525,228,2,20.15,1.7,1
2024-05-28,PROD0047,WH-SOUTH,859,412,126,6,5.02,2.1,1
2024-05-29,PROD0047,WH-NORTH,383,387,260,6,94.38,1.0,1
2024-05-30,PROD0047,WH-NORTH,449,263,114,2,73.66,1.7,1
2024-05-31,PROD0047,WH-SOUTH,792,415,151,12,109.97,1.9,1
2024-06-01,PROD0047,WH-NORTH,681,311,84,2,82.7,2.2,1
2024-06-02,PROD0047,WH-EAST,628,317,108,7,186.17,2.0,1
2024-06-03,PROD0047,WH-NORTH,484,339,178,4,81.27,1.4,1
2024-06-04,PROD0047,WH-SOUTH,281,457,364,11,95.07,0.6,1
2024-06-05,PROD0047,WH-EAST,182,320,260,14,22.95,0.6,1
2024-06-06,PROD0047,WH-SOUTH,929,281,0,11,147.79,3.3,0
2024-06-07,PROD0047,WH-NORTH,446,320,172,7,22.0,1.4,1
2024-06-08,PROD0047,WH-SOUTH,990,317,0,10,169.81,3.1,0
2024-06-09,PROD0047,WH-EAST,807,399,130,2,152.21,2.0,1
2024-06-10,PROD0047,WH-EAST,597,333,134,3,130.57,1.8,1
2024-06-11,PROD0047,WH-EAST,426,319,177,7,12.24,1.3,1
2024-06-12,PROD0047,WH-NORTH,575,424,233,5,38.85,1.4,1
2024-06-13,PROD0047,WH-NORTH,483,356,195,11,95.76,1.4,1
2024-06-14,PROD0047,WH-EAST,546,296,114,11,174.92,1.8,1
2024-06-15,PROD0047,WH-EAST,334,296,185,8,114.29,1.1,1
2024-06-16,PROD0047,WH-EAST,653,252,35,13,189.79,2.6,1
2024-06-17,PROD0047,WH-SOUTH,919,322,16,12,118.62,2.9,1
2024-06-18,PROD0047,WH-EAST,486,202,40,3,147.89,2.4,1
2024-06-19,PROD0047,WH-EAST,594,366,168,8,49.87,1.6,1
2024-06-20,PROD0047,WH-EAST,818,296,24,10,54.13,2.8,1
2024-06-21,PROD0047,WH-NORTH,825,300,25,6,128.31,2.8,1
2024-06-22,PROD0047,WH-EAST,926,270,0,8,162.95,3.4,0
2024-06-23,PROD0047,WH-NORTH,779,284,25,8,86.12,2.7,1
2024-06-24,PROD0047,WH-EAST,196,305,240,7,49.3,0.6,1
2024-06-25,PROD0047,WH-NORTH,558,321,135,8,175.37,1.7,1
2024-06-26,PROD0047,WH-NORTH,288,353,257,14,64.69,0.8,1
2024-06-27,PROD0047,WH-NORTH,789,467,204,12,135.22,1.7,1
2024-06-28,PROD0047,WH-SOUTH,685,390,162,10,157.67,1.8,1
2024-01-01,PROD0048,WH-NORTH,746,223,0,4,60.23,3.3,0
2024-01-02,PROD0048,WH-NORTH,688,227,0,8,112.48,3.0,0
2024-01-03,PROD0048,WH-EAST,585,338,143,6,104.21,1.7,1
2024-01-04,PROD0048,WH-NORTH,392,216,86,12,127.0,1.8,1
2024-01-05,PROD0048,WH-NORTH,161,271,218,7,20.97,0.6,1
2024-01-06,PROD0048,WH-SOUTH,156,239,187,8,159.09,0.7,1
2024-01-07,PROD0048,WH-NORTH,370,210,87,6,110.53,1.8,1
2024-01-08,PROD0048,WH-SOUTH,714,280,42,6,66.46,2.5,1
2024-01-09,PROD0048,WH-EAST,271,249,159,13,182.68,1.1,1
2024-01-10,PROD0048,WH-NORTH,0,124,124,10,192.56,0.0,1
2024-01-11,PROD0048,WH-EAST,704,353,119,8,182.32,2.0,1
2024-01-12,PROD0048,WH-NORTH,721,279,39,13,103.99,2.6,1
2024-01-13,PROD0048,WH-NORTH,597,210,11,4,111.07,2.8,1
2024-01-14,PROD0048,WH-NORTH,324,294,186,4,48.7,1.1,1
2024-01-15,PROD0048,WH-EAST,706,317,82,10,130.51,2.2,1
2024-01-16,PROD0048,WH-SOUTH,555,234,49,13,179.22,2.4,1
2024-01-17,PROD0048,WH-SOUTH,152,330,280,14,166.44,0.5,1
2024-01-18,PROD0048,WH-SOUTH,388,342,213,13,187.31,1.1,1
2024-01-19,PROD0048,WH-NORTH,194,269,205,2,166.15,0.7,1
2024-01-20,PROD0048,WH-EAST,202,282,215,4,166.64,0.7,1
2024-01-21,PROD0048,WH-EAST,254,260,176,7,77.39,1.0,1
2024-01-22,PROD0048,WH-NORTH,521,242,69,12,141.92,2.2,1
2024-01-23,PROD0048,WH-EAST,283,279,185,12,93.82,1.0,1
2024-01-24,PROD0048,WH-NORTH,446,254,106,6,124.27,1.8,1
2024-01-25,PROD0048,WH-SOUTH,0,133,133,8,17.97,0.0,1
2024-01-26,PROD0048,WH-EAST,549,300,117,7,183.49,1.8,1
2024-01-27,PROD0048,WH-EAST,370,323,200,2,90.9,1.1,1
2024-01-28,PROD0048,WH-SOUTH,726,214,0,6,93.63,3.4,0
2024-01-29,PROD0048,WH-NORTH,569,250,61,13,191.47,2.3,1
2024-01-30,PROD0048,WH-SOUTH,780,269,9,13,176.27,2.9,1
2024-01-31,PROD0048,WH-SOUTH,135,254,209,2,25.33,0.5,1
2024-02-01,PROD0048,WH-SOUTH,544,261,80,3,83.09,2.1,1
2024-02-02,PROD0048,WH-SOUTH,713,267,30,3,169.74,2.7,1
2024-02-03,PROD0048,WH-SOUTH,663,352,131,2,44.46,1.9,1
2024-02-04,PROD0048,WH-NORTH,0,234,234,9,131.39,0.0,1
2024-02-05,PROD0048,WH-SOUTH,524,205,31,2,37.07,2.6,1
2024-02-06,PROD0048,WH-NORTH,743,253,6,4,139.27,2.9,1
2024-02-07,PROD0048,WH-EAST,344,271,157,9,120.21,1.3,1
2024-02-08,PROD0048,WH-EAST,650,359,143,11,23.4,1.8,1
2024-02-09,PROD0048,WH-SOUTH,653,312,95,11,177.47,2.1,1
2024-02-10,PROD0048,WH-NORTH,447,281,132,4,197.84,1.6,1
2024-02-11,PROD0048,WH-EAST,218,198,126,5,137.39,1.1,1
2024-02-12,PROD0048,WH-NORTH,153,245,194,9,14.12,0.6,1
2024-02-13,PROD0048,WH-EAST,139,222,176,3,78.23,0.6,1
2024-02-14,PROD0048,WH-SOUTH,378,276,150,3,172.62,1.4,1
2024-02-15,PROD0048,WH-EAST,752,262,12,7,86.84,2.9,1
2024-02-16,PROD0048,WH-EAST,470,297,141,4,98.84,1.6,1
2024-02-17,PROD0048,WH-SOUTH,448,283,134,8,40.59,1.6,1
2024-02-18,PROD0048,WH-SOUTH,349,399,283,11,105.91,0.9,1
2024-02-19,PROD0048,WH-EAST,217,180,108,7,11.09,1.2,1
2024-02-20,PROD0048,WH-NORTH,449,304,155,8,6.54,1.5,1
2024-02-21,PROD0048,WH-EAST,244,267,186,3,120.89,0.9,1
2024-02-22,PROD0048,WH-EAST,528,310,134,8,31.99,1.7,1
2024-02-23,PROD0048,WH-EAST,447,341,192,2,31.89,1.3,1
2024-02-24,PROD0048,WH-EAST,457,247,95,14,174.42,1.9,1
2024-02-25,PROD0048,WH-NORTH,485,192,31,14,42.23,2.5,1
2024-02-26,PROD0048,WH-SOUTH,780,221,0,11,124.17,3.5,0
2024-02-27,PROD0048,WH-EAST,172,270,213,7,172.98,0.6,1
2024-02-28,PROD0048,WH-SOUTH,261,235,148,11,78.58,1.1,1
2024-02-29,PROD0048,WH-NORTH,334,248,137,13,122.6,1.3,1
2024-03-01,PROD0048,WH-NORTH,430,313,170,12,133.88,1.4,1
2024-03-02,PROD0048,WH-NORTH,565,299,111,12,186.06,1.9,1
2024-03-03,PROD0048,WH-SOUTH,242,228,148,5,117.53,1.1,1
2024-03-04,PROD0048,WH-NORTH,258,234,148,13,155.73,1.1,1
2024-03-05,PROD0048,WH-NORTH,378,270,144,6,130.33,1.4,1
2024-03-06,PROD0048,WH-NORTH,616,222,17,12,192.05,2.8,1
2024-03-07,PROD0048,WH-EAST,355,282,164,9,191.55,1.3,1
2024-03-08,PROD0048,WH-NORTH,268,221,132,8,7.22,1.2,1
2024-03-09,PROD0048,WH-EAST,694,132,0,2,127.96,5.3,0
2024-03-10,PROD0048,WH-NORTH,156,309,257,9,66.64,0.5,1
2024-03-11,PROD0048,WH-NORTH,553,273,89,8,50.71,2.0,1
2024-03-12,PROD0048,WH-NORTH,349,256,140,13,149.77,1.4,1
2024-03-13,PROD0048,WH-NORTH,631,353,143,4,198.37,1.8,1
2024-03-14,PROD0048,WH-EAST,544,169,0,7,95.17,3.2,0
2024-03-15,PROD0048,WH-SOUTH,375,194,69,13,115.83,1.9,1
2024-03-16,PROD0048,WH-SOUTH,492,301,137,8,20.53,1.6,1
2024-03-17,PROD0048,WH-NORTH,394,283,152,4,100.96,1.4,1
2024-03-18,PROD0048,WH-NORTH,765,295,40,10,67.38,2.6,1
2024-03-19,PROD0048,WH-SOUTH,289,290,194,11,189.9,1.0,1
2024-03-20,PROD0048,WH-NORTH,588,179,0,3,40.27,3.3,0
2024-03-21,PROD0048,WH-EAST,659,317,98,14,105.96,2.1,1
2024-03-22,PROD0048,WH-SOUTH,380,314,188,3,149.71,1.2,1
2024-03-23,PROD0048,WH-NORTH,183,244,183,6,163.75,0.8,1
2024-03-24,PROD0048,WH-NORTH,509,239,70,11,153.01,2.1,1
2024-03-25,PROD0048,WH-SOUTH,156,274,222,12,72.74,0.6,1
2024-03-26,PROD0048,WH-NORTH,500,234,68,2,117.43,2.1,1
2024-03-27,PROD0048,WH-EAST,308,259,157,3,112.92,1.2,1
2024-03-28,PROD0048,WH-NORTH,513,309,138,8,137.25,1.7,1
2024-03-29,PROD0048,WH-EAST,629,245,36,3,56.89,2.6,1
2024-03-30,PROD0048,WH-NORTH,492,264,100,3,38.42,1.9,1
2024-03-31,PROD0048,WH-NORTH,149,247,198,10,142.42,0.6,1
2024-04-01,PROD0048,WH-NORTH,769,248,0,12,198.36,3.1,0
2024-04-02,PROD0048,WH-SOUTH,353,229,112,8,119.57,1.5,1
2024-04-03,PROD0048,WH-SOUTH,152,238,188,10,166.6,0.6,1
2024-04-04,PROD0048,WH-SOUTH,232,295,218,2,180.49,0.8,1
2024-04-05,PROD0048,WH-SOUTH,342,245,131,9,11.55,1.4,1
2024-04-06,PROD0048,WH-EAST,590,315,119,11,169.82,1.9,1
2024-04-07,PROD0048,WH-EAST,493,323,159,14,74.57,1.5,1
2024-04-08,PROD0048,WH-EAST,489,220,57,3,84.06,2.2,1
2024-04-09,PROD0048,WH-NORTH,770,280,24,6,61.58,2.8,1
2024-04-10,PROD0048,WH-SOUTH,382,201,74,2,72.57,1.9,1
2024-04-11,PROD0048,WH-EAST,554,228,44,13,104.49,2.4,1
2024-04-12,PROD0048,WH-NORTH,0,307,307,10,45.36,0.0,1
2024-04-13,PROD0048,WH-NORTH,667,233,11,2,121.78,2.9,1
2024-04-14,PROD0048,WH-EAST,174,234,176,6,35.47,0.7,1
2024-04-15,PROD0048,WH-NORTH,329,321,212,5,136.34,1.0,1
2024-04-16,PROD0048,WH-EAST,758,296,44,9,61.16,2.6,1
2024-04-17,PROD0048,WH-EAST,307,249,147,2,29.03,1.2,1
2024-04-18,PROD0048,WH-EAST,676,215,0,6,116.02,3.1,0
2024-04-19,PROD0048,WH-NORTH,554,278,94,13,133.66,2.0,1
2024-04-20,PROD0048,WH-EAST,513,237,66,14,16.56,2.2,1
2024-04-21,PROD0048,WH-EAST,325,304,196,5,31.2,1.1,1
2024-04-22,PROD0048,WH-EAST,203,228,161,11,197.94,0.9,1
2024-04-23,PROD0048,WH-NORTH,0,229,229,13,104.89,0.0,1
2024-04-24,PROD0048,WH-NORTH,437,266,121,11,163.78,1.6,1
2024-04-25,PROD0048,WH-EAST,349,162,46,2,199.72,2.2,1
2024-04-26,PROD0048,WH-NORTH,417,262,123,6,105.68,1.6,1
2024-04-27,PROD0048,WH-EAST,152,408,358,8,164.44,0.4,1
2024-04-28,PROD0048,WH-NORTH,0,255,255,12,6.48,0.0,1
2024-04-29,PROD0048,WH-SOUTH,360,237,117,5,102.2,1.5,1
2024-04-30,PROD0048,WH-EAST,528,237,61,14,170.47,2.2,1
2024-05-01,PROD0048,WH-EAST,756,113,0,6,57.98,6.7,0
2024-05-02,PROD0048,WH-EAST,336,394,282,5,86.89,0.9,1
2024-05-03,PROD0048,WH-EAST,692,360,130,10,104.78,1.9,1
2024-05-04,PROD0048,WH-SOUTH,447,201,52,10,197.25,2.2,1
2024-05-05,PROD0048,WH-SOUTH,690,279,49,8,163.54,2.5,1
2024-05-06,PROD0048,WH-EAST,771,311,54,7,185.94,2.5,1
2024-05-07,PROD0048,WH-NORTH,635,236,25,8,179.17,2.7,1
2024-05-08,PROD0048,WH-SOUTH,355,299,181,13,121.48,1.2,1
2024-05-09,PROD0048,WH-NORTH,479,226,67,3,178.99,2.1,1
2024-05-10,PROD0048,WH-SOUTH,596,296,98,8,172.84,2.0,1
2024-05-11,PROD0048,WH-EAST,213,206,135,5,178.63,1.0,1
2024-05-12,PROD0048,WH-EAST,548,202,20,7,116.8,2.7,1
2024-05-13,PROD0048,WH-SOUTH,542,231,51,8,169.94,2.3,1
2024-05-14,PROD0048,WH-NORTH,163,311,257,4,92.44,0.5,1
2024-05-15,PROD0048,WH-SOUTH,288,277,181,14,69.7,1.0,1
2024-05-16,PROD0048,WH-SOUTH,177,155,96,7,114.39,1.1,1
2024-05-17,PROD0048,WH-NORTH,708,195,0,6,190.66,3.6,0
2024-05-18,PROD0048,WH-NORTH,162,276,222,3,122.38,0.6,1
2024-05-19,PROD0048,WH-SOUTH,319,279,173,11,159.02,1.1,1
2024-05-20,PROD0048,WH-SOUTH,420,254,114,6,169.33,1.7,1
2024-05-21,PROD0048,WH-NORTH,666,231,9,7,12.52,2.9,1
2024-05-22,PROD0048,WH-SOUTH,199,213,147,5,78.59,0.9,1
2024-05-23,PROD0048,WH-EAST,724,265,24,3,139.47,2.7,1
2024-05-24,PROD0048,WH-EAST,604,184,0,9,21.17,3.3,0
2024-05-25,PROD0048,WH-SOUTH,685,314,86,9,122.33,2.2,1
2024-05-26,PROD0048,WH-NORTH,736,272,27,4,113.53,2.7,1
2024-05-27,PROD0048,WH-EAST,763,168,0,9,107.24,4.5,0
2024-05-28,PROD0048,WH-SOUTH,656,203,0,14,105.25,3.2,0
2024-05-29,PROD0048,WH-NORTH,550,318,135,6,72.28,1.7,1
2024-05-30,PROD0048,WH-SOUTH,244,222,141,14,125.1,1.1,1
2024-05-31,PROD0048,WH-SOUTH,616,164,0,3,80.72,3.8,0
2024-06-01,PROD0048,WH-NORTH,293,196,99,3,103.2,1.5,1
2024-06-02,PROD0048,WH-NORTH,195,362,297,7,72.81,0.5,1
2024-06-03,PROD0048,WH-SOUTH,243,241,160,7,143.46,1.0,1
2024-06-04,PROD0048,WH-EAST,173,315,258,13,47.65,0.5,1
2024-06-05,PROD0048,WH-SOUTH,460,329,176,14,124.83,1.4,1
2024-06-06,PROD0048,WH-EAST,436,131,0,13,57.94,3.3,0
2024-06-07,PROD0048,WH-SOUTH,359,226,107,11,91.49,1.6,1
2024-06-08,PROD0048,WH-SOUTH,464,250,96,8,29.49,1.9,1
2024-06-09,PROD0048,WH-SOUTH,589,200,4,9,37.26,2.9,1
2024-06-10,PROD0048,WH-NORTH,772,268,11,13,96.25,2.9,1
2024-06-11,PROD0048,WH-SOUTH,505,228,60,3,15.86,2.2,1
2024-06-12,PROD0048,WH-SOUTH,267,249,160,3,186.71,1.1,1
2024-06-13,PROD0048,WH-SOUTH,488,235,73,6,96.81,2.1,1
2024-06-14,PROD0048,WH-SOUTH,477,196,37,10,99.88,2.4,1
2024-06-15,PROD0048,WH-EAST,485,280,119,4,57.65,1.7,1
2024-06-16,PROD0048,WH-SOUTH,545,216,35,3,174.33,2.5,1
2024-06-17,PROD0048,WH-EAST,278,230,138,12,96.46,1.2,1
2024-06-18,PROD0048,WH-EAST,215,350,279,3,74.84,0.6,1
2024-06-19,PROD0048,WH-NORTH,739,310,64,8,129.77,2.4,1
2024-06-20,PROD0048,WH-SOUTH,676,261,36,13,27.98,2.6,1
2024-06-21,PROD0048,WH-EAST,385,234,106,6,71.37,1.6,1
2024-06-22,PROD0048,WH-NORTH,354,222,104,5,153.31,1.6,1
2024-06-23,PROD0048,WH-EAST,461,177,24,10,170.23,2.6,1
2024-06-24,PROD0048,WH-NORTH,675,261,36,13,68.64,2.6,1
2024-06-25,PROD0048,WH-SOUTH,568,189,0,10,149.6,3.0,0
2024-06-26,PROD0048,WH-SOUTH,166,231,176,9,173.32,0.7,1
2024-06-27,PROD0048,WH-NORTH,174,389,331,4,50.94,0.4,1
2024-06-28,PROD0048,WH-EAST,757,191,0,12,193.12,4.0,0
2024-01-01,PROD0049,WH-SOUTH,619,292,86,10,125.33,2.1,1
2024-01-02,PROD0049,WH-NORTH,361,266,146,6,140.23,1.4,1
2024-01-03,PROD0049,WH-SOUTH,885,306,11,13,96.02,2.9,1
2024-01-04,PROD0049,WH-SOUTH,705,283,48,5,199.42,2.5,1
2024-01-05,PROD0049,WH-EAST,229,340,264,10,137.92,0.7,1
2024-01-06,PROD0049,WH-SOUTH,307,363,261,3,157.44,0.8,1
2024-01-07,PROD0049,WH-EAST,637,273,61,7,32.44,2.3,1
2024-01-08,PROD0049,WH-NORTH,795,225,0,2,195.13,3.5,0
2024-01-09,PROD0049,WH-SOUTH,887,306,11,14,30.33,2.9,1
2024-01-10,PROD0049,WH-SOUTH,233,350,273,7,174.08,0.7,1
2024-01-11,PROD0049,WH-EAST,791,247,0,6,105.11,3.2,0
2024-01-12,PROD0049,WH-NORTH,724,205,0,7,50.39,3.5,0
2024-01-13,PROD0049,WH-EAST,770,259,3,6,84.44,3.0,1
2024-01-14,PROD0049,WH-EAST,701,192,0,5,91.36,3.7,0
2024-01-15,PROD0049,WH-SOUTH,190,224,161,9,199.81,0.8,1
2024-01-16,PROD0049,WH-NORTH,791,408,145,10,52.16,1.9,1
2024-01-17,PROD0049,WH-NORTH,783,251,0,4,119.9,3.1,0
2024-01-18,PROD0049,WH-SOUTH,644,225,11,4,99.68,2.9,1
2024-01-19,PROD0049,WH-EAST,895,331,33,11,85.47,2.7,1
2024-01-20,PROD0049,WH-NORTH,863,276,0,5,100.23,3.1,0
2024-01-21,PROD0049,WH-EAST,459,331,178,13,53.59,1.4,1
2024-01-22,PROD0049,WH-NORTH,479,324,165,12,44.72,1.5,1
2024-01-23,PROD0049,WH-EAST,524,415,241,6,176.06,1.3,1
2024-01-24,PROD0049,WH-EAST,298,324,225,13,156.98,0.9,1
2024-01-25,PROD0049,WH-EAST,352,269,152,6,141.8,1.3,1
2024-01-26,PROD0049,WH-EAST,634,241,30,12,131.89,2.6,1
2024-01-27,PROD0049,WH-EAST,468,287,131,10,181.11,1.6,1
2024-01-28,PROD0049,WH-NORTH,545,318,137,13,125.56,1.7,1
2024-01-29,PROD0049,WH-EAST,537,281,102,4,65.7,1.9,1
2024-01-30,PROD0049,WH-NORTH,600,383,183,7,171.1,1.6,1
2024-01-31,PROD0049,WH-NORTH,699,279,46,14,185.82,2.5,1
2024-02-01,PROD0049,WH-EAST,541,274,94,7,131.32,2.0,1
2024-02-02,PROD0049,WH-NORTH,541,355,175,12,61.3,1.5,1
2024-02-03,PROD0049,WH-EAST,0,331,331,14,168.45,0.0,1
2024-02-04,PROD0049,WH-NORTH,343,338,224,11,109.36,1.0,1
2024-02-05,PROD0049,WH-EAST,234,309,231,7,199.42,0.8,1
2024-02-06,PROD0049,WH-EAST,468,348,192,2,119.56,1.3,1
2024-02-07,PROD0049,WH-SOUTH,535,311,133,11,181.27,1.7,1
2024-02-08,PROD0049,WH-SOUTH,436,411,266,9,5.42,1.1,1
2024-02-09,PROD0049,WH-SOUTH,504,406,238,5,196.84,1.2,1
2024-02-10,PROD0049,WH-EAST,590,273,77,13,146.87,2.2,1
2024-02-11,PROD0049,WH-SOUTH,681,297,70,6,28.53,2.3,1
2024-02-12,PROD0049,WH-SOUTH,610,411,208,12,5.86,1.5,1
2024-02-13,PROD0049,WH-EAST,165,206,151,2,176.69,0.8,1
2024-02-14,PROD0049,WH-NORTH,293,266,169,2,91.76,1.1,1
2024-02-15,PROD0049,WH-NORTH,859,187,0,4,5.8,4.6,0
2024-02-16,PROD0049,WH-EAST,225,372,297,14,128.09,0.6,1
2024-02-17,PROD0049,WH-SOUTH,277,334,242,4,114.26,0.8,1
2024-02-18,PROD0049,WH-NORTH,425,373,232,14,30.27,1.1,1
2024-02-19,PROD0049,WH-NORTH,749,243,0,10,131.98,3.1,0
2024-02-20,PROD0049,WH-EAST,340,267,154,13,70.73,1.3,1
2024-02-21,PROD0049,WH-SOUTH,647,256,41,9,125.28,2.5,1
2024-02-22,PROD0049,WH-NORTH,694,210,0,5,167.74,3.3,0
2024-02-23,PROD0049,WH-NORTH,551,260,77,2,15.69,2.1,1
2024-02-24,PROD0049,WH-EAST,167,363,308,5,75.04,0.5,1
2024-02-25,PROD0049,WH-NORTH,753,337,86,9,86.7,2.2,1
2024-02-26,PROD0049,WH-EAST,273,345,254,5,149.41,0.8,1
2024-02-27,PROD0049,WH-SOUTH,237,297,218,2,114.87,0.8,1
2024-02-28,PROD0049,WH-NORTH,609,322,119,8,167.6,1.9,1
2024-02-29,PROD0049,WH-NORTH,419,219,80,3,132.86,1.9,1
2024-03-01,PROD0049,WH-EAST,683,425,198,3,33.25,1.6,1
2024-03-02,PROD0049,WH-SOUTH,640,218,5,6,31.19,2.9,1
2024-03-03,PROD0049,WH-SOUTH,608,246,44,9,85.51,2.5,1
2024-03-04,PROD0049,WH-SOUTH,790,335,72,10,155.0,2.4,1
2024-03-05,PROD0049,WH-EAST,267,322,233,5,138.75,0.8,1
2024-03-06,PROD0049,WH-NORTH,171,262,205,12,29.86,0.7,1
2024-03-07,PROD0049,WH-NORTH,713,365,128,8,134.64,2.0,1
2024-03-08,PROD0049,WH-NORTH,644,327,113,4,153.82,2.0,1
2024-03-09,PROD0049,WH-NORTH,216,171,99,9,189.17,1.3,1
2024-03-10,PROD0049,WH-EAST,780,339,79,10,14.28,2.3,1
2024-03-11,PROD0049,WH-EAST,277,298,206,5,145.65,0.9,1
2024-03-12,PROD0049,WH-SOUTH,353,267,150,3,132.83,1.3,1
2024-03-13,PROD0049,WH-NORTH,0,367,367,10,55.5,0.0,1
2024-03-14,PROD0049,WH-NORTH,715,287,49,5,166.72,2.5,1
2024-03-15,PROD0049,WH-NORTH,721,232,0,3,73.7,3.1,0
2024-03-16,PROD0049,WH-EAST,719,284,45,13,149.68,2.5,1
2024-03-17,PROD0049,WH-EAST,428,274,132,4,47.87,1.6,1
2024-03-18,PROD0049,WH-NORTH,692,282,52,3,19.61,2.5,1
2024-03-19,PROD0049,WH-NORTH,732,412,168,3,101.5,1.8,1
2024-03-20,PROD0049,WH-EAST,836,383,105,3,144.1,2.2,1
2024-03-21,PROD0049,WH-EAST,0,410,410,12,25.59,0.0,1
2024-03-22,PROD0049,WH-NORTH,501,357,190,9,179.81,1.4,1
2024-03-23,PROD0049,WH-NORTH,437,235,90,4,47.37,1.9,1
2024-03-24,PROD0049,WH-NORTH,484,317,156,2,34.89,1.5,1
2024-03-25,PROD0049,WH-NORTH,231,291,214,8,83.74,0.8,1
2024-03-26,PROD0049,WH-EAST,843,336,55,11,61.09,2.5,1
2024-03-27,PROD0049,WH-EAST,339,362,249,8,62.95,0.9,1
2024-03-28,PROD0049,WH-NORTH,248,352,270,7,120.06,0.7,1
2024-03-29,PROD0049,WH-NORTH,538,294,115,10,34.56,1.8,1
2024-03-30,PROD0049,WH-EAST,530,318,142,6,151.39,1.7,1
2024-03-31,PROD0049,WH-NORTH,641,373,160,5,66.71,1.7,1
2024-04-01,PROD0049,WH-SOUTH,218,322,250,12,169.57,0.7,1
2024-04-02,PROD0049,WH-EAST,514,246,75,9,131.7,2.1,1
2024-04-03,PROD0049,WH-NORTH,651,361,144,11,170.73,1.8,1
2024-04-04,PROD0049,WH-SOUTH,649,322,106,2,99.33,2.0,1
2024-04-05,PROD0049,WH-NORTH,312,208,104,5,43.06,1.5,1
2024-04-06,PROD0049,WH-NORTH,573,386,195,12,192.59,1.5,1
2024-04-07,PROD0049,WH-EAST,417,384,245,6,123.08,1.1,1
2024-04-08,PROD0049,WH-SOUTH,875,303,12,2,47.52,2.9,1
2024-04-09,PROD0049,WH-NORTH,299,270,171,7,156.53,1.1,1
2024-04-10,PROD0049,WH-NORTH,435,322,177,9,120.36,1.4,1
2024-04-11,PROD0049,WH-SOUTH,660,336,116,12,84.94,2.0,1
2024-04-12,PROD0049,WH-EAST,388,279,150,4,195.7,1.4,1
2024-04-13,PROD0049,WH-NORTH,458,159,7,11,184.1,2.9,1
2024-04-14,PROD0049,WH-SOUTH,912,336,32,12,131.46,2.7,1
2024-04-15,PROD0049,WH-NORTH,730,222,0,8,174.99,3.3,0
2024-04-16,PROD0049,WH-SOUTH,648,361,145,6,108.42,1.8,1
2024-04-17,PROD0049,WH-SOUTH,750,259,9,2,158.62,2.9,1
2024-04-18,PROD0049,WH-EAST,823,269,0,3,105.07,3.1,0
2024-04-19,PROD0049,WH-NORTH,793,399,135,6,106.1,2.0,1
2024-04-20,PROD0049,WH-NORTH,436,242,97,10,90.45,1.8,1
2024-04-21,PROD0049,WH-SOUTH,654,265,47,2,84.51,2.5,1
2024-04-22,PROD0049,WH-EAST,180,281,221,10,39.74,0.6,1
2024-04-23,PROD0049,WH-NORTH,765,224,0,11,177.85,3.4,0
2024-04-24,PROD0049,WH-NORTH,558,320,134,12,157.78,1.7,1
2024-04-25,PROD0049,WH-NORTH,216,268,196,12,40.38,0.8,1
2024-04-26,PROD0049,WH-NORTH,619,150,0,13,152.71,4.1,0
2024-04-27,PROD0049,WH-NORTH,606,385,183,13,178.31,1.6,1
2024-04-28,PROD0049,WH-NORTH,420,303,163,4,98.45,1.4,1
2024-04-29,PROD0049,WH-NORTH,424,275,134,5,184.28,1.5,1
2024-04-30,PROD0049,WH-EAST,222,242,168,12,197.86,0.9,1
2024-05-01,PROD0049,WH-EAST,682,266,39,7,142.96,2.6,1
2024-05-02,PROD0049,WH-NORTH,158,340,288,6,153.11,0.5,1
2024-05-03,PROD0049,WH-NORTH,487,271,109,2,26.0,1.8,1
2024-05-04,PROD0049,WH-SOUTH,667,258,36,7,75.38,2.6,1
2024-05-05,PROD0049,WH-NORTH,468,303,147,9,116.18,1.5,1
2024-05-06,PROD0049,WH-NORTH,362,446,326,3,166.61,0.8,1
2024-05-07,PROD0049,WH-NORTH,699,276,43,8,19.82,2.5,1
2024-05-08,PROD0049,WH-SOUTH,163,267,213,14,39.87,0.6,1
2024-05-09,PROD0049,WH-SOUTH,906,323,21,7,179.16,2.8,1
2024-05-10,PROD0049,WH-EAST,672,295,71,9,38.55,2.3,1
2024-05-11,PROD0049,WH-EAST,387,333,204,6,24.47,1.2,1
2024-05-12,PROD0049,WH-NORTH,497,322,157,5,14.83,1.5,1
2024-05-13,PROD0049,WH-EAST,258,287,201,6,58.63,0.9,1
2024-05-14,PROD0049,WH-SOUTH,444,290,142,3,95.67,1.5,1
2024-05-15,PROD0049,WH-EAST,369,311,188,4,44.44,1.2,1
2024-05-16,PROD0049,WH-SOUTH,618,337,131,10,54.27,1.8,1
2024-05-17,PROD0049,WH-EAST,758,214,0,8,141.63,3.5,0
2024-05-18,PROD0049,WH-SOUTH,753,389,138,12,34.91,1.9,1
2024-05-19,PROD0049,WH-NORTH,365,437,316,13,77.13,0.8,1
2024-05-20,PROD0049,WH-EAST,638,280,68,3,73.22,2.3,1
2024-05-21,PROD0049,WH-EAST,821,513,240,12,136.97,1.6,1
2024-05-22,PROD0049,WH-SOUTH,635,269,58,8,127.6,2.4,1
2024-05-23,PROD0049,WH-EAST,566,256,68,10,84.26,2.2,1
2024-05-24,PROD0049,WH-NORTH,396,254,122,4,26.85,1.6,1
2024-05-25,PROD0049,WH-NORTH,592,425,228,9,75.08,1.4,1
2024-05-26,PROD0049,WH-NORTH,884,300,6,8,182.2,2.9,1
2024-05-27,PROD0049,WH-EAST,451,301,151,7,47.49,1.5,1
2024-05-28,PROD0049,WH-EAST,805,342,74,4,61.75,2.4,1
2024-05-29,PROD0049,WH-EAST,612,233,29,14,27.8,2.6,1
2024-05-30,PROD0049,WH-SOUTH,282,245,151,13,60.93,1.2,1
2024-05-31,PROD0049,WH-EAST,632,261,51,11,143.96,2.4,1
2024-06-01,PROD0049,WH-EAST,914,318,14,14,41.12,2.9,1
2024-06-02,PROD0049,WH-EAST,611,275,72,14,116.72,2.2,1
2024-06-03,PROD0049,WH-NORTH,885,225,0,9,53.98,3.9,0
2024-06-04,PROD0049,WH-SOUTH,618,294,88,9,47.05,2.1,1
2024-06-05,PROD0049,WH-NORTH,589,351,155,4,26.39,1.7,1
2024-06-06,PROD0049,WH-NORTH,295,247,149,2,19.1,1.2,1
2024-06-07,PROD0049,WH-NORTH,257,351,266,10,31.7,0.7,1
2024-06-08,PROD0049,WH-SOUTH,163,387,333,8,150.9,0.4,1
2024-06-09,PROD0049,WH-SOUTH,414,284,146,2,198.93,1.5,1
2024-06-10,PROD0049,WH-EAST,782,307,47,4,54.22,2.5,1
2024-06-11,PROD0049,WH-SOUTH,235,256,178,9,44.94,0.9,1
2024-06-12,PROD0049,WH-SOUTH,678,370,144,2,82.16,1.8,1
2024-06-13,PROD0049,WH-SOUTH,790,249,0,8,154.14,3.2,0
2024-06-14,PROD0049,WH-EAST,745,326,78,11,78.85,2.3,1
2024-06-15,PROD0049,WH-NORTH,313,322,218,11,113.31,1.0,1
2024-06-16,PROD0049,WH-EAST,838,251,0,12,123.72,3.3,0
2024-06-17,PROD0049,WH-EAST,498,242,76,7,35.04,2.1,1
2024-06-18,PROD0049,WH-EAST,381,317,190,6,154.84,1.2,1
2024-06-19,PROD0049,WH-SOUTH,153,366,315,13,58.65,0.4,1
2024-06-20,PROD0049,WH-SOUTH,297,356,257,14,164.91,0.8,1
2024-06-21,PROD0049,WH-EAST,597,203,4,2,185.06,2.9,1
2024-06-22,PROD0049,WH-EAST,471,369,212,11,27.32,1.3,1
2024-06-23,PROD0049,WH-SOUTH,842,367,87,3,107.47,2.3,1
2024-06-24,PROD0049,WH-EAST,614,277,73,13,55.71,2.2,1
2024-06-25,PROD0049,WH-SOUTH,509,353,184,12,122.65,1.4,1
2024-06-26,PROD0049,WH-EAST,336,285,173,7,67.58,1.2,1
2024-06-27,PROD0049,WH-EAST,191,275,212,6,132.67,0.7,1
2024-06-28,PROD0049,WH-EAST,279,223,130,4,139.08,1.3,1
2024-01-01,PROD0050,WH-SOUTH,303,450,349,8,30.31,0.7,1
2024-01-02,PROD0050,WH-EAST,677,248,23,6,38.93,2.7,1
2024-01-03,PROD0050,WH-EAST,189,340,277,14,13.52,0.6,1
2024-01-04,PROD0050,WH-NORTH,626,433,225,9,72.95,1.4,1
2024-01-05,PROD0050,WH-SOUTH,989,265,0,11,119.58,3.7,0
2024-01-06,PROD0050,WH-EAST,766,253,0,10,161.32,3.0,0
2024-01-07,PROD0050,WH-EAST,635,343,132,12,140.37,1.9,1
2024-01-08,PROD0050,WH-SOUTH,665,375,154,14,34.25,1.8,1
2024-01-09,PROD0050,WH-SOUTH,562,378,191,14,9.83,1.5,1
2024-01-10,PROD0050,WH-SOUTH,251,421,338,14,152.31,0.6,1
2024-01-11,PROD0050,WH-SOUTH,224,306,232,12,98.14,0.7,1
2024-01-12,PROD0050,WH-EAST,744,394,146,12,183.96,1.9,1
2024-01-13,PROD0050,WH-NORTH,321,374,267,10,80.62,0.9,1
2024-01-14,PROD0050,WH-NORTH,195,346,281,3,144.26,0.6,1
2024-01-15,PROD0050,WH-NORTH,220,399,326,13,107.91,0.6,1
2024-01-16,PROD0050,WH-SOUTH,936,335,23,8,132.01,2.8,1
2024-01-17,PROD0050,WH-SOUTH,750,365,115,3,113.07,2.1,1
2024-01-18,PROD0050,WH-NORTH,353,344,227,6,125.25,1.0,1
2024-01-19,PROD0050,WH-SOUTH,188,479,417,5,193.64,0.4,1
2024-01-20,PROD0050,WH-NORTH,654,343,125,14,186.68,1.9,1
2024-01-21,PROD0050,WH-SOUTH,1007,315,0,13,101.02,3.2,0
2024-01-22,PROD0050,WH-SOUTH,1028,313,0,13,167.17,3.3,0
2024-01-23,PROD0050,WH-NORTH,695,312,81,4,54.35,2.2,1
2024-01-24,PROD0050,WH-SOUTH,660,459,239,11,131.79,1.4,1
2024-01-25,PROD0050,WH-EAST,0,289,289,10,72.21,0.0,1
2024-01-26,PROD0050,WH-SOUTH,608,312,110,14,165.27,1.9,1
2024-01-27,PROD0050,WH-EAST,380,335,209,5,136.58,1.1,1
2024-01-28,PROD0050,WH-NORTH,895,390,92,11,162.57,2.3,1
2024-01-29,PROD0050,WH-NORTH,802,341,74,12,34.14,2.4,1
2024-01-30,PROD0050,WH-EAST,282,361,267,13,156.03,0.8,1
2024-01-31,PROD0050,WH-NORTH,1017,337,0,8,131.82,3.0,0
2024-02-01,PROD0050,WH-SOUTH,1038,184,0,6,14.08,5.6,0
2024-02-02,PROD0050,WH-NORTH,884,431,137,14,133.08,2.1,1
2024-02-03,PROD0050,WH-NORTH,470,191,35,14,199.15,2.5,1
2024-02-04,PROD0050,WH-SOUTH,379,391,265,12,198.45,1.0,1
2024-02-05,PROD0050,WH-NORTH,979,377,51,12,68.56,2.6,1
2024-02-06,PROD0050,WH-NORTH,667,396,174,14,189.32,1.7,1
2024-02-07,PROD0050,WH-SOUTH,483,309,148,7,35.39,1.6,1
2024-02-08,PROD0050,WH-NORTH,855,391,106,2,76.26,2.2,1
2024-02-09,PROD0050,WH-EAST,1033,366,22,11,166.59,2.8,1
2024-02-10,PROD0050,WH-SOUTH,211,238,168,3,39.8,0.9,1
2024-02-11,PROD0050,WH-NORTH,1044,392,44,3,88.5,2.7,1
2024-02-12,PROD0050,WH-NORTH,748,283,34,13,133.32,2.6,1
2024-02-13,PROD0050,WH-SOUTH,769,436,180,4,181.37,1.8,1
2024-02-14,PROD0050,WH-SOUTH,486,453,291,14,152.18,1.1,1
2024-02-15,PROD0050,WH-SOUTH,738,288,42,8,101.35,2.6,1
2024-02-16,PROD0050,WH-NORTH,357,425,306,4,115.72,0.8,1
2024-02-17,PROD0050,WH-NORTH,1001,389,56,12,195.03,2.6,1
2024-02-18,PROD0050,WH-EAST,0,271,271,13,106.21,0.0,1
2024-02-19,PROD0050,WH-EAST,934,329,18,6,154.5,2.8,1
2024-02-20,PROD0050,WH-SOUTH,192,322,258,10,18.82,0.6,1
2024-02-21,PROD0050,WH-SOUTH,330,335,225,5,194.23,1.0,1
2024-02-22,PROD0050,WH-EAST,615,309,104,4,191.11,2.0,1
2024-02-23,PROD0050,WH-SOUTH,784,366,105,8,100.18,2.1,1
2024-02-24,PROD0050,WH-NORTH,752,288,38,2,19.78,2.6,1
2024-02-25,PROD0050,WH-NORTH,926,343,35,12,73.69,2.7,1
2024-02-26,PROD0050,WH-NORTH,441,487,340,11,78.57,0.9,1
2024-02-27,PROD0050,WH-SOUTH,793,335,71,4,51.48,2.4,1
2024-02-28,PROD0050,WH-NORTH,672,348,124,12,130.89,1.9,1
2024-02-29,PROD0050,WH-SOUTH,298,378,279,3,199.86,0.8,1
2024-03-01,PROD0050,WH-NORTH,683,274,47,5,41.4,2.5,1
2024-03-02,PROD0050,WH-SOUTH,461,410,257,6,159.29,1.1,1
2024-03-03,PROD0050,WH-NORTH,956,327,9,6,107.12,2.9,1
2024-03-04,PROD0050,WH-NORTH,738,355,109,12,42.29,2.1,1
2024-03-05,PROD0050,WH-EAST,685,273,45,3,63.3,2.5,1
2024-03-06,PROD0050,WH-NORTH,668,336,114,4,76.1,2.0,1
2024-03-07,PROD0050,WH-NORTH,376,355,230,3,13.88,1.1,1
2024-03-08,PROD0050,WH-EAST,869,258,0,2,86.86,3.4,0
2024-03-09,PROD0050,WH-EAST,468,415,259,9,8.55,1.1,1
2024-03-10,PROD0050,WH-NORTH,354,350,232,7,82.7,1.0,1
2024-03-11,PROD0050,WH-SOUTH,228,284,208,3,67.07,0.8,1
2024-03-12,PROD0050,WH-EAST,471,350,193,6,6.35,1.3,1
2024-03-13,PROD0050,WH-NORTH,967,238,0,9,21.23,4.1,0
2024-03-14,PROD0050,WH-EAST,348,433,317,9,197.01,0.8,1
2024-03-15,PROD0050,WH-EAST,776,375,117,2,56.26,2.1,1
2024-03-16,PROD0050,WH-NORTH,536,460,282,10,195.27,1.2,1
2024-03-17,PROD0050,WH-SOUTH,919,400,94,12,192.63,2.3,1
2024-03-18,PROD0050,WH-SOUTH,1047,243,0,13,52.21,4.3,0
2024-03-19,PROD0050,WH-NORTH,977,318,0,4,176.91,3.1,0
2024-03-20,PROD0050,WH-SOUTH,802,483,216,5,166.06,1.7,1
2024-03-21,PROD0050,WH-EAST,201,290,223,13,30.28,0.7,1
2024-03-22,PROD0050,WH-SOUTH,900,337,37,3,120.53,2.7,1
2024-03-23,PROD0050,WH-SOUTH,437,415,270,4,102.9,1.1,1
2024-03-24,PROD0050,WH-EAST,465,365,210,11,85.19,1.3,1
2024-03-25,PROD0050,WH-SOUTH,267,505,416,4,112.17,0.5,1
2024-03-26,PROD0050,WH-EAST,352,391,274,14,68.38,0.9,1
2024-03-27,PROD0050,WH-SOUTH,631,448,238,9,174.08,1.4,1
2024-03-28,PROD0050,WH-NORTH,447,321,172,4,181.94,1.4,1
2024-03-29,PROD0050,WH-NORTH,334,216,105,5,33.17,1.5,1
2024-03-30,PROD0050,WH-EAST,574,461,270,3,102.48,1.2,1
2024-03-31,PROD0050,WH-EAST,753,214,0,4,29.52,3.5,0
2024-04-01,PROD0050,WH-EAST,1031,287,0,9,45.59,3.6,0
2024-04-02,PROD0050,WH-SOUTH,436,400,255,9,95.85,1.1,1
2024-04-03,PROD0050,WH-SOUTH,686,327,99,5,78.9,2.1,1
2024-04-04,PROD0050,WH-NORTH,331,416,306,12,181.35,0.8,1
2024-04-05,PROD0050,WH-EAST,393,400,269,3,113.55,1.0,1
2024-04-06,PROD0050,WH-SOUTH,811,376,106,4,169.73,2.2,1
2024-04-07,PROD0050,WH-NORTH,229,448,372,13,64.11,0.5,1
2024-04-08,PROD0050,WH-NORTH,874,280,0,9,105.41,3.1,0
2024-04-09,PROD0050,WH-EAST,917,405,100,8,161.38,2.3,1
2024-04-10,PROD0050,WH-EAST,559,352,166,3,146.05,1.6,1
2024-04-11,PROD0050,WH-EAST,191,242,179,6,69.9,0.8,1
2024-04-12,PROD0050,WH-NORTH,649,315,99,4,183.79,2.1,1
2024-04-13,PROD0050,WH-NORTH,176,251,193,5,19.96,0.7,1
2024-04-14,PROD0050,WH-NORTH,1004,255,0,7,190.4,3.9,0
2024-04-15,PROD0050,WH-NORTH,238,326,247,4,189.34,0.7,1
2024-04-16,PROD0050,WH-NORTH,730,339,96,7,178.73,2.2,1
2024-04-17,PROD0050,WH-SOUTH,787,312,50,8,127.0,2.5,1
2024-04-18,PROD0050,WH-SOUTH,561,337,150,12,68.99,1.7,1
2024-04-19,PROD0050,WH-SOUTH,756,353,101,7,179.5,2.1,1
2024-04-20,PROD0050,WH-EAST,323,422,315,12,155.75,0.8,1
2024-04-21,PROD0050,WH-SOUTH,452,463,313,6,106.77,1.0,1
2024-04-22,PROD0050,WH-NORTH,383,358,231,10,48.34,1.1,1
2024-04-23,PROD0050,WH-EAST,206,115,47,13,25.87,1.8,1
2024-04-24,PROD0050,WH-EAST,999,194,0,11,102.71,5.1,0
2024-04-25,PROD0050,WH-EAST,330,410,300,9,85.84,0.8,1
2024-04-26,PROD0050,WH-EAST,707,224,0,13,166.62,3.2,0
2024-04-27,PROD0050,WH-SOUTH,895,406,108,5,58.46,2.2,1
2024-04-28,PROD0050,WH-NORTH,828,355,79,6,47.52,2.3,1
2024-04-29,PROD0050,WH-SOUTH,403,345,211,10,73.3,1.2,1
2024-04-30,PROD0050,WH-EAST,703,364,130,5,21.0,1.9,1
2024-05-01,PROD0050,WH-SOUTH,422,323,183,9,48.43,1.3,1
2024-05-02,PROD0050,WH-SOUTH,973,384,60,9,43.32,2.5,1
2024-05-03,PROD0050,WH-NORTH,495,269,104,12,119.59,1.8,1
2024-05-04,PROD0050,WH-NORTH,211,386,316,12,64.78,0.5,1
2024-05-05,PROD0050,WH-NORTH,923,330,23,8,40.01,2.8,1
2024-05-06,PROD0050,WH-NORTH,741,265,18,4,115.65,2.8,1
2024-05-07,PROD0050,WH-NORTH,998,425,93,10,31.81,2.3,1
2024-05-08,PROD0050,WH-SOUTH,440,314,168,5,144.4,1.4,1
2024-05-09,PROD0050,WH-NORTH,423,401,260,11,37.01,1.1,1
2024-05-10,PROD0050,WH-SOUTH,778,293,34,12,130.64,2.7,1
2024-05-11,PROD0050,WH-SOUTH,181,319,259,13,134.33,0.6,1
2024-05-12,PROD0050,WH-NORTH,579,326,133,7,108.32,1.8,1
2024-05-13,PROD0050,WH-EAST,320,248,142,13,45.17,1.3,1
2024-05-14,PROD0050,WH-SOUTH,526,323,148,11,23.2,1.6,1
2024-05-15,PROD0050,WH-SOUTH,406,322,187,9,187.29,1.3,1
2024-05-16,PROD0050,WH-NORTH,715,404,166,10,123.46,1.8,1
2024-05-17,PROD0050,WH-NORTH,256,330,245,14,104.77,0.8,1
2024-05-18,PROD0050,WH-NORTH,267,328,239,14,21.88,0.8,1
2024-05-19,PROD0050,WH-EAST,740,412,166,4,8.04,1.8,1
2024-05-20,PROD0050,WH-EAST,346,265,150,6,53.26,1.3,1
2024-05-21,PROD0050,WH-NORTH,795,345,80,4,179.23,2.3,1
2024-05-22,PROD0050,WH-NORTH,572,405,215,2,94.16,1.4,1
2024-05-23,PROD0050,WH-NORTH,929,403,94,9,89.83,2.3,1
2024-05-24,PROD0050,WH-NORTH,403,289,155,9,40.19,1.4,1
2024-05-25,PROD0050,WH-EAST,901,240,0,10,141.25,3.8,0
2024-05-26,PROD0050,WH-EAST,793,307,43,12,104.48,2.6,1
2024-05-27,PROD0050,WH-SOUTH,400,236,103,11,43.81,1.7,1
2024-05-28,PROD0050,WH-SOUTH,672,389,165,4,183.95,1.7,1
2024-05-29,PROD0050,WH-EAST,711,366,129,9,149.59,1.9,1
2024-05-30,PROD0050,WH-SOUTH,240,285,205,13,101.77,0.8,1
2024-05-31,PROD0050,WH-NORTH,912,256,0,10,62.42,3.6,0
2024-06-01,PROD0050,WH-EAST,872,495,205,9,132.9,1.8,1
2024-06-02,PROD0050,WH-SOUTH,570,303,113,13,27.81,1.9,1
2024-06-03,PROD0050,WH-NORTH,879,328,35,4,141.48,2.7,1
2024-06-04,PROD0050,WH-NORTH,1003,180,0,11,162.53,5.6,0
2024-06-05,PROD0050,WH-EAST,273,421,330,14,74.96,0.6,1
2024-06-06,PROD0050,WH-NORTH,491,353,190,11,24.5,1.4,1
2024-06-07,PROD0050,WH-SOUTH,401,361,228,7,164.37,1.1,1
2024-06-08,PROD0050,WH-SOUTH,921,388,81,7,186.85,2.4,1
2024-06-09,PROD0050,WH-EAST,440,306,160,10,82.87,1.4,1
2024-06-10,PROD0050,WH-NORTH,1020,307,0,9,43.33,3.3,0
2024-06-11,PROD0050,WH-SOUTH,1037,388,43,6,145.59,2.7,1
2024-06-12,PROD0050,WH-NORTH,767,360,105,12,22.58,2.1,1
2024-06-13,PROD0050,WH-SOUTH,592,365,168,5,79.23,1.6,1
2024-06-14,PROD0050,WH-NORTH,350,394,278,6,7.52,0.9,1
2024-06-15,PROD0050,WH-EAST,633,378,167,11,132.1,1.7,1
2024-06-16,PROD0050,WH-SOUTH,819,286,13,14,32.27,2.9,1
2024-06-17,PROD0050,WH-EAST,850,179,0,6,90.7,4.7,0
2024-06-18,PROD0050,WH-SOUTH,771,388,131,2,30.05,2.0,1
2024-06-19,PROD0050,WH-EAST,959,325,6,5,137.52,3.0,1
2024-06-20,PROD0050,WH-SOUTH,1032,401,57,11,24.47,2.6,1
2024-06-21,PROD0050,WH-NORTH,1030,250,0,12,193.34,4.1,0
2024-06-22,PROD0050,WH-EAST,183,480,419,7,104.01,0.4,1
2024-06-23,PROD0050,WH-SOUTH,815,304,33,3,96.99,2.7,1
2024-06-24,PROD0050,WH-NORTH,501,345,178,7,42.29,1.5,1
2024-06-25,PROD0050,WH-EAST,0,384,384,13,192.09,0.0,1
2024-06-26,PROD0050,WH-EAST,696,335,103,8,26.12,2.1,1
2024-06-27,PROD0050,WH-NORTH,608,325,123,6,40.69,1.9,1
2024-06-28,PROD0050,WH-NORTH,248,294,212,13,79.01,0.8,1
